sesion,num_votacion,expediente,score,metodo,bocg_serie,bocg_num,n_items,texto
2,1,,0.00,,,,0,"Proposición de los Grupos Parlamentarios Socialista, Plurinacional SUMAR, Republicano, Euskal Herria Bildu, Mixto y Vasc"
2,2,,0.00,,,,0,Acuerdo de tramitación directa y en lectura única de la Proposición de reforma del Reglamento del Congreso de los Diputa
3,1,,0.00,,,,0,"Proposición de reforma del Reglamento del Congreso de los Diputados.
Enmienda a la totalidad de texto alternativo número"
3,2,,0.00,,,,0,"Proposición de reforma del Reglamento del Congreso de los Diputados.
Enmienda número 2."
3,3,,0.00,,,,0,Proposición de reforma del Reglamento del Congreso de los Diputados.
3,4,,0.00,,,,0,"Proposición de reforma del Reglamento del Congreso de los Diputados.
Votación de conjunto de la Proposición de reforma d"
9,1,,0.00,,,,0,"Proposición de los Grupos Parlamentarios Popular en el Congreso, Socialista y Plurinacional SUMAR, de reforma del Reglam"
9,2,,0.00,,,,0,Acuerdo de tramitación directa y en lectura única de la Proposición de reforma del Reglamento del Congreso de los Diputa
9,3,,0.00,,,,0,Votación de la enmienda a la totalidad de texto alternativo a la Proposición de reforma del Reglamento del Congreso de l
9,4,,0.00,,,,0,"Solicitud de los Grupos Parlamentarios Popular en el Congreso, Socialista y Plurinacional SUMAR, de creación de una Comi"
9,5,,0.00,,,,0,Votación de conjunto de la Proposición de reforma del Reglamento del Congreso de los Diputados por la que se modifica el
11,2,,0.00,,,,0,"Proposición de Ley del Grupo Parlamentario VOX, Orgánica para la modificación de la Ley Orgánica 10/1995, de 23 de novie"
11,3,,0.00,,,,0,"Proposición no de Ley del Grupo Parlamentario Popular en el Congreso, sobre la ampliación norte del Puerto de Valencia.
"
11,4,,0.00,,,,0,"Proposición no de Ley del Grupo Parlamentario VOX, para impedir que miembros del Gobierno o cualquier autoridad o funcio"
11,5,,0.00,,,,0,Dación de Cuentas de la Diputación Permanente del Congreso de los Diputados de la XIV Legislatura a la Cámara de la XV.
11,6,,0.00,,,,0,"Solicitud de los Grupos Parlamentarios Junts per Catalunya y Vasco (EAJ-PNV), de creación de una Comisión de Investigaci"
11,7,,0.00,,,,0,"Solicitud de los Grupos Parlamentarios Junts per Catalunya y Vasco (EAJ-PNV), de creación de una Comisión de Investigaci"
11,8,,0.00,,,,0,"Solicitud de los Grupos Parlamentarios Republicano, Euskal Herria Bildu y Mixto, de creación de una Comisión de Investig"
13,1,122/000006,0.92,orden_dia,,,8,"Proposición de Ley del Grupo Parlamentario Plurinacional SUMAR, Orgánica de reforma de la Ley Orgánica 10/1995, de 23 de"
13,2,122/000007,0.89,orden_dia,,,8,"Proposición de Ley del Grupo Parlamentario Republicano, para garantizar el derecho a la autonomía de la voluntad de los "
13,3,162/000080,0.62,orden_dia,D,48,8,"Proposición no de Ley del Grupo Parlamentario Socialista, sobre un Pacto de Estado por la Salud Mental.
Se vota en los t"
13,4,162/000014,0.53,orden_dia,D,20,8,"Proposición no de Ley del Grupo Parlamentario Plurinacional SUMAR, sobre la reapertura de la línea ferroviaria internaci"
13,5,173/000001,0.82,orden_dia,,,8,"Moción consecuencia de interpelación urgente del Grupo Parlamentario Mixto (Sr. Rego Candamil), relativa a la aplicación"
13,6,173/000002,0.81,orden_dia,,,8,"Moción consecuencia de interpelación urgente del Grupo Parlamentario VOX, sobre las medidas que va a llevar a cabo el Go"
13,7,173/000003,0.81,orden_dia,,,8,"Moción consecuencia de interpelación urgente del Grupo Parlamentario Popular en el Congreso, sobre las gestiones, actuac"
13,8,173/000003,0.81,orden_dia,,,8,"Moción consecuencia de interpelación urgente del Grupo Parlamentario Popular en el Congreso, sobre las gestiones, actuac"
13,9,173/000003,0.81,orden_dia,,,8,"Moción consecuencia de interpelación urgente del Grupo Parlamentario Popular en el Congreso, sobre las gestiones, actuac"
13,10,173/000003,0.81,orden_dia,,,8,"Moción consecuencia de interpelación urgente del Grupo Parlamentario Popular en el Congreso, sobre las gestiones, actuac"
13,11,173/000003,0.81,orden_dia,,,8,"Moción consecuencia de interpelación urgente del Grupo Parlamentario Popular en el Congreso, sobre las gestiones, actuac"
13,12,173/000003,0.81,orden_dia,,,8,"Moción consecuencia de interpelación urgente del Grupo Parlamentario Popular en el Congreso, sobre las gestiones, actuac"
13,13,155/000003,0.88,orden_dia,,,8,Dictamen de la Comisión del Estatuto de los Diputados sobre declaración de actividades de Excmos. Sres. Diputados.
13,14,155/000003,1.00,orden_dia,,,8,"Solicitud de los Grupos Parlamentarios Popular en el Congreso, Socialista y Plurinacional SUMAR, de creación de una Comi"
15,1,130/000001,1.00,orden_dia,,,6,"Real Decreto-ley 6/2023, de 19 de diciembre, por el que se aprueban medidas urgentes para la ejecución del Plan de Recup"
15,2,130/000001,0.82,orden_dia,,,6,"Tramitación como proyecto de ley por el procedimiento de urgencia del Real Decreto-ley 6/2023, de 19 de diciembre, por e"
15,3,130/000002,0.88,orden_dia,,,6,"Real Decreto-ley 7/2023, de 19 de diciembre, por el que se adoptan medidas urgentes, para completar la transposición de "
15,4,130/000003,0.88,orden_dia,,,6,"Real Decreto-ley 8/2023, de 27 de diciembre, por el que se adoptan medidas para afrontar las consecuencias económicas y "
15,5,430/000002,0.85,orden_dia,,,6,Acuerdo del Gobierno por el que se fijan los objetivos de estabilidad presupuestaria y de deuda pública para el conjunto
15,6,430/000001,0.92,orden_dia,,,6,Acuerdo del Gobierno por el que se remite a las Cortes Generales el Plan de Reequilibrio previsto en la Ley Orgánica 2/2
15,7,122/000019,0.53,orden_dia,,,6,"Proposición de Ley Orgánica de amnistía para la normalización institucional, política y social en Cataluña.
Enmienda a l"
15,10,130/000003,0.70,orden_dia,,,6,"Tramitación como proyecto de ley por el procedimiento de urgencia del Real Decreto-ley 8/2023, de 27 de diciembre, por e"
16,1,100/000001,0.90,orden_dia,B,56,2,"Proposición de los Grupos Parlamentarios Popular en el Congreso y Socialista, de Reforma del artículo 49 de la Constituc"
16,2,100/000001,1.00,orden_dia,B,56,2,Acuerdo de tramitación directa y en lectura única de la Proposición de Reforma del artículo 49 de la Constitución Españo
18,1,122/000019,1.00,orden_dia,,,1,"Proposición de Ley Orgánica de amnistía para la normalización institucional, política y social en Cataluña."
18,2,122/000019,1.00,orden_dia,,,1,"Proposición de Ley Orgánica de amnistía para la normalización institucional, política y social en Cataluña."
18,3,122/000019,1.00,orden_dia,,,1,"Proposición de Ley Orgánica de amnistía para la normalización institucional, política y social en Cataluña."
18,4,,0.47,,,,1,"Proposición de Ley Orgánica de amnistía para la normalización institucional, política y social en Cataluña.
Enmienda tra"
18,5,,0.42,,,,1,"Proposición de Ley Orgánica de amnistía para la normalización institucional, política y social en Cataluña.
Enmienda tra"
18,6,,0.47,,,,1,"Proposición de Ley Orgánica de amnistía para la normalización institucional, política y social en Cataluña.
Enmienda tra"
18,7,122/000019,1.00,orden_dia,,,1,"Proposición de Ley Orgánica de amnistía para la normalización institucional, política y social en Cataluña."
18,8,,0.47,,,,1,"Proposición de Ley Orgánica de amnistía para la normalización institucional, política y social en Cataluña.
Enmienda tra"
18,9,122/000019,0.80,orden_dia,,,1,"Proposición de Ley Orgánica de amnistía para la normalización institucional, política y social en Cataluña.
Votación del"
19,1,,0.43,,,,7,"Del Parlamento de Cataluña, de garantía del servicio de cajero automático en los municipios en riesgo de exclusión finan"
19,2,122/000017,0.94,orden_dia,,,7,"Del Grupo Parlamentario Popular en el Congreso, Orgánica sobre crímenes de ETA sin resolver y sus víctimas para el cumpl"
19,3,162/000102,0.80,orden_dia,D,72,7,"Del Grupo Parlamentario Popular en el Congreso, relativa a las actuaciones que el Gobierno debe tomar en relación con la"
19,4,162/000108,0.87,orden_dia,D,77,7,"Del Grupo Parlamentario Socialista, para el apoyo a la cadena de valor del sector del automóvil y despliegue del vehícul"
19,5,173/000004,0.54,orden_dia,,,7,"Del Grupo Parlamentario Republicano, en relación con el despliegue y desarrollo de la Ley 20/2022, de 19 de octubre, de "
19,6,173/000005,0.87,orden_dia,,,7,"Del Grupo Parlamentario VOX, sobre la planificación y asistencia sanitaria que va a desarrollar la Ministra de Sanidad p"
19,7,173/000006,0.82,orden_dia,,,7,"Del Grupo Parlamentario Popular en el Congreso, sobre las medidas que piensa adoptar el Gobierno para cumplir la Ley Org"
21,1,122/000018,0.71,orden_dia,B,31,6,"Proposición de Ley del Grupo Parlamentario VOX, Orgánica para garantizar la unidad de España."
21,2,122/000016,0.81,orden_dia,,,6,"Proposición de Ley del Grupo Parlamentario Plurinacional SUMAR, Orgánica de reforma de la Ley Orgánica 6/1985, de 1 de j"
23,1,162/000115,0.82,orden_dia,D,82,7,"Proposición no de Ley del Grupo Parlamentario VOX, para la defensa de los transportistas y agricultores españoles ante l"
23,2,162/000129,0.82,orden_dia,D,87,7,"Proposición no de Ley del Grupo Parlamentario SUMAR, relativa a la reducción de la jornada máxima legal de trabajo ordin"
23,3,173/000007,0.85,orden_dia,,,7,"Moción consecuencia de interpelación urgente del Grupo Parlamentario VOX, sobre las medidas que va a impulsar el Gobiern"
23,4,173/000007,0.85,orden_dia,,,7,"Moción consecuencia de interpelación urgente del Grupo Parlamentario VOX, sobre las medidas que va a impulsar el Gobiern"
23,5,173/000007,0.85,orden_dia,,,7,"Moción consecuencia de interpelación urgente del Grupo Parlamentario VOX, sobre las medidas que va a impulsar el Gobiern"
23,6,173/000007,0.85,orden_dia,,,7,"Moción consecuencia de interpelación urgente del Grupo Parlamentario VOX, sobre las medidas que va a impulsar el Gobiern"
23,7,173/000007,0.85,orden_dia,,,7,"Moción consecuencia de interpelación urgente del Grupo Parlamentario VOX, sobre las medidas que va a impulsar el Gobiern"
23,8,173/000007,0.85,orden_dia,,,7,"Moción consecuencia de interpelación urgente del Grupo Parlamentario VOX, sobre las medidas que va a impulsar el Gobiern"
23,9,173/000007,0.85,orden_dia,,,7,"Moción consecuencia de interpelación urgente del Grupo Parlamentario VOX, sobre las medidas que va a impulsar el Gobiern"
23,10,173/000007,0.85,orden_dia,,,7,"Moción consecuencia de interpelación urgente del Grupo Parlamentario VOX, sobre las medidas que va a impulsar el Gobiern"
23,11,173/000007,0.85,orden_dia,,,7,"Moción consecuencia de interpelación urgente del Grupo Parlamentario VOX, sobre las medidas que va a impulsar el Gobiern"
23,12,173/000007,0.85,orden_dia,,,7,"Moción consecuencia de interpelación urgente del Grupo Parlamentario VOX, sobre las medidas que va a impulsar el Gobiern"
23,13,173/000007,0.85,orden_dia,,,7,"Moción consecuencia de interpelación urgente del Grupo Parlamentario VOX, sobre las medidas que va a impulsar el Gobiern"
23,14,173/000007,0.85,orden_dia,,,7,"Moción consecuencia de interpelación urgente del Grupo Parlamentario VOX, sobre las medidas que va a impulsar el Gobiern"
23,15,173/000007,0.85,orden_dia,,,7,"Moción consecuencia de interpelación urgente del Grupo Parlamentario VOX, sobre las medidas que va a impulsar el Gobiern"
23,16,173/000008,0.82,orden_dia,,,7,"Moción consecuencia de interpelación urgente del Grupo Parlamentario Popular en el Congreso, sobre cómo piensa el Gobier"
23,17,121/000001,0.53,orden_dia,A,1,7,Votación de la enmienda a la totalidad de devolución al Proyecto de Ley Orgánica de representación paritaria y presencia
23,18,121/000005,0.62,orden_dia,,,7,Votación de la solicitud de avocación por el Pleno de la Cámara de la deliberación y votación final del Proyecto de Ley 
24,1,122/000005,0.89,orden_dia,B,4,7,"Proposición de Ley del Grupo Parlamentario Vasco (EAJ-PNV), de reforma de la Ley 9/1968, de 5 de abril, sobre secretos o"
24,2,122/000024,0.86,orden_dia,B,38,7,"Proposición de Ley del Grupo Parlamentario VOX, Orgánica por la que se modifica la Ley Orgánica 6/1985, de 1 de julio, d"
26,1,162/000090,0.83,orden_dia,,,11,"Proposición no de Ley del Grupo Parlamentario Vasco (EAJ-PNV), relativa a impulsar proyectos de transformación económica"
26,2,162/000090,0.83,orden_dia,,,11,"Proposición no de Ley del Grupo Parlamentario Vasco (EAJ-PNV), relativa a impulsar proyectos de transformación económica"
26,3,162/000090,0.83,orden_dia,,,11,"Proposición no de Ley del Grupo Parlamentario Vasco (EAJ-PNV), relativa a impulsar proyectos de transformación económica"
26,4,162/000090,0.83,orden_dia,,,11,"Proposición no de Ley del Grupo Parlamentario Vasco (EAJ-PNV), relativa a impulsar proyectos de transformación económica"
26,5,162/000089,0.92,orden_dia,D,63,11,"Proposición no de Ley del Grupo Parlamentario Mixto (Sra. Belarra), relativa a las medidas a adoptar por el Gobierno de "
26,6,162/000089,0.92,orden_dia,D,63,11,"Proposición no de Ley del Grupo Parlamentario Mixto (Sra. Belarra), relativa a las medidas a adoptar por el Gobierno de "
26,7,162/000089,0.92,orden_dia,D,63,11,"Proposición no de Ley del Grupo Parlamentario Mixto (Sra. Belarra), relativa a las medidas a adoptar por el Gobierno de "
26,8,162/000089,0.92,orden_dia,D,63,11,"Proposición no de Ley del Grupo Parlamentario Mixto (Sra. Belarra), relativa a las medidas a adoptar por el Gobierno de "
26,9,162/000089,0.92,orden_dia,D,63,11,"Proposición no de Ley del Grupo Parlamentario Mixto (Sra. Belarra), relativa a las medidas a adoptar por el Gobierno de "
26,10,162/000089,0.92,orden_dia,D,63,11,"Proposición no de Ley del Grupo Parlamentario Mixto (Sra. Belarra), relativa a las medidas a adoptar por el Gobierno de "
26,11,162/000089,0.92,orden_dia,D,63,11,"Proposición no de Ley del Grupo Parlamentario Mixto (Sra. Belarra), relativa a las medidas a adoptar por el Gobierno de "
26,12,173/000009,0.79,orden_dia,,,11,"Moción consecuencia de interpelación urgente del Grupo Parlamentario Mixto (Sr. Catalán), sobre las medidas que va a ado"
26,13,173/000010,0.70,orden_dia,,,11,"Moción consecuencia de interpelación urgente del Grupo Parlamentario Junts per Catalunya, sobre la situación del Delta d"
26,14,173/000011,0.74,orden_dia,,,11,"Moción consecuencia de interpelación urgente del Grupo Parlamentario Popular en el Congreso, relativa a la escasez de me"
26,15,173/000012,0.88,orden_dia,,,11,"Moción consecuencia de interpelación urgente del Grupo Parlamentario VOX, sobre las actuaciones que va a llevar a cabo e"
26,16,430/000004,0.85,orden_dia,D,92,11,Acuerdo del Gobierno por el que se fijan los objetivos de estabilidad presupuestaria y de deuda pública para el conjunto
26,17,430/000003,0.92,orden_dia,D,92,11,Acuerdo del Gobierno por el que se remite a las Cortes Generales el Plan de Reequilibrio previsto en la Ley Orgánica 2/2
26,18,110/000001,0.53,orden_dia,A,7,11,Votación de la Propuesta con consideración de enmienda a la totalidad presentada por el Grupo Parlamentario Popular en e
26,19,121/000007,0.72,orden_dia,A,7,11,Solicitud de avocación por el Pleno de la Cámara de la deliberación y votación final del Proyecto de Ley por la que se c
27,1,125/000003,0.94,orden_dia,,,6,"Proposición de Ley de la Asamblea de Madrid, de modificación de la Ley Orgánica 6/1985, de 1 de julio, del Poder Judicia"
27,2,122/000027,0.71,orden_dia,B,41,6,"Proposición de Ley del Grupo Parlamentario Popular en el Congreso, Orgánica para la atención integral de las necesidades"
29,1,,0.09,,,,7,"Proposición de Ley Orgánica de amnistía para la normalización institucional, política y social en Cataluña.
Votación del"
29,2,121/000005,1.00,orden_dia,A,5,7,Proyecto de Ley por la que se regulan las enseñanzas artísticas superiores y se establece la organización y equivalencia
29,3,121/000005,1.00,orden_dia,A,5,7,Proyecto de Ley por la que se regulan las enseñanzas artísticas superiores y se establece la organización y equivalencia
29,4,121/000005,1.00,orden_dia,A,5,7,Proyecto de Ley por la que se regulan las enseñanzas artísticas superiores y se establece la organización y equivalencia
29,5,121/000005,1.00,orden_dia,A,5,7,Proyecto de Ley por la que se regulan las enseñanzas artísticas superiores y se establece la organización y equivalencia
29,6,121/000005,1.00,orden_dia,A,5,7,Proyecto de Ley por la que se regulan las enseñanzas artísticas superiores y se establece la organización y equivalencia
29,7,121/000005,1.00,orden_dia,A,5,7,Proyecto de Ley por la que se regulan las enseñanzas artísticas superiores y se establece la organización y equivalencia
29,8,121/000005,1.00,orden_dia,A,5,7,Proyecto de Ley por la que se regulan las enseñanzas artísticas superiores y se establece la organización y equivalencia
29,9,121/000005,1.00,orden_dia,A,5,7,Proyecto de Ley por la que se regulan las enseñanzas artísticas superiores y se establece la organización y equivalencia
29,10,121/000005,1.00,orden_dia,A,5,7,Proyecto de Ley por la que se regulan las enseñanzas artísticas superiores y se establece la organización y equivalencia
29,11,121/000005,1.00,orden_dia,A,5,7,Proyecto de Ley por la que se regulan las enseñanzas artísticas superiores y se establece la organización y equivalencia
29,12,121/000005,1.00,orden_dia,A,5,7,Proyecto de Ley por la que se regulan las enseñanzas artísticas superiores y se establece la organización y equivalencia
29,13,121/000005,1.00,orden_dia,A,5,7,Proyecto de Ley por la que se regulan las enseñanzas artísticas superiores y se establece la organización y equivalencia
29,14,121/000005,1.00,orden_dia,A,5,7,Proyecto de Ley por la que se regulan las enseñanzas artísticas superiores y se establece la organización y equivalencia
29,15,121/000005,1.00,orden_dia,A,5,7,Proyecto de Ley por la que se regulan las enseñanzas artísticas superiores y se establece la organización y equivalencia
29,16,121/000005,1.00,orden_dia,A,5,7,Proyecto de Ley por la que se regulan las enseñanzas artísticas superiores y se establece la organización y equivalencia
29,17,121/000005,1.00,orden_dia,A,5,7,Proyecto de Ley por la que se regulan las enseñanzas artísticas superiores y se establece la organización y equivalencia
29,18,121/000005,1.00,orden_dia,A,5,7,Proyecto de Ley por la que se regulan las enseñanzas artísticas superiores y se establece la organización y equivalencia
29,19,121/000005,1.00,orden_dia,A,5,7,Proyecto de Ley por la que se regulan las enseñanzas artísticas superiores y se establece la organización y equivalencia
29,20,121/000005,1.00,orden_dia,A,5,7,Proyecto de Ley por la que se regulan las enseñanzas artísticas superiores y se establece la organización y equivalencia
29,21,121/000005,1.00,orden_dia,A,5,7,Proyecto de Ley por la que se regulan las enseñanzas artísticas superiores y se establece la organización y equivalencia
29,22,121/000005,1.00,orden_dia,A,5,7,Proyecto de Ley por la que se regulan las enseñanzas artísticas superiores y se establece la organización y equivalencia
29,23,121/000005,1.00,orden_dia,A,5,7,Proyecto de Ley por la que se regulan las enseñanzas artísticas superiores y se establece la organización y equivalencia
29,24,121/000005,1.00,orden_dia,A,5,7,Proyecto de Ley por la que se regulan las enseñanzas artísticas superiores y se establece la organización y equivalencia
29,25,121/000005,1.00,orden_dia,A,5,7,Proyecto de Ley por la que se regulan las enseñanzas artísticas superiores y se establece la organización y equivalencia
29,26,121/000005,1.00,orden_dia,A,5,7,Proyecto de Ley por la que se regulan las enseñanzas artísticas superiores y se establece la organización y equivalencia
29,27,121/000005,1.00,orden_dia,A,5,7,Proyecto de Ley por la que se regulan las enseñanzas artísticas superiores y se establece la organización y equivalencia
29,28,121/000005,1.00,orden_dia,A,5,7,Proyecto de Ley por la que se regulan las enseñanzas artísticas superiores y se establece la organización y equivalencia
29,29,121/000005,0.64,orden_dia,A,5,7,Proyecto de Ley por la que se regulan las enseñanzas artísticas superiores y se establece la organización y equivalencia
29,30,121/000005,0.60,orden_dia,A,5,7,Proyecto de Ley por la que se regulan las enseñanzas artísticas superiores y se establece la organización y equivalencia
29,31,162/000087,0.50,orden_dia,D,63,7,"Proposición no de Ley del Grupo Parlamentario Popular en el Congreso, relativa al impulso de la red ferroviaria de Alta "
29,32,162/000078,0.73,orden_dia,D,48,7,"Proposición no de Ley del Grupo Parlamentario Socialista, sobre la movilidad sostenible y el fomento del uso de la bicic"
29,33,173/000013,0.62,orden_dia,,,7,"Moción consecuencia de interpelación urgente del Grupo Parlamentario VOX, sobre las políticas que va a desarrollar el Mi"
29,34,173/000014,0.87,orden_dia,,,7,"Moción consecuencia de interpelación urgente del Grupo Parlamentario Mixto (Sra. Belarra), en relación con la política g"
29,35,173/000014,0.87,orden_dia,,,7,"Moción consecuencia de interpelación urgente del Grupo Parlamentario Mixto (Sra. Belarra), en relación con la política g"
29,36,173/000014,0.87,orden_dia,,,7,"Moción consecuencia de interpelación urgente del Grupo Parlamentario Mixto (Sra. Belarra), en relación con la política g"
29,37,173/000014,0.87,orden_dia,,,7,"Moción consecuencia de interpelación urgente del Grupo Parlamentario Mixto (Sra. Belarra), en relación con la política g"
29,38,173/000014,0.87,orden_dia,,,7,"Moción consecuencia de interpelación urgente del Grupo Parlamentario Mixto (Sra. Belarra), en relación con la política g"
29,39,173/000014,0.87,orden_dia,,,7,"Moción consecuencia de interpelación urgente del Grupo Parlamentario Mixto (Sra. Belarra), en relación con la política g"
29,40,173/000014,0.87,orden_dia,,,7,"Moción consecuencia de interpelación urgente del Grupo Parlamentario Mixto (Sra. Belarra), en relación con la política g"
29,41,173/000014,0.87,orden_dia,,,7,"Moción consecuencia de interpelación urgente del Grupo Parlamentario Mixto (Sra. Belarra), en relación con la política g"
29,42,173/000014,0.87,orden_dia,,,7,"Moción consecuencia de interpelación urgente del Grupo Parlamentario Mixto (Sra. Belarra), en relación con la política g"
29,43,173/000014,0.87,orden_dia,,,7,"Moción consecuencia de interpelación urgente del Grupo Parlamentario Mixto (Sra. Belarra), en relación con la política g"
29,44,173/000014,0.87,orden_dia,,,7,"Moción consecuencia de interpelación urgente del Grupo Parlamentario Mixto (Sra. Belarra), en relación con la política g"
29,45,173/000014,0.87,orden_dia,,,7,"Moción consecuencia de interpelación urgente del Grupo Parlamentario Mixto (Sra. Belarra), en relación con la política g"
29,46,173/000014,0.87,orden_dia,,,7,"Moción consecuencia de interpelación urgente del Grupo Parlamentario Mixto (Sra. Belarra), en relación con la política g"
29,47,173/000014,0.87,orden_dia,,,7,"Moción consecuencia de interpelación urgente del Grupo Parlamentario Mixto (Sra. Belarra), en relación con la política g"
29,48,173/000014,0.87,orden_dia,,,7,"Moción consecuencia de interpelación urgente del Grupo Parlamentario Mixto (Sra. Belarra), en relación con la política g"
29,49,173/000014,0.87,orden_dia,,,7,"Moción consecuencia de interpelación urgente del Grupo Parlamentario Mixto (Sra. Belarra), en relación con la política g"
29,50,173/000015,0.78,orden_dia,,,7,"Moción consecuencia de interpelación urgente del Grupo Parlamentario Popular en el Congreso, relativa a la responsabilid"
29,51,121/000005,0.82,orden_dia,A,5,7,Votación del Dictamen del Proyecto de Ley por la que se regulan las enseñanzas artísticas superiores y se establece la o
29,52,121/000004,0.55,orden_dia,A,4,7,Votación de las solicitudes de avocación por el Pleno de la Cámara de la deliberación y votación final del Proyecto de L
30,1,122/000019,0.73,orden_dia,B,32,1,"Proposición de Ley Orgánica de amnistía para la normalización institucional, política y social en Cataluña.
Votación del"
31,1,410/000005,0.90,orden_dia,B,73,5,"Proposición de los Grupos Parlamentarios Socialista y Plurinacional SUMAR, de reforma del Reglamento del Congreso de los"
31,2,122/000058,0.73,orden_dia,B,68,5,"Proposición de Ley del Grupo Parlamentario Junts per Catalunya, para mejorar la calidad de vida de las personas con escl"
33,1,162/000105,0.94,orden_dia,D,77,19,"Proposición no de Ley del Grupo Parlamentario Popular en el Congreso, sobre la adopción de medidas para garantizar unas "
33,2,162/000147,0.82,orden_dia,,,19,"Proposición no de Ley del Grupo Parlamentario Socialista, sobre una Estrategia Nacional frente a la soledad no deseada.
"
33,3,173/000016,0.62,orden_dia,,,19,"Moción consecuencia de interpelación urgente del Grupo Parlamentario Republicano, sobre la rendición de cuentas por las "
33,4,173/000017,0.73,orden_dia,,,19,"Moción consecuencia de interpelación urgente del Grupo Parlamentario Popular en el Congreso, sobre las medidas que va a "
33,5,173/000018,0.73,orden_dia,,,19,"Moción consecuencia de interpelación urgente del Grupo Parlamentario VOX, sobre las medidas que el Ministerio de Haciend"
33,6,173/000018,0.73,orden_dia,,,19,"Moción consecuencia de interpelación urgente del Grupo Parlamentario VOX, sobre las medidas que el Ministerio de Haciend"
33,7,173/000018,0.73,orden_dia,,,19,"Moción consecuencia de interpelación urgente del Grupo Parlamentario VOX, sobre las medidas que el Ministerio de Haciend"
33,8,173/000018,0.73,orden_dia,,,19,"Moción consecuencia de interpelación urgente del Grupo Parlamentario VOX, sobre las medidas que el Ministerio de Haciend"
33,9,110/000001,1.00,orden_dia,A,7,19,"Denuncia del Tratado de la Carta de la Energía, hecho en Lisboa el 17 de diciembre de 1994."
33,10,110/000002,0.91,orden_dia,A,11,19,"Convenio de Seguridad Social entre el Reino de España y la República de Moldavia, hecho en Madrid el 21 de julio de 2022"
33,11,110/000004,0.79,orden_dia,A,13,19,"Acuerdo sobre la conservación de las poblaciones de murciélagos en Europa, hecho en Londres el 4 de diciembre de 1991, y"
33,12,110/000006,1.00,orden_dia,A,16,19,"Actas del XXVII Congreso de la Unión Postal Universal (UPU), adoptadas en Abidjan el 27 de agosto de 2021."
33,13,110/000003,0.88,orden_dia,,,19,"Convenio sobre seguridad y salud en la construcción, hecho en Ginebra el 22 de junio de 1988."
33,14,156/000005,0.96,orden_dia,,,19,"Solicitud del Sr. López Álvarez y otros 72 Diputados, de creación de una Comisión de Investigación sobre los hechos, res"
33,15,158/000001,0.92,orden_dia,D,102,19,"Propuesta de la Comisión de Sanidad, de creación de una Subcomisión para mejorar la protección, la promoción y la atenci"
33,16,121/000002,0.71,orden_dia,A,2,19,Votación de la solicitud de avocación por el Pleno de la Cámara de la deliberación y votación final del Proyecto de Ley 
33,17,121/000003,0.86,orden_dia,A,3,19,Votación de la solicitud de avocación por el Pleno de la Cámara de la deliberación y votación final del Proyecto de Ley 
33,18,121/000008,0.73,orden_dia,,,19,Votación de la solicitud de avocación por el Pleno de la Cámara de la deliberación y votación final del Proyecto de Ley 
33,19,042/000011,1.00,orden_dia,,,19,Dictamen de la Comisión del Estatuto de los Diputados sobre declaración de actividades de Excmos. Sres. Diputados.
34,1,120/000004,0.91,orden_dia,B,11,6,Proposición de Ley para una regularización extraordinaria para personas extranjeras en España (corresponde al número de 
34,2,122/000055,0.90,orden_dia,,,6,"Proposición de Ley del Grupo Parlamentario Mixto, para una correcta imposición de los beneficios caídos del cielo de la "
34,3,162/000167,0.92,orden_dia,D,111,6,"Proposición no de Ley del Grupo Parlamentario Euskal Herria Bildu, relativa a las medidas para asegurar el derecho efect"
34,4,162/000167,0.92,orden_dia,D,111,6,"Proposición no de Ley del Grupo Parlamentario Euskal Herria Bildu, relativa a las medidas para asegurar el derecho efect"
34,5,162/000167,0.92,orden_dia,D,111,6,"Proposición no de Ley del Grupo Parlamentario Euskal Herria Bildu, relativa a las medidas para asegurar el derecho efect"
34,6,162/000167,0.92,orden_dia,D,111,6,"Proposición no de Ley del Grupo Parlamentario Euskal Herria Bildu, relativa a las medidas para asegurar el derecho efect"
34,7,162/000167,0.92,orden_dia,D,111,6,"Proposición no de Ley del Grupo Parlamentario Euskal Herria Bildu, relativa a las medidas para asegurar el derecho efect"
34,8,162/000167,0.92,orden_dia,D,111,6,"Proposición no de Ley del Grupo Parlamentario Euskal Herria Bildu, relativa a las medidas para asegurar el derecho efect"
34,9,162/000167,0.92,orden_dia,D,111,6,"Proposición no de Ley del Grupo Parlamentario Euskal Herria Bildu, relativa a las medidas para asegurar el derecho efect"
34,10,162/000167,0.92,orden_dia,D,111,6,"Proposición no de Ley del Grupo Parlamentario Euskal Herria Bildu, relativa a las medidas para asegurar el derecho efect"
34,11,162/000167,0.92,orden_dia,D,111,6,"Proposición no de Ley del Grupo Parlamentario Euskal Herria Bildu, relativa a las medidas para asegurar el derecho efect"
34,12,162/000073,0.70,orden_dia,D,48,6,"Proposición no de Ley del Grupo Parlamentario Popular en el Congreso, para deflactar el IRPF ajustándolo a la inflación "
34,13,173/000019,0.65,orden_dia,,,6,"Moción consecuencia de interpelación urgente del Grupo Parlamentario VOX, sobre las medidas que va a adoptar el Gobierno"
34,14,173/000020,0.86,orden_dia,,,6,"Moción consecuencia de interpelación urgente del Grupo Parlamentario Popular en el Congreso, sobre el impacto de las pol"
34,15,173/000020,0.86,orden_dia,,,6,"Moción consecuencia de interpelación urgente del Grupo Parlamentario Popular en el Congreso, sobre el impacto de las pol"
34,16,173/000020,0.86,orden_dia,,,6,"Moción consecuencia de interpelación urgente del Grupo Parlamentario Popular en el Congreso, sobre el impacto de las pol"
34,17,173/000020,0.86,orden_dia,,,6,"Moción consecuencia de interpelación urgente del Grupo Parlamentario Popular en el Congreso, sobre el impacto de las pol"
34,18,173/000020,0.86,orden_dia,,,6,"Moción consecuencia de interpelación urgente del Grupo Parlamentario Popular en el Congreso, sobre el impacto de las pol"
34,19,173/000020,0.86,orden_dia,,,6,"Moción consecuencia de interpelación urgente del Grupo Parlamentario Popular en el Congreso, sobre el impacto de las pol"
36,1,122/000070,0.92,orden_dia,B,82,9,"Proposición de Ley del Grupo Parlamentario Socialista, para la atención integral de las personas afectadas por enfermeda"
36,2,122/000052,0.86,orden_dia,B,62,9,"Proposición de Ley del Grupo Parlamentario Popular en el Congreso, relativa a la conservación del lobo en España y su co"
36,3,162/000168,0.62,orden_dia,D,111,9,"Proposición no de Ley del Grupo Parlamentario Socialista, relativa a apoyar la vital labor de la UNRWA.

Se vota en los "
36,4,162/000117,0.89,orden_dia,D,82,9,"Proposición no de Ley del Grupo Parlamentario VOX, para bloquear la invasión inmigratoria ilegal que amenaza a España."
36,5,162/000117,0.89,orden_dia,D,82,9,"Proposición no de Ley del Grupo Parlamentario VOX, para bloquear la invasión inmigratoria ilegal que amenaza a España."
36,6,162/000117,0.89,orden_dia,D,82,9,"Proposición no de Ley del Grupo Parlamentario VOX, para bloquear la invasión inmigratoria ilegal que amenaza a España."
36,7,162/000117,0.89,orden_dia,D,82,9,"Proposición no de Ley del Grupo Parlamentario VOX, para bloquear la invasión inmigratoria ilegal que amenaza a España."
36,8,162/000117,0.89,orden_dia,D,82,9,"Proposición no de Ley del Grupo Parlamentario VOX, para bloquear la invasión inmigratoria ilegal que amenaza a España."
36,9,162/000117,0.89,orden_dia,D,82,9,"Proposición no de Ley del Grupo Parlamentario VOX, para bloquear la invasión inmigratoria ilegal que amenaza a España."
36,10,162/000117,0.89,orden_dia,D,82,9,"Proposición no de Ley del Grupo Parlamentario VOX, para bloquear la invasión inmigratoria ilegal que amenaza a España."
36,11,162/000117,0.89,orden_dia,D,82,9,"Proposición no de Ley del Grupo Parlamentario VOX, para bloquear la invasión inmigratoria ilegal que amenaza a España."
36,12,162/000117,0.89,orden_dia,D,82,9,"Proposición no de Ley del Grupo Parlamentario VOX, para bloquear la invasión inmigratoria ilegal que amenaza a España."
36,13,162/000117,0.89,orden_dia,D,82,9,"Proposición no de Ley del Grupo Parlamentario VOX, para bloquear la invasión inmigratoria ilegal que amenaza a España."
36,14,162/000117,0.89,orden_dia,D,82,9,"Proposición no de Ley del Grupo Parlamentario VOX, para bloquear la invasión inmigratoria ilegal que amenaza a España."
36,15,162/000117,0.89,orden_dia,D,82,9,"Proposición no de Ley del Grupo Parlamentario VOX, para bloquear la invasión inmigratoria ilegal que amenaza a España."
36,16,162/000117,0.89,orden_dia,D,82,9,"Proposición no de Ley del Grupo Parlamentario VOX, para bloquear la invasión inmigratoria ilegal que amenaza a España."
36,17,162/000117,0.89,orden_dia,D,82,9,"Proposición no de Ley del Grupo Parlamentario VOX, para bloquear la invasión inmigratoria ilegal que amenaza a España."
36,18,162/000117,0.89,orden_dia,D,82,9,"Proposición no de Ley del Grupo Parlamentario VOX, para bloquear la invasión inmigratoria ilegal que amenaza a España."
36,19,162/000117,0.89,orden_dia,D,82,9,"Proposición no de Ley del Grupo Parlamentario VOX, para bloquear la invasión inmigratoria ilegal que amenaza a España."
36,20,162/000117,0.89,orden_dia,D,82,9,"Proposición no de Ley del Grupo Parlamentario VOX, para bloquear la invasión inmigratoria ilegal que amenaza a España."
36,21,162/000117,0.89,orden_dia,D,82,9,"Proposición no de Ley del Grupo Parlamentario VOX, para bloquear la invasión inmigratoria ilegal que amenaza a España."
36,22,162/000117,0.89,orden_dia,D,82,9,"Proposición no de Ley del Grupo Parlamentario VOX, para bloquear la invasión inmigratoria ilegal que amenaza a España."
36,23,173/000021,0.78,orden_dia,,,9,"Moción consecuencia de interpelación urgente del Grupo Parlamentario Mixto (Sra. Valido), sobre la solución que va a dar"
36,24,173/000022,0.80,orden_dia,,,9,"Moción consecuencia de interpelación urgente del Grupo Parlamentario Republicano, sobre la necesidad de acordar una fina"
36,25,173/000023,0.83,orden_dia,,,9,"Moción consecuencia de interpelación urgente del Grupo Parlamentario VOX, sobre las medidas que va a llevar a cabo el Go"
36,26,173/000023,0.83,orden_dia,,,9,"Moción consecuencia de interpelación urgente del Grupo Parlamentario VOX, sobre las medidas que va a llevar a cabo el Go"
36,27,173/000023,0.83,orden_dia,,,9,"Moción consecuencia de interpelación urgente del Grupo Parlamentario VOX, sobre las medidas que va a llevar a cabo el Go"
36,28,173/000023,0.83,orden_dia,,,9,"Moción consecuencia de interpelación urgente del Grupo Parlamentario VOX, sobre las medidas que va a llevar a cabo el Go"
36,29,173/000023,0.83,orden_dia,,,9,"Moción consecuencia de interpelación urgente del Grupo Parlamentario VOX, sobre las medidas que va a llevar a cabo el Go"
36,30,173/000023,0.83,orden_dia,,,9,"Moción consecuencia de interpelación urgente del Grupo Parlamentario VOX, sobre las medidas que va a llevar a cabo el Go"
36,31,173/000023,0.83,orden_dia,,,9,"Moción consecuencia de interpelación urgente del Grupo Parlamentario VOX, sobre las medidas que va a llevar a cabo el Go"
36,32,173/000024,0.69,orden_dia,,,9,"Moción consecuencia de interpelación urgente del Grupo Parlamentario Popular en el Congreso, relativa a la inseguridad c"
36,33,173/000024,0.69,orden_dia,,,9,"Moción consecuencia de interpelación urgente del Grupo Parlamentario Popular en el Congreso, relativa a la inseguridad c"
36,34,173/000024,0.69,orden_dia,,,9,"Moción consecuencia de interpelación urgente del Grupo Parlamentario Popular en el Congreso, relativa a la inseguridad c"
36,35,173/000024,0.69,orden_dia,,,9,"Moción consecuencia de interpelación urgente del Grupo Parlamentario Popular en el Congreso, relativa a la inseguridad c"
36,36,173/000024,0.69,orden_dia,,,9,"Moción consecuencia de interpelación urgente del Grupo Parlamentario Popular en el Congreso, relativa a la inseguridad c"
36,37,173/000024,0.69,orden_dia,,,9,"Moción consecuencia de interpelación urgente del Grupo Parlamentario Popular en el Congreso, relativa a la inseguridad c"
36,38,158/000007,1.00,orden_dia,,,9,Propuesta de la Comisión de seguimiento y evaluación de los acuerdos del Pacto de Estado en materia de Violencia de Géne
38,1,122/000064,0.82,orden_dia,B,75,6,"Proposición de Ley del Grupo Parlamentario Republicano, por la que se modifica la Ley 12/2013, de 2 de agosto, de medida"
38,2,122/000077,0.92,orden_dia,,,6,"Proposición de Ley del Grupo Parlamentario Socialista, Orgánica por la que se modifica la Ley Orgánica 10/1995, de 23 de"
40,1,162/000091,0.67,orden_dia,D,63,35,"Proposición no de Ley del Grupo Parlamentario Popular en el Congreso, para favorecer el acceso a alimentos básicos."
40,2,162/000091,0.67,orden_dia,D,63,35,"Proposición no de Ley del Grupo Parlamentario Popular en el Congreso, para favorecer el acceso a alimentos básicos."
40,3,162/000091,0.67,orden_dia,D,63,35,"Proposición no de Ley del Grupo Parlamentario Popular en el Congreso, para favorecer el acceso a alimentos básicos."
40,4,162/000196,0.77,orden_dia,D,127,35,"Proposición no de Ley del Grupo Parlamentario Socialista, sobre la garantía de la aplicación de las políticas de memoria"
40,5,173/000025,0.81,orden_dia,,,35,"Moción consecuencia de interpelación urgente del Grupo Parlamentario Popular en el Congreso,  sobre el deterioro de la p"
40,6,173/000025,0.81,orden_dia,,,35,"Moción consecuencia de interpelación urgente del Grupo Parlamentario Popular en el Congreso,  sobre el deterioro de la p"
40,7,173/000025,0.81,orden_dia,,,35,"Moción consecuencia de interpelación urgente del Grupo Parlamentario Popular en el Congreso,  sobre el deterioro de la p"
40,8,173/000025,0.81,orden_dia,,,35,"Moción consecuencia de interpelación urgente del Grupo Parlamentario Popular en el Congreso,  sobre el deterioro de la p"
40,9,173/000025,0.81,orden_dia,,,35,"Moción consecuencia de interpelación urgente del Grupo Parlamentario Popular en el Congreso,  sobre el deterioro de la p"
40,10,173/000025,0.81,orden_dia,,,35,"Moción consecuencia de interpelación urgente del Grupo Parlamentario Popular en el Congreso,  sobre el deterioro de la p"
40,11,173/000025,0.81,orden_dia,,,35,"Moción consecuencia de interpelación urgente del Grupo Parlamentario Popular en el Congreso,  sobre el deterioro de la p"
40,12,173/000025,0.81,orden_dia,,,35,"Moción consecuencia de interpelación urgente del Grupo Parlamentario Popular en el Congreso,  sobre el deterioro de la p"
40,13,173/000026,0.80,orden_dia,,,35,"Moción consecuencia de interpelación urgente del Grupo Parlamentario VOX, sobre la presión fiscal que está ejerciendo el"
40,14,173/000026,0.80,orden_dia,,,35,"Moción consecuencia de interpelación urgente del Grupo Parlamentario VOX, sobre la presión fiscal que está ejerciendo el"
40,15,173/000026,0.80,orden_dia,,,35,"Moción consecuencia de interpelación urgente del Grupo Parlamentario VOX, sobre la presión fiscal que está ejerciendo el"
40,16,173/000026,0.80,orden_dia,,,35,"Moción consecuencia de interpelación urgente del Grupo Parlamentario VOX, sobre la presión fiscal que está ejerciendo el"
40,17,173/000026,0.80,orden_dia,,,35,"Moción consecuencia de interpelación urgente del Grupo Parlamentario VOX, sobre la presión fiscal que está ejerciendo el"
40,18,173/000026,0.80,orden_dia,,,35,"Moción consecuencia de interpelación urgente del Grupo Parlamentario VOX, sobre la presión fiscal que está ejerciendo el"
40,19,173/000026,0.80,orden_dia,,,35,"Moción consecuencia de interpelación urgente del Grupo Parlamentario VOX, sobre la presión fiscal que está ejerciendo el"
40,20,173/000026,0.80,orden_dia,,,35,"Moción consecuencia de interpelación urgente del Grupo Parlamentario VOX, sobre la presión fiscal que está ejerciendo el"
40,21,173/000026,0.80,orden_dia,,,35,"Moción consecuencia de interpelación urgente del Grupo Parlamentario VOX, sobre la presión fiscal que está ejerciendo el"
40,22,173/000026,0.80,orden_dia,,,35,"Moción consecuencia de interpelación urgente del Grupo Parlamentario VOX, sobre la presión fiscal que está ejerciendo el"
40,23,173/000026,0.80,orden_dia,,,35,"Moción consecuencia de interpelación urgente del Grupo Parlamentario VOX, sobre la presión fiscal que está ejerciendo el"
40,24,173/000027,0.86,orden_dia,,,35,"Moción consecuencia de interpelación urgente del Grupo Parlamentario Mixto (Sra. Belarra Urteaga), en relación con la po"
40,25,410/000005,0.56,orden_dia,B,73,35,Votación de la enmienda a la totalidad de texto alternativo a la Proposición de reforma del Reglamento del Congreso de l
40,26,121/000005,0.75,orden_dia,A,5,35,Proyecto de Ley por la que se regulan las enseñanzas artísticas superiores y se establece la organización y equivalencia
40,27,121/000005,0.75,orden_dia,A,5,35,Proyecto de Ley por la que se regulan las enseñanzas artísticas superiores y se establece la organización y equivalencia
40,28,121/000005,0.82,orden_dia,A,5,35,Proyecto de Ley por la que se regulan las enseñanzas artísticas superiores y se establece la organización y equivalencia
40,29,121/000005,0.61,orden_dia,A,5,35,Proyecto de Ley por la que se regulan las enseñanzas artísticas superiores y se establece la organización y equivalencia
40,30,121/000005,0.82,orden_dia,A,5,35,Proyecto de Ley por la que se regulan las enseñanzas artísticas superiores y se establece la organización y equivalencia
40,31,121/000005,0.82,orden_dia,A,5,35,Proyecto de Ley por la que se regulan las enseñanzas artísticas superiores y se establece la organización y equivalencia
40,32,121/000005,0.89,orden_dia,A,5,35,Proyecto de Ley por la que se regulan las enseñanzas artísticas superiores y se establece la organización y equivalencia
40,33,121/000005,0.82,orden_dia,A,5,35,Proyecto de Ley por la que se regulan las enseñanzas artísticas superiores y se establece la organización y equivalencia
40,34,121/000005,0.82,orden_dia,A,5,35,Proyecto de Ley por la que se regulan las enseñanzas artísticas superiores y se establece la organización y equivalencia
40,35,121/000005,0.82,orden_dia,A,5,35,Proyecto de Ley por la que se regulan las enseñanzas artísticas superiores y se establece la organización y equivalencia
40,36,121/000005,0.82,orden_dia,A,5,35,Proyecto de Ley por la que se regulan las enseñanzas artísticas superiores y se establece la organización y equivalencia
40,37,121/000005,0.82,orden_dia,A,5,35,Proyecto de Ley por la que se regulan las enseñanzas artísticas superiores y se establece la organización y equivalencia
40,38,121/000005,0.75,orden_dia,A,5,35,Proyecto de Ley por la que se regulan las enseñanzas artísticas superiores y se establece la organización y equivalencia
40,39,121/000005,0.82,orden_dia,A,5,35,Proyecto de Ley por la que se regulan las enseñanzas artísticas superiores y se establece la organización y equivalencia
40,40,121/000005,0.82,orden_dia,A,5,35,Proyecto de Ley por la que se regulan las enseñanzas artísticas superiores y se establece la organización y equivalencia
40,41,121/000005,0.82,orden_dia,A,5,35,Proyecto de Ley por la que se regulan las enseñanzas artísticas superiores y se establece la organización y equivalencia
40,42,121/000005,0.82,orden_dia,A,5,35,Proyecto de Ley por la que se regulan las enseñanzas artísticas superiores y se establece la organización y equivalencia
40,43,121/000005,0.82,orden_dia,A,5,35,Proyecto de Ley por la que se regulan las enseñanzas artísticas superiores y se establece la organización y equivalencia
40,44,121/000005,0.82,orden_dia,A,5,35,Proyecto de Ley por la que se regulan las enseñanzas artísticas superiores y se establece la organización y equivalencia
40,45,121/000005,0.69,orden_dia,A,5,35,Proyecto de Ley por la que se regulan las enseñanzas artísticas superiores y se establece la organización y equivalencia
40,46,121/000005,0.89,orden_dia,A,5,35,Proyecto de Ley por la que se regulan las enseñanzas artísticas superiores y se establece la organización y equivalencia
40,47,121/000005,0.60,orden_dia,A,5,35,Proyecto de Ley por la que se regulan las enseñanzas artísticas superiores y se establece la organización y equivalencia
40,48,121/000005,0.69,orden_dia,A,5,35,Proyecto de Ley por la que se regulan las enseñanzas artísticas superiores y se establece la organización y equivalencia
40,49,121/000005,0.69,orden_dia,A,5,35,Proyecto de Ley por la que se regulan las enseñanzas artísticas superiores y se establece la organización y equivalencia
40,50,121/000005,0.56,orden_dia,A,5,35,Proyecto de Ley por la que se regulan las enseñanzas artísticas superiores y se establece la organización y equivalencia
40,51,121/000005,0.69,orden_dia,A,5,35,Proyecto de Ley por la que se regulan las enseñanzas artísticas superiores y se establece la organización y equivalencia
40,52,110/000009,1.00,orden_dia,A,20,35,"Convenio por el que se crea el Observatorio del Square Kilometre Array (SKAO), hecho en Roma el 12 de marzo de 2019, y D"
40,53,110/000012,0.73,orden_dia,A,24,35,"Suspensión de la aplicación del Tratado sobre Fuerzas Armadas Convencionales en Europa, hecho en París el 19 de noviembr"
40,54,110/000013,1.00,orden_dia,A,27,35,"Tratado de cooperación en el ámbito de la defensa entre el Reino de España y la República Francesa, hecho en Barcelona e"
40,55,110/000021,1.00,orden_dia,A,39,35,"Declaraciones relativas al Convenio Europeo de asistencia judicial en materia penal, a su Protocolo Adicional y a su Seg"
40,56,110/000010,0.94,orden_dia,A,21,35,Acuerdo entre el Reino de España y la República de Guatemala relativo a la regulación y ordenación de los flujos migrato
40,57,250/000002,0.81,orden_dia,,,35,Dictamen de la Comisión Mixta para las Relaciones con el Tribunal de Cuentas en relación con la Declaración sobre la Cue
40,58,158/000005,0.82,orden_dia,D,131,35,"Propuesta de la Comisión de Educación, Formación Profesional y Deportes, de creación de una Subcomisión relativa al Esta"
40,59,121/000010,0.62,orden_dia,,,35,Votación de la solicitud de avocación por el Pleno de la Cámara de la deliberación y votación final del Proyecto de Ley 
40,60,121/000014,0.50,orden_dia,,,35,Votación de la solicitud de avocación por el Pleno de la Cámara de la deliberación y votación final del Proyecto de Ley 
40,61,,0.40,,,,35,Votación de la solicitud de avocación por el Pleno de la Cámara de la deliberación y votación final del Proyecto de Ley 
41,1,122/000051,0.86,orden_dia,B,61,6,"Proposición de Ley del Grupo Parlamentario Popular en el Congreso, relativa a la modificación de la Ley 2/2014, de 25 de"
41,2,122/000097,0.82,orden_dia,B,110,6,"Proposición de Ley del Grupo Parlamentario Socialista, para la mejora de la protección de las personas donantes en vivo "
43,1,162/000225,0.85,orden_dia,D,142,5,"Proposición no de Ley del Grupo Parlamentario Republicano, sobre la lucha contra la corrupción, las cloacas del Estado y"
43,2,162/000225,0.85,orden_dia,D,142,5,"Proposición no de Ley del Grupo Parlamentario Republicano, sobre la lucha contra la corrupción, las cloacas del Estado y"
43,3,162/000225,0.85,orden_dia,D,142,5,"Proposición no de Ley del Grupo Parlamentario Republicano, sobre la lucha contra la corrupción, las cloacas del Estado y"
43,4,162/000225,0.85,orden_dia,D,142,5,"Proposición no de Ley del Grupo Parlamentario Republicano, sobre la lucha contra la corrupción, las cloacas del Estado y"
43,5,162/000225,0.85,orden_dia,D,142,5,"Proposición no de Ley del Grupo Parlamentario Republicano, sobre la lucha contra la corrupción, las cloacas del Estado y"
43,6,162/000225,0.85,orden_dia,D,142,5,"Proposición no de Ley del Grupo Parlamentario Republicano, sobre la lucha contra la corrupción, las cloacas del Estado y"
43,7,162/000225,0.85,orden_dia,D,142,5,"Proposición no de Ley del Grupo Parlamentario Republicano, sobre la lucha contra la corrupción, las cloacas del Estado y"
43,8,162/000225,0.85,orden_dia,D,142,5,"Proposición no de Ley del Grupo Parlamentario Republicano, sobre la lucha contra la corrupción, las cloacas del Estado y"
43,9,162/000225,0.85,orden_dia,D,142,5,"Proposición no de Ley del Grupo Parlamentario Republicano, sobre la lucha contra la corrupción, las cloacas del Estado y"
43,10,162/000225,0.85,orden_dia,D,142,5,"Proposición no de Ley del Grupo Parlamentario Republicano, sobre la lucha contra la corrupción, las cloacas del Estado y"
43,11,162/000225,0.85,orden_dia,D,142,5,"Proposición no de Ley del Grupo Parlamentario Republicano, sobre la lucha contra la corrupción, las cloacas del Estado y"
43,12,162/000225,0.85,orden_dia,D,142,5,"Proposición no de Ley del Grupo Parlamentario Republicano, sobre la lucha contra la corrupción, las cloacas del Estado y"
43,13,162/000225,0.85,orden_dia,D,142,5,"Proposición no de Ley del Grupo Parlamentario Republicano, sobre la lucha contra la corrupción, las cloacas del Estado y"
43,14,162/000225,0.85,orden_dia,D,142,5,"Proposición no de Ley del Grupo Parlamentario Republicano, sobre la lucha contra la corrupción, las cloacas del Estado y"
43,15,162/000225,0.85,orden_dia,D,142,5,"Proposición no de Ley del Grupo Parlamentario Republicano, sobre la lucha contra la corrupción, las cloacas del Estado y"
43,16,162/000225,0.85,orden_dia,D,142,5,"Proposición no de Ley del Grupo Parlamentario Republicano, sobre la lucha contra la corrupción, las cloacas del Estado y"
43,17,162/000225,0.85,orden_dia,D,142,5,"Proposición no de Ley del Grupo Parlamentario Republicano, sobre la lucha contra la corrupción, las cloacas del Estado y"
43,18,162/000225,0.85,orden_dia,D,142,5,"Proposición no de Ley del Grupo Parlamentario Republicano, sobre la lucha contra la corrupción, las cloacas del Estado y"
43,19,162/000225,0.85,orden_dia,D,142,5,"Proposición no de Ley del Grupo Parlamentario Republicano, sobre la lucha contra la corrupción, las cloacas del Estado y"
43,20,162/000225,0.85,orden_dia,D,142,5,"Proposición no de Ley del Grupo Parlamentario Republicano, sobre la lucha contra la corrupción, las cloacas del Estado y"
43,21,162/000206,0.88,orden_dia,,,5,"Proposición no de Ley del Grupo Parlamentario Plurinacional SUMAR, sobre la creación de un Sistema de Información Económ"
43,22,173/000028,0.82,orden_dia,,,5,"Moción consecuencia de interpelación urgente del Grupo Parlamentario Popular en el Congreso, sobre las medidas que piens"
43,23,173/000028,0.82,orden_dia,,,5,"Moción consecuencia de interpelación urgente del Grupo Parlamentario Popular en el Congreso, sobre las medidas que piens"
43,24,173/000028,0.82,orden_dia,,,5,"Moción consecuencia de interpelación urgente del Grupo Parlamentario Popular en el Congreso, sobre las medidas que piens"
43,25,173/000028,0.82,orden_dia,,,5,"Moción consecuencia de interpelación urgente del Grupo Parlamentario Popular en el Congreso, sobre las medidas que piens"
43,26,173/000029,0.85,orden_dia,,,5,"Moción consecuencia de interpelación urgente el Grupo Parlamentario VOX, sobre las medidas que va a impulsar el Gobierno"
43,27,173/000029,0.85,orden_dia,,,5,"Moción consecuencia de interpelación urgente el Grupo Parlamentario VOX, sobre las medidas que va a impulsar el Gobierno"
43,28,173/000029,0.85,orden_dia,,,5,"Moción consecuencia de interpelación urgente el Grupo Parlamentario VOX, sobre las medidas que va a impulsar el Gobierno"
43,29,173/000029,0.85,orden_dia,,,5,"Moción consecuencia de interpelación urgente el Grupo Parlamentario VOX, sobre las medidas que va a impulsar el Gobierno"
43,30,173/000029,0.85,orden_dia,,,5,"Moción consecuencia de interpelación urgente el Grupo Parlamentario VOX, sobre las medidas que va a impulsar el Gobierno"
43,31,173/000029,0.85,orden_dia,,,5,"Moción consecuencia de interpelación urgente el Grupo Parlamentario VOX, sobre las medidas que va a impulsar el Gobierno"
43,32,173/000029,0.85,orden_dia,,,5,"Moción consecuencia de interpelación urgente el Grupo Parlamentario VOX, sobre las medidas que va a impulsar el Gobierno"
43,33,173/000029,0.85,orden_dia,,,5,"Moción consecuencia de interpelación urgente el Grupo Parlamentario VOX, sobre las medidas que va a impulsar el Gobierno"
43,34,173/000029,0.85,orden_dia,,,5,"Moción consecuencia de interpelación urgente el Grupo Parlamentario VOX, sobre las medidas que va a impulsar el Gobierno"
43,35,173/000029,0.85,orden_dia,,,5,"Moción consecuencia de interpelación urgente el Grupo Parlamentario VOX, sobre las medidas que va a impulsar el Gobierno"
43,36,173/000029,0.85,orden_dia,,,5,"Moción consecuencia de interpelación urgente el Grupo Parlamentario VOX, sobre las medidas que va a impulsar el Gobierno"
44,1,125/000005,0.91,orden_dia,B,57,6,"Proposición de Ley del Parlamento de Galicia, Orgánica de transferencia de la titularidad y competencias de la autopista"
44,2,122/000091,0.87,orden_dia,B,103,6,"Proposición de Ley del Grupo Parlamentario Popular en el Congreso, Orgánica de modificación de la Ley Orgánica 10/1995, "
46,1,162/000179,0.89,orden_dia,,,9,"Proposición no de Ley del Grupo Parlamentario Popular en el Congreso, para la protección de los menores en el entorno di"
46,2,162/000179,0.89,orden_dia,,,9,"Proposición no de Ley del Grupo Parlamentario Popular en el Congreso, para la protección de los menores en el entorno di"
46,3,162/000179,0.89,orden_dia,,,9,"Proposición no de Ley del Grupo Parlamentario Popular en el Congreso, para la protección de los menores en el entorno di"
46,4,162/000179,0.89,orden_dia,,,9,"Proposición no de Ley del Grupo Parlamentario Popular en el Congreso, para la protección de los menores en el entorno di"
46,5,162/000179,0.89,orden_dia,,,9,"Proposición no de Ley del Grupo Parlamentario Popular en el Congreso, para la protección de los menores en el entorno di"
46,6,162/000179,0.89,orden_dia,,,9,"Proposición no de Ley del Grupo Parlamentario Popular en el Congreso, para la protección de los menores en el entorno di"
46,7,162/000179,0.89,orden_dia,,,9,"Proposición no de Ley del Grupo Parlamentario Popular en el Congreso, para la protección de los menores en el entorno di"
46,8,162/000179,0.89,orden_dia,,,9,"Proposición no de Ley del Grupo Parlamentario Popular en el Congreso, para la protección de los menores en el entorno di"
46,9,162/000179,0.89,orden_dia,,,9,"Proposición no de Ley del Grupo Parlamentario Popular en el Congreso, para la protección de los menores en el entorno di"
46,10,162/000179,0.89,orden_dia,,,9,"Proposición no de Ley del Grupo Parlamentario Popular en el Congreso, para la protección de los menores en el entorno di"
46,11,162/000179,0.89,orden_dia,,,9,"Proposición no de Ley del Grupo Parlamentario Popular en el Congreso, para la protección de los menores en el entorno di"
46,12,162/000179,0.89,orden_dia,,,9,"Proposición no de Ley del Grupo Parlamentario Popular en el Congreso, para la protección de los menores en el entorno di"
46,13,162/000179,0.89,orden_dia,,,9,"Proposición no de Ley del Grupo Parlamentario Popular en el Congreso, para la protección de los menores en el entorno di"
46,14,162/000179,0.89,orden_dia,,,9,"Proposición no de Ley del Grupo Parlamentario Popular en el Congreso, para la protección de los menores en el entorno di"
46,15,162/000179,0.89,orden_dia,,,9,"Proposición no de Ley del Grupo Parlamentario Popular en el Congreso, para la protección de los menores en el entorno di"
46,16,162/000155,0.64,orden_dia,,,9,"Proposición no de Ley del Grupo Parlamentario Socialista, para regular la inteligencia artificial para proteger a los má"
46,17,173/000030,0.70,orden_dia,,,9,"Moción consecuencia de interpelación urgente del Grupo Parlamentario Mixto (Sr. Rego Candamil), relativa a la anulación "
46,18,173/000031,0.71,orden_dia,,,9,"Moción consecuencia de interpelación urgente del Grupo Parlamentario Popular en el Congreso, sobre la actual situación e"
46,19,173/000031,0.71,orden_dia,,,9,"Moción consecuencia de interpelación urgente del Grupo Parlamentario Popular en el Congreso, sobre la actual situación e"
46,20,173/000032,0.74,orden_dia,,,9,"Moción consecuencia de interpelación urgente del Grupo Parlamentario VOX, sobre la medida en que la acción del Gobierno "
46,21,120/000004,0.54,orden_dia,,,9,Votación de la enmienda a la totalidad de texto alternativo a la Proposición de Ley para una regularización extraordinar
46,22,121/000013,0.79,orden_dia,A,13,9,"Proyecto de Ley de creación de la Oficina Española de Derechos de Autor y Conexos, O.A.
Votación de la enmienda a la tot"
46,23,121/000013,0.72,orden_dia,A,13,9,"Proyecto de Ley de creación de la Oficina Española de Derechos de Autor y Conexos, O.A.
Solicitud de avocación por el Pl"
46,24,130/000004,0.91,orden_dia,,,9,"Real Decreto-ley 1/2024, de 14 de mayo, por el que se prorrogan las medidas de suspensión de lanzamientos sobre la vivie"
46,25,130/000004,0.67,orden_dia,,,9,"Tramitación como Proyecto de Ley por el procedimiento de urgencia del Real Decreto-ley 1/2024, de 14 de mayo, por el que"
47,1,122/000088,0.95,orden_dia,B,102,6,"Proposición de Ley del Grupo Parlamentario Socialista, Orgánica por la que se modifica el artículo 80 de la Ley Orgánica"
47,2,122/000038,0.80,orden_dia,,,6,"Proposición de Ley del Grupo Parlamentario Popular en el Congreso, de protección del Patrimonio Histórico frente al vand"
49,1,162/000250,0.92,orden_dia,,,9,"Proposición no de Ley del Grupo Parlamentario Popular en el Congreso, relativa al Sáhara Occidental y los compromisos pe"
49,2,162/000250,0.92,orden_dia,,,9,"Proposición no de Ley del Grupo Parlamentario Popular en el Congreso, relativa al Sáhara Occidental y los compromisos pe"
49,3,162/000250,0.92,orden_dia,,,9,"Proposición no de Ley del Grupo Parlamentario Popular en el Congreso, relativa al Sáhara Occidental y los compromisos pe"
49,4,162/000250,0.92,orden_dia,,,9,"Proposición no de Ley del Grupo Parlamentario Popular en el Congreso, relativa al Sáhara Occidental y los compromisos pe"
49,5,162/000250,0.92,orden_dia,,,9,"Proposición no de Ley del Grupo Parlamentario Popular en el Congreso, relativa al Sáhara Occidental y los compromisos pe"
49,6,162/000250,0.92,orden_dia,,,9,"Proposición no de Ley del Grupo Parlamentario Popular en el Congreso, relativa al Sáhara Occidental y los compromisos pe"
49,7,162/000250,0.92,orden_dia,,,9,"Proposición no de Ley del Grupo Parlamentario Popular en el Congreso, relativa al Sáhara Occidental y los compromisos pe"
49,8,162/000252,0.75,orden_dia,D,156,9,"Proposición no de Ley del Grupo Parlamentario Socialista, sobre un Acuerdo de País contra los Discursos de Odio."
49,9,173/000033,0.73,orden_dia,,,9,"Moción consecuencia de interpelación urgente del Grupo Parlamentario VOX, sobre las medidas que va a adoptar el Gobierno"
49,10,173/000033,0.73,orden_dia,,,9,"Moción consecuencia de interpelación urgente del Grupo Parlamentario VOX, sobre las medidas que va a adoptar el Gobierno"
49,11,173/000033,0.73,orden_dia,,,9,"Moción consecuencia de interpelación urgente del Grupo Parlamentario VOX, sobre las medidas que va a adoptar el Gobierno"
49,12,173/000033,0.73,orden_dia,,,9,"Moción consecuencia de interpelación urgente del Grupo Parlamentario VOX, sobre las medidas que va a adoptar el Gobierno"
49,13,173/000033,0.73,orden_dia,,,9,"Moción consecuencia de interpelación urgente del Grupo Parlamentario VOX, sobre las medidas que va a adoptar el Gobierno"
49,14,173/000034,0.76,orden_dia,,,9,"Moción consecuencia de interpelación urgente del Grupo Parlamentario Mixto (Sra. Santana Perera), relativa a las polític"
49,15,173/000034,0.76,orden_dia,,,9,"Moción consecuencia de interpelación urgente del Grupo Parlamentario Mixto (Sra. Santana Perera), relativa a las polític"
49,16,173/000034,0.76,orden_dia,,,9,"Moción consecuencia de interpelación urgente del Grupo Parlamentario Mixto (Sra. Santana Perera), relativa a las polític"
49,17,173/000034,0.76,orden_dia,,,9,"Moción consecuencia de interpelación urgente del Grupo Parlamentario Mixto (Sra. Santana Perera), relativa a las polític"
49,18,173/000034,0.76,orden_dia,,,9,"Moción consecuencia de interpelación urgente del Grupo Parlamentario Mixto (Sra. Santana Perera), relativa a las polític"
49,19,130/000005,0.92,orden_dia,,,9,"Real Decreto-ley 2/2024, de 21 de mayo, por el que se adoptan medidas urgentes para la simplificación y mejora del nivel"
49,20,130/000005,0.79,orden_dia,,,9,"Tramitación como Proyecto de Ley por el procedimiento de urgencia del Real Decreto-ley 2/2024, de 21 de mayo, por el que"
49,21,130/000006,0.86,orden_dia,,,9,"Real Decreto-ley 3/2024, de 4 de junio, de medidas de promoción del uso del transporte público colectivo terrestre por p"
49,22,130/000006,0.72,orden_dia,,,9,"Tramitación como Proyecto de Ley por el procedimiento de urgencia del Real Decreto-ley 3/2024, de 4 de junio, de medidas"
49,23,122/000058,0.64,orden_dia,B,68,9,Votación de la enmienda a la totalidad de texto alternativo a la Proposición de Ley Orgánica para la atención integral d
49,24,122/000058,0.82,orden_dia,B,68,9,Votación de la enmienda a la totalidad de texto alternativo a la Proposición de Ley para mejorar la calidad de vida de l
49,25,122/000070,0.65,orden_dia,,,9,Votación de la enmienda a la totalidad de texto alternativo a la Proposición de Ley para la atención integral de las per
50,1,122/000062,0.88,orden_dia,,,7,"Proposición de Ley del Grupo Parlamentario Popular en el Congreso, Orgánica de modificación de la Ley Orgánica 6/1985, d"
50,2,122/000087,0.75,orden_dia,B,100,7,"Proposición de Ley del Grupo Parlamentario VOX, Orgánica de modificación de la Ley Orgánica 2/1979, de 3 de octubre, del"
52,1,121/000001,1.00,orden_dia,,,8,Proyecto de Ley Orgánica de representación paritaria y presencia equilibrada de mujeres y hombres.
52,2,121/000001,1.00,orden_dia,,,8,Proyecto de Ley Orgánica de representación paritaria y presencia equilibrada de mujeres y hombres.
52,3,121/000001,1.00,orden_dia,,,8,Proyecto de Ley Orgánica de representación paritaria y presencia equilibrada de mujeres y hombres.
52,4,121/000001,1.00,orden_dia,,,8,Proyecto de Ley Orgánica de representación paritaria y presencia equilibrada de mujeres y hombres.
52,5,121/000001,1.00,orden_dia,,,8,Proyecto de Ley Orgánica de representación paritaria y presencia equilibrada de mujeres y hombres.
52,6,121/000001,1.00,orden_dia,,,8,Proyecto de Ley Orgánica de representación paritaria y presencia equilibrada de mujeres y hombres.
52,7,121/000001,1.00,orden_dia,,,8,Proyecto de Ley Orgánica de representación paritaria y presencia equilibrada de mujeres y hombres.
52,8,121/000001,1.00,orden_dia,,,8,Proyecto de Ley Orgánica de representación paritaria y presencia equilibrada de mujeres y hombres.
52,9,121/000001,1.00,orden_dia,,,8,Proyecto de Ley Orgánica de representación paritaria y presencia equilibrada de mujeres y hombres.
52,10,121/000001,1.00,orden_dia,,,8,Proyecto de Ley Orgánica de representación paritaria y presencia equilibrada de mujeres y hombres.
52,11,121/000001,1.00,orden_dia,,,8,Proyecto de Ley Orgánica de representación paritaria y presencia equilibrada de mujeres y hombres.
52,12,121/000001,1.00,orden_dia,,,8,Proyecto de Ley Orgánica de representación paritaria y presencia equilibrada de mujeres y hombres.
52,13,121/000001,1.00,orden_dia,,,8,Proyecto de Ley Orgánica de representación paritaria y presencia equilibrada de mujeres y hombres.
52,14,121/000001,1.00,orden_dia,,,8,Proyecto de Ley Orgánica de representación paritaria y presencia equilibrada de mujeres y hombres.
52,15,121/000001,0.57,orden_dia,,,8,"Proyecto de Ley Orgánica de representación paritaria y presencia equilibrada de mujeres y hombres.
Enmienda transacciona"
52,16,121/000010,1.00,orden_dia,A,10,8,Proyecto de Ley de creación de la Autoridad Administrativa Independiente para la Investigación Técnica de Accidentes e I
52,17,121/000010,1.00,orden_dia,A,10,8,Proyecto de Ley de creación de la Autoridad Administrativa Independiente para la Investigación Técnica de Accidentes e I
52,18,121/000010,1.00,orden_dia,A,10,8,Proyecto de Ley de creación de la Autoridad Administrativa Independiente para la Investigación Técnica de Accidentes e I
52,19,121/000010,1.00,orden_dia,A,10,8,Proyecto de Ley de creación de la Autoridad Administrativa Independiente para la Investigación Técnica de Accidentes e I
52,20,121/000010,1.00,orden_dia,A,10,8,Proyecto de Ley de creación de la Autoridad Administrativa Independiente para la Investigación Técnica de Accidentes e I
52,21,121/000010,1.00,orden_dia,A,10,8,Proyecto de Ley de creación de la Autoridad Administrativa Independiente para la Investigación Técnica de Accidentes e I
52,22,162/000257,0.92,orden_dia,D,161,8,"Proposición no de Ley del Grupo Parlamentario Junts per Catalunya, para el reconocimiento de la República de Kosovo como"
52,23,162/000258,0.90,orden_dia,,,8,"Proposición no de Ley del Grupo Parlamentario Popular en el Congreso, relativa a la consecución urgente de soluciones a "
52,24,173/000035,0.81,orden_dia,,,8,"Moción consecuencia de interpelación urgente del Grupo Parlamentario Popular en el Congreso, sobre las políticas en mate"
52,25,173/000035,0.81,orden_dia,,,8,"Moción consecuencia de interpelación urgente del Grupo Parlamentario Popular en el Congreso, sobre las políticas en mate"
52,26,173/000035,0.81,orden_dia,,,8,"Moción consecuencia de interpelación urgente del Grupo Parlamentario Popular en el Congreso, sobre las políticas en mate"
52,27,173/000035,0.81,orden_dia,,,8,"Moción consecuencia de interpelación urgente del Grupo Parlamentario Popular en el Congreso, sobre las políticas en mate"
52,28,173/000035,0.81,orden_dia,,,8,"Moción consecuencia de interpelación urgente del Grupo Parlamentario Popular en el Congreso, sobre las políticas en mate"
52,29,173/000036,0.67,orden_dia,,,8,"Moción consecuencia de interpelación urgente del Grupo Parlamentario Popular en el Congreso, sobre el respeto a las Cort"
52,30,173/000036,0.67,orden_dia,,,8,"Moción consecuencia de interpelación urgente del Grupo Parlamentario Popular en el Congreso, sobre el respeto a las Cort"
52,31,173/000036,0.67,orden_dia,,,8,"Moción consecuencia de interpelación urgente del Grupo Parlamentario Popular en el Congreso, sobre el respeto a las Cort"
52,32,173/000036,0.67,orden_dia,,,8,"Moción consecuencia de interpelación urgente del Grupo Parlamentario Popular en el Congreso, sobre el respeto a las Cort"
52,33,173/000036,0.67,orden_dia,,,8,"Moción consecuencia de interpelación urgente del Grupo Parlamentario Popular en el Congreso, sobre el respeto a las Cort"
52,34,173/000036,0.67,orden_dia,,,8,"Moción consecuencia de interpelación urgente del Grupo Parlamentario Popular en el Congreso, sobre el respeto a las Cort"
52,35,173/000036,0.67,orden_dia,,,8,"Moción consecuencia de interpelación urgente del Grupo Parlamentario Popular en el Congreso, sobre el respeto a las Cort"
52,36,173/000037,0.76,orden_dia,,,8,"Moción consecuencia de interpelación urgente del Grupo Parlamentario VOX, acerca de cuáles van a ser las líneas principa"
52,37,173/000037,0.76,orden_dia,,,8,"Moción consecuencia de interpelación urgente del Grupo Parlamentario VOX, acerca de cuáles van a ser las líneas principa"
52,38,173/000037,0.76,orden_dia,,,8,"Moción consecuencia de interpelación urgente del Grupo Parlamentario VOX, acerca de cuáles van a ser las líneas principa"
52,39,173/000037,0.76,orden_dia,,,8,"Moción consecuencia de interpelación urgente del Grupo Parlamentario VOX, acerca de cuáles van a ser las líneas principa"
52,40,173/000037,0.76,orden_dia,,,8,"Moción consecuencia de interpelación urgente del Grupo Parlamentario VOX, acerca de cuáles van a ser las líneas principa"
52,41,173/000037,0.76,orden_dia,,,8,"Moción consecuencia de interpelación urgente del Grupo Parlamentario VOX, acerca de cuáles van a ser las líneas principa"
52,42,173/000037,0.76,orden_dia,,,8,"Moción consecuencia de interpelación urgente del Grupo Parlamentario VOX, acerca de cuáles van a ser las líneas principa"
52,43,121/000001,0.80,orden_dia,,,8,"Proyecto de Ley Orgánica de representación paritaria y presencia equilibrada de mujeres y hombres.
Votación del dictamen"
52,44,121/000001,0.57,orden_dia,,,8,"Proyecto de Ley Orgánica de representación paritaria y presencia equilibrada de mujeres y hombres.
Votación de conjunto "
52,45,121/000010,0.87,orden_dia,A,10,8,Votación del dictamen del Proyecto de Ley de creación de la Autoridad Administrativa Independiente para la Investigación
52,46,042/000012,1.00,orden_dia,,,8,Dictamen de la Comisión del Estatuto de los Diputados sobre declaración de actividades de Excmos. Sres. Diputados.
53,1,122/000118,0.82,orden_dia,B,130,1,"Proposición de Ley de los Grupos Parlamentarios Popular en el Congreso y Socialista, Orgánica de reforma de la Ley Orgán"
54,1,121/000006,1.00,orden_dia,A,6,3,Proyecto de Ley Orgánica del Derecho de Defensa.
54,2,121/000006,1.00,orden_dia,A,6,3,Proyecto de Ley Orgánica del Derecho de Defensa.
54,3,121/000006,1.00,orden_dia,A,6,3,Proyecto de Ley Orgánica del Derecho de Defensa.
54,4,121/000006,1.00,orden_dia,A,6,3,Proyecto de Ley Orgánica del Derecho de Defensa.
54,5,121/000006,1.00,orden_dia,A,6,3,Proyecto de Ley Orgánica del Derecho de Defensa.
54,6,121/000006,1.00,orden_dia,A,6,3,Proyecto de Ley Orgánica del Derecho de Defensa.
54,7,121/000006,1.00,orden_dia,A,6,3,Proyecto de Ley Orgánica del Derecho de Defensa.
54,8,,0.36,,,,3,"Proyecto de Ley Orgánica del Derecho de Defensa.
Enmiendas de corrección técnica presentadas por el Grupo Parlamentario "
54,9,121/000006,0.67,orden_dia,A,6,3,"Proyecto de Ley Orgánica del Derecho de Defensa.
Votación del dictamen del Proyecto de Ley Orgánica del Derecho de Defen"
54,10,,0.40,,,,3,"Proyecto de Ley Orgánica del Derecho de Defensa.
Votación de conjunto del Proyecto de Ley Orgánica del Derecho de Defens"
54,11,121/000016,0.70,orden_dia,A,16,3,Votación de la enmienda a la totalidad de devolución al Proyecto de Ley Orgánica de medidas en materia de eficiencia del
54,12,122/000118,0.81,orden_dia,B,130,3,"Proposición de Ley Orgánica de reforma de la Ley Orgánica 6/1985, de 1 de julio, del Poder Judicial y de reforma de la L"
54,13,122/000118,0.81,orden_dia,B,130,3,"Proposición de Ley Orgánica de reforma de la Ley Orgánica 6/1985, de 1 de julio, del Poder Judicial y de reforma de la L"
56,1,121/000014,1.00,orden_dia,A,14,9,Proyecto de Ley básica de agentes forestales y medioambientales.
56,2,121/000014,1.00,orden_dia,A,14,9,Proyecto de Ley básica de agentes forestales y medioambientales.
56,3,121/000014,1.00,orden_dia,A,14,9,Proyecto de Ley básica de agentes forestales y medioambientales.
56,4,121/000014,1.00,orden_dia,A,14,9,Proyecto de Ley básica de agentes forestales y medioambientales.
56,5,121/000014,1.00,orden_dia,A,14,9,Proyecto de Ley básica de agentes forestales y medioambientales.
56,6,121/000014,1.00,orden_dia,A,14,9,Proyecto de Ley básica de agentes forestales y medioambientales.
56,7,121/000014,1.00,orden_dia,A,14,9,Proyecto de Ley básica de agentes forestales y medioambientales.
56,8,121/000014,1.00,orden_dia,A,14,9,Proyecto de Ley básica de agentes forestales y medioambientales.
56,9,121/000014,1.00,orden_dia,A,14,9,Proyecto de Ley básica de agentes forestales y medioambientales.
56,10,121/000014,1.00,orden_dia,A,14,9,Proyecto de Ley básica de agentes forestales y medioambientales.
56,11,121/000014,1.00,orden_dia,A,14,9,Proyecto de Ley básica de agentes forestales y medioambientales.
56,12,121/000014,1.00,orden_dia,A,14,9,Proyecto de Ley básica de agentes forestales y medioambientales.
56,13,121/000014,1.00,orden_dia,A,14,9,Proyecto de Ley básica de agentes forestales y medioambientales.
56,14,121/000014,1.00,orden_dia,A,14,9,Proyecto de Ley básica de agentes forestales y medioambientales.
56,15,121/000014,1.00,orden_dia,A,14,9,Proyecto de Ley básica de agentes forestales y medioambientales.
56,16,121/000014,1.00,orden_dia,A,14,9,Proyecto de Ley básica de agentes forestales y medioambientales.
56,17,121/000014,1.00,orden_dia,A,14,9,Proyecto de Ley básica de agentes forestales y medioambientales.
56,18,121/000014,1.00,orden_dia,A,14,9,Proyecto de Ley básica de agentes forestales y medioambientales.
56,19,121/000014,1.00,orden_dia,A,14,9,Proyecto de Ley básica de agentes forestales y medioambientales.
56,20,121/000014,1.00,orden_dia,A,14,9,Proyecto de Ley básica de agentes forestales y medioambientales.
56,21,121/000014,1.00,orden_dia,A,14,9,Proyecto de Ley básica de agentes forestales y medioambientales.
56,22,121/000014,1.00,orden_dia,A,14,9,Proyecto de Ley básica de agentes forestales y medioambientales.
56,23,121/000014,1.00,orden_dia,A,14,9,Proyecto de Ley básica de agentes forestales y medioambientales.
56,24,121/000014,1.00,orden_dia,A,14,9,Proyecto de Ley básica de agentes forestales y medioambientales.
56,25,121/000014,1.00,orden_dia,A,14,9,Proyecto de Ley básica de agentes forestales y medioambientales.
56,26,121/000014,1.00,orden_dia,A,14,9,Proyecto de Ley básica de agentes forestales y medioambientales.
56,27,121/000014,1.00,orden_dia,A,14,9,Proyecto de Ley básica de agentes forestales y medioambientales.
56,28,121/000014,1.00,orden_dia,A,14,9,Proyecto de Ley básica de agentes forestales y medioambientales.
56,29,121/000014,0.71,orden_dia,A,14,9,"Proyecto de Ley básica de agentes forestales y medioambientales.
Enmienda de corrección técnica número 1 presentada por "
56,30,121/000014,0.71,orden_dia,A,14,9,"Proyecto de Ley básica de agentes forestales y medioambientales.
Enmienda de corrección técnica número 2 presentada por "
56,31,121/000014,0.71,orden_dia,A,14,9,"Proyecto de Ley básica de agentes forestales y medioambientales.
Enmienda de corrección técnica número 3 presentada por "
56,32,121/000014,0.71,orden_dia,A,14,9,"Proyecto de Ley básica de agentes forestales y medioambientales.
Enmienda de corrección técnica número 4 presentada por "
56,33,121/000015,1.00,orden_dia,A,15,9,Proyecto de Ley básica de bomberos forestales.
56,34,121/000015,1.00,orden_dia,A,15,9,Proyecto de Ley básica de bomberos forestales.
56,35,121/000015,1.00,orden_dia,A,15,9,Proyecto de Ley básica de bomberos forestales.
56,36,121/000015,1.00,orden_dia,A,15,9,Proyecto de Ley básica de bomberos forestales.
56,37,121/000015,1.00,orden_dia,A,15,9,Proyecto de Ley básica de bomberos forestales.
56,38,121/000015,1.00,orden_dia,A,15,9,Proyecto de Ley básica de bomberos forestales.
56,39,121/000015,1.00,orden_dia,A,15,9,Proyecto de Ley básica de bomberos forestales.
56,40,121/000015,1.00,orden_dia,A,15,9,Proyecto de Ley básica de bomberos forestales.
56,41,121/000015,1.00,orden_dia,A,15,9,Proyecto de Ley básica de bomberos forestales.
56,42,121/000015,1.00,orden_dia,A,15,9,Proyecto de Ley básica de bomberos forestales.
56,43,121/000015,1.00,orden_dia,A,15,9,Proyecto de Ley básica de bomberos forestales.
56,44,121/000015,1.00,orden_dia,A,15,9,Proyecto de Ley básica de bomberos forestales.
56,45,121/000015,1.00,orden_dia,A,15,9,Proyecto de Ley básica de bomberos forestales.
56,46,121/000001,0.82,orden_dia,A,1,9,"Proyecto de Ley Orgánica de representación paritaria y presencia equilibrada de mujeres y hombres.
Enmiendas de correcci"
56,47,121/000001,0.82,orden_dia,A,1,9,"Proyecto de Ley Orgánica de representación paritaria y presencia equilibrada de mujeres y hombres.
Enmiendas al Preámbul"
56,48,121/000001,0.82,orden_dia,A,1,9,"Proyecto de Ley Orgánica de representación paritaria y presencia equilibrada de mujeres y hombres.
Resto de las enmienda"
56,49,121/000001,0.82,orden_dia,A,1,9,"Proyecto de Ley Orgánica de representación paritaria y presencia equilibrada de mujeres y hombres.
Enmiendas al Preámbul"
56,50,121/000001,0.82,orden_dia,A,1,9,"Proyecto de Ley Orgánica de representación paritaria y presencia equilibrada de mujeres y hombres.
Enmiendas al Preámbul"
56,51,121/000001,0.73,orden_dia,A,1,9,"Proyecto de Ley Orgánica de representación paritaria y presencia equilibrada de mujeres y hombres.
Enmienda al Preámbulo"
56,52,121/000001,0.82,orden_dia,A,1,9,"Proyecto de Ley Orgánica de representación paritaria y presencia equilibrada de mujeres y hombres.
Enmiendas al capítulo"
56,53,121/000001,0.73,orden_dia,A,1,9,"Proyecto de Ley Orgánica de representación paritaria y presencia equilibrada de mujeres y hombres.
Enmienda al capítulo "
56,54,121/000001,0.73,orden_dia,A,1,9,"Proyecto de Ley Orgánica de representación paritaria y presencia equilibrada de mujeres y hombres.
Enmienda al capítulo "
56,55,121/000001,0.73,orden_dia,A,1,9,"Proyecto de Ley Orgánica de representación paritaria y presencia equilibrada de mujeres y hombres.
Enmienda al capítulo "
56,56,121/000001,0.73,orden_dia,A,1,9,"Proyecto de Ley Orgánica de representación paritaria y presencia equilibrada de mujeres y hombres.
Enmienda al capítulo "
56,57,121/000001,0.82,orden_dia,A,1,9,"Proyecto de Ley Orgánica de representación paritaria y presencia equilibrada de mujeres y hombres.
Enmiendas al capítulo"
56,58,121/000001,0.73,orden_dia,A,1,9,"Proyecto de Ley Orgánica de representación paritaria y presencia equilibrada de mujeres y hombres.
Enmienda a la disposi"
56,59,121/000001,0.73,orden_dia,A,1,9,"Proyecto de Ley Orgánica de representación paritaria y presencia equilibrada de mujeres y hombres.
Enmienda a la disposi"
56,60,121/000001,0.73,orden_dia,A,1,9,"Proyecto de Ley Orgánica de representación paritaria y presencia equilibrada de mujeres y hombres.
Enmienda a la disposi"
56,61,121/000001,0.82,orden_dia,A,1,9,"Proyecto de Ley Orgánica de representación paritaria y presencia equilibrada de mujeres y hombres.
Enmiendas de renumera"
56,62,121/000001,1.00,orden_dia,A,1,9,Proyecto de Ley Orgánica de representación paritaria y presencia equilibrada de mujeres y hombres.
56,63,122/000123,0.94,orden_dia,B,137,9,"Proposición de Ley de los Grupos Parlamentarios Socialista, Plurinacional SUMAR y Mixto, de modificación de la Ley Orgán"
56,64,122/000118,0.86,orden_dia,B,130,9,"Proposición de Ley Orgánica de reforma de la Ley Orgánica 6/1985, de 1 de julio, del Poder Judicial y de reforma de la L"
56,65,122/000118,0.71,orden_dia,B,130,9,"Proposición de Ley Orgánica de reforma de la Ley Orgánica 6/1985, de 1 de julio, del Poder Judicial y de reforma de la L"
56,66,121/000014,0.71,orden_dia,A,14,9,Votación del Dictamen del Proyecto de Ley básica de agentes forestales y medioambientales.
56,67,121/000015,0.67,orden_dia,A,15,9,Votación del Dictamen del Proyecto de Ley básica de bomberos forestales.
56,68,121/000001,0.73,orden_dia,A,1,9,Votación de conjunto del Proyecto de Ley Orgánica de representación paritaria y presencia equilibrada de mujeres y hombr
56,69,121/000010,0.76,orden_dia,A,10,9,Proyecto de Ley de creación de la Autoridad Administrativa Independiente para la Investigación Técnica de Accidentes e I
56,70,121/000010,0.76,orden_dia,A,10,9,Proyecto de Ley de creación de la Autoridad Administrativa Independiente para la Investigación Técnica de Accidentes e I
56,71,121/000010,0.76,orden_dia,A,10,9,Proyecto de Ley de creación de la Autoridad Administrativa Independiente para la Investigación Técnica de Accidentes e I
56,72,121/000010,0.76,orden_dia,A,10,9,Proyecto de Ley de creación de la Autoridad Administrativa Independiente para la Investigación Técnica de Accidentes e I
56,73,121/000010,0.76,orden_dia,A,10,9,Proyecto de Ley de creación de la Autoridad Administrativa Independiente para la Investigación Técnica de Accidentes e I
56,74,121/000010,0.76,orden_dia,A,10,9,Proyecto de Ley de creación de la Autoridad Administrativa Independiente para la Investigación Técnica de Accidentes e I
56,75,130/000007,1.00,orden_dia,,,9,"Real Decreto-ley 4/2024, de 26 de junio, por el que se prorrogan determinadas medidas para afrontar las consecuencias ec"
56,76,130/000007,0.83,orden_dia,,,9,"Tramitación como Proyecto de Ley por el procedimiento de urgencia del Real Decreto-ley 4/2024, de 26 de junio, por el qu"
56,77,430/000005,0.90,orden_dia,D,182,9,Acuerdo del Gobierno por el que se fijan los objetivos de estabilidad presupuestaria y de deuda pública para el conjunto
57,1,122/000028,0.93,orden_dia,B,42,6,"Proposición de Ley del Grupo Parlamentario Popular en el Congreso, Orgánica de modificación de la Ley Orgánica 5/1985, d"
57,2,122/000056,0.96,orden_dia,B,66,6,"Proposición de Ley del Grupo Parlamentario VOX, por la que se modifica el artículo 274 del texto refundido de la Ley Gen"
57,3,121/000030,0.83,orden_dia,A,30,6,"Votación de conjunto del texto del Proyecto de Ley Orgánica por la que se modifica la Ley Orgánica 13/1982, de 10 de ago"
58,1,162/000286,0.94,orden_dia,D,189,30,"Proposición no de Ley del Grupo Parlamentario Popular en el Congreso, relativa al reconocimiento de Edmundo González Urr"
58,2,162/000262,0.91,orden_dia,D,166,30,"Proposición no de Ley del Grupo Parlamentario Socialista, por la que se insta al Gobierno a adoptar medidas en relación "
58,3,173/000040,0.77,orden_dia,,,30,"Moción consecuencia de interpelación urgente del Grupo Parlamentario VOX, sobre los planes del Gobierno para la sanidad "
58,4,173/000040,0.77,orden_dia,,,30,"Moción consecuencia de interpelación urgente del Grupo Parlamentario VOX, sobre los planes del Gobierno para la sanidad "
58,5,173/000040,0.77,orden_dia,,,30,"Moción consecuencia de interpelación urgente del Grupo Parlamentario VOX, sobre los planes del Gobierno para la sanidad "
58,6,173/000040,0.77,orden_dia,,,30,"Moción consecuencia de interpelación urgente del Grupo Parlamentario VOX, sobre los planes del Gobierno para la sanidad "
58,7,173/000040,0.77,orden_dia,,,30,"Moción consecuencia de interpelación urgente del Grupo Parlamentario VOX, sobre los planes del Gobierno para la sanidad "
58,8,173/000040,0.77,orden_dia,,,30,"Moción consecuencia de interpelación urgente del Grupo Parlamentario VOX, sobre los planes del Gobierno para la sanidad "
58,9,173/000041,0.89,orden_dia,,,30,"Moción consecuencia de interpelación urgente del Grupo Parlamentario Popular en el Congreso, para que el Gobierno dé cue"
58,10,173/000042,0.91,orden_dia,,,30,"Moción consecuencia de interpelación urgente del Grupo Parlamentario Republicano, sobre la necesidad de reducir el tiemp"
58,11,158/000004,1.00,orden_dia,D,176,30,"Propuesta de la Comisión de Igualdad, de creación de una Subcomisión relativa a la lucha contra los discursos de odio."
59,1,122/000119,0.92,orden_dia,B,134,7,"Proposición de Ley del Grupo Parlamentario Plurinacional SUMAR, relativa a la regulación de los contratos de alquiler de"
59,2,122/000083,0.94,orden_dia,B,97,7,"Proposición de Ley del Grupo Parlamentario Junts per Catalunya, Orgánica en materia de multirreincidencia, por la que se"
59,3,121/000017,1.00,orden_dia,A,17,7,"Proyecto de Ley Orgánica por la que se modifica la Ley Orgánica 7/2014, de 12 de noviembre, sobre intercambio de informa"
60,1,121/000017,0.95,orden_dia,A,17,30,"Proyecto de Ley Orgánica por la que se modifica la Ley Orgánica 7/2014, de 12 de noviembre, sobre intercambio de informa"
60,2,121/000017,0.80,orden_dia,A,17,30,"Proyecto de Ley Orgánica por la que se modifica la Ley Orgánica 7/2014, de 12 de noviembre, sobre intercambio de informa"
60,3,162/000203,0.89,orden_dia,D,127,30,"Proposición no de Ley del Grupo Parlamentario VOX, relativa a la defensa del principio de la caja única de la Seguridad "
60,4,162/000270,0.68,orden_dia,D,176,30,"Proposición no de Ley del Grupo Parlamentario Plurinacional SUMAR, relativa a la creación de una empresa pública para la"
60,5,173/000043,0.79,orden_dia,,,30,"Moción consecuencia de interpelación urgente del Grupo Parlamentario VOX, sobre las medidas que el Gobierno va a adoptar"
60,6,173/000044,0.85,orden_dia,,,30,"Moción consecuencia de interpelación urgente del Grupo Parlamentario Mixto (Sr. Catalán Higueras), sobre los plazos y pr"
60,7,173/000045,0.91,orden_dia,,,30,"Moción consecuencia de interpelación urgente del Grupo Parlamentario Popular en el Congreso, sobre la crisis migratoria "
61,1,122/000002,0.92,orden_dia,B,2,8,"Proposición de Ley el Grupo Parlamentario Vasco (EAJ-PNV), de modificación de la Ley 11/2002, de 6 de mayo, reguladora d"
61,2,122/000068,0.94,orden_dia,B,80,8,"Proposición de Ley del Grupo Parlamentario Mixto, Orgánica para el impulso de la aplicación de la Ley Orgánica 10/2022, "
63,1,162/000234,0.89,orden_dia,D,142,11,"Proposición no de Ley del Grupo Parlamentario Vasco (EAJ-PNV), relativa al reconocimiento y compensación de las víctimas"
63,2,162/000293,0.89,orden_dia,D,194,11,"Proposición no de Ley del Grupo Parlamentario Mixto (Sra. Valido García), sobre la paralización definitiva de la privati"
63,3,173/000046,0.81,orden_dia,,,11,"Moción consecuencia de interpelación urgente del Grupo Parlamentario VOX, sobre cuál es la política de colaboración del "
63,4,173/000047,0.89,orden_dia,,,11,"Moción consecuencia de interpelación urgente del Grupo Parlamentario Popular en el Congreso, para que el Gobierno expliq"
63,5,173/000047,0.89,orden_dia,,,11,"Moción consecuencia de interpelación urgente del Grupo Parlamentario Popular en el Congreso, para que el Gobierno expliq"
63,6,121/000009,0.50,orden_dia,A,9,11,"Proyecto de Ley de Movilidad Sostenible.
Enmienda a la totalidad de devolución presentada por el Grupo Parlamentario Pop"
63,7,121/000009,0.67,orden_dia,A,9,11,"Proyecto de Ley de Movilidad Sostenible.
Solicitudes de avocación por el Pleno de la Cámara de la deliberación y votació"
63,8,122/000128,0.71,orden_dia,,,11,Solicitudes de avocación por el Pleno de la Cámara de la deliberación y votación final de la Proposición de Ley para mej
63,9,121/000023,0.81,orden_dia,A,23,11,Solicitud de avocación por el Pleno de la Cámara de la deliberación y votación final del Proyecto de Ley por la que se e
64,1,120/000001,1.00,orden_dia,B,8,6,"Proposición de Ley de modificación de la Ley 39/2006, de 14 de diciembre, de Promoción de la Autonomía Personal y Atenci"
64,2,122/000126,0.90,orden_dia,B,141,6,"Proposición de Ley del Grupo Parlamentario Socialista, Orgánica por la que se modifica la Ley Orgánica 1/2002, de 22 de "
66,1,122/000128,1.00,orden_dia,B,144,12,Proposición de Ley para mejorar la calidad de vida de personas con Esclerosis Lateral Amiotrófica y otras enfermedades o
66,2,122/000128,1.00,orden_dia,B,144,12,Proposición de Ley para mejorar la calidad de vida de personas con Esclerosis Lateral Amiotrófica y otras enfermedades o
66,3,162/000282,0.90,orden_dia,D,194,12,"Proposición no de Ley del Grupo Parlamentario Popular en el Congreso, para revertir el empeoramiento del compromiso de p"
66,4,162/000282,0.90,orden_dia,D,194,12,"Proposición no de Ley del Grupo Parlamentario Popular en el Congreso, para revertir el empeoramiento del compromiso de p"
66,5,162/000282,0.90,orden_dia,D,194,12,"Proposición no de Ley del Grupo Parlamentario Popular en el Congreso, para revertir el empeoramiento del compromiso de p"
66,6,162/000315,0.92,orden_dia,D,204,12,"Proposición no de Ley del Grupo Parlamentario Socialista, para reducir la tasa máxima de alcohol en sangre permitida a t"
66,7,173/000048,0.68,orden_dia,,,12,"Moción consecuencia de interpelación urgente del Grupo Parlamentario Mixto (Sra. Valido García), sobre la declaración de"
66,8,173/000049,0.78,orden_dia,,,12,"Moción consecuencia de interpelación urgente del Grupo Parlamentario VOX, sobre cuál es la política del Gobierno en mate"
66,9,173/000049,0.78,orden_dia,,,12,"Moción consecuencia de interpelación urgente del Grupo Parlamentario VOX, sobre cuál es la política del Gobierno en mate"
66,10,173/000049,0.78,orden_dia,,,12,"Moción consecuencia de interpelación urgente del Grupo Parlamentario VOX, sobre cuál es la política del Gobierno en mate"
66,11,173/000049,0.78,orden_dia,,,12,"Moción consecuencia de interpelación urgente del Grupo Parlamentario VOX, sobre cuál es la política del Gobierno en mate"
66,12,173/000049,0.78,orden_dia,,,12,"Moción consecuencia de interpelación urgente del Grupo Parlamentario VOX, sobre cuál es la política del Gobierno en mate"
66,13,173/000049,0.78,orden_dia,,,12,"Moción consecuencia de interpelación urgente del Grupo Parlamentario VOX, sobre cuál es la política del Gobierno en mate"
66,14,173/000050,0.71,orden_dia,,,12,"Moción consecuencia de interpelación urgente del Grupo Parlamentario Popular en el Congreso, sobre los principios democr"
66,15,122/000128,0.89,orden_dia,B,144,12,Votación del dictamen de la Proposición de Ley para mejorar la calidad de vida de personas con Esclerosis Lateral Amiotr
66,16,110/000029,1.00,orden_dia,A,52,12,"Acuerdo sobre Inmunidades y Prerrogativas entre el Reino de España y el Banco Centroamericano de Integración Económica, "
66,17,110/000030,1.00,orden_dia,A,55,12,Acuerdo entre el Reino de España y los Estados Unidos de América sobre la cooperación en el despliegue de agentes de seg
66,18,110/000031,1.00,orden_dia,A,58,12,Acuerdo complementario del Convenio Básico de cooperación científica y técnica entre el Reino de España y los Estados Un
66,19,110/000032,1.00,orden_dia,A,70,12,Acuerdo entre el Reino de España y la Corte Penal Internacional relativo a la ejecución de las penas de la Corte Penal I
66,20,110/000033,1.00,orden_dia,A,72,12,"Acuerdo entre el Reino de España y la Organización de las Naciones Unidas para la Educación, la Ciencia y la Cultura rel"
67,1,122/000110,0.93,orden_dia,B,123,7,"Proposición de Ley del Grupo Parlamentario Popular en el Congreso, Orgánica de modificación de la Ley Orgánica 5/1985, d"
67,2,122/000054,0.89,orden_dia,B,63,7,"Proposición de Ley del Grupo Parlamentario VOX,  Orgánica relativa a la modificación del régimen jurídico de la nacional"
67,3,121/000025,0.67,orden_dia,A,25,7,"Votación de la enmienda a la totalidad de texto alternativo al Proyecto de Ley por la que se modifica la Ley 1/2005, de "
68,1,162/000242,0.93,orden_dia,D,146,29,"Proposición no de Ley del Grupo Parlamentario Popular en el Congreso, sobre equiparación salarial real y total de la Pol"
68,2,162/000242,0.93,orden_dia,D,146,29,"Proposición no de Ley del Grupo Parlamentario Popular en el Congreso, sobre equiparación salarial real y total de la Pol"
68,3,162/000242,0.93,orden_dia,D,146,29,"Proposición no de Ley del Grupo Parlamentario Popular en el Congreso, sobre equiparación salarial real y total de la Pol"
68,4,162/000242,0.93,orden_dia,D,146,29,"Proposición no de Ley del Grupo Parlamentario Popular en el Congreso, sobre equiparación salarial real y total de la Pol"
68,5,162/000236,0.77,orden_dia,D,142,29,"Proposición no de Ley del Grupo Parlamentario Socialista, sobre lucha contra la violencia de género en el ámbito digital"
68,6,173/000052,0.77,orden_dia,,,29,"Moción consecuencia de interpelación urgente del Grupo Parlamentario VOX, sobre las medidas que va a adoptar el Gobierno"
68,7,173/000052,0.77,orden_dia,,,29,"Moción consecuencia de interpelación urgente del Grupo Parlamentario VOX, sobre las medidas que va a adoptar el Gobierno"
68,8,173/000052,0.77,orden_dia,,,29,"Moción consecuencia de interpelación urgente del Grupo Parlamentario VOX, sobre las medidas que va a adoptar el Gobierno"
68,9,173/000052,0.77,orden_dia,,,29,"Moción consecuencia de interpelación urgente del Grupo Parlamentario VOX, sobre las medidas que va a adoptar el Gobierno"
68,10,173/000052,0.77,orden_dia,,,29,"Moción consecuencia de interpelación urgente del Grupo Parlamentario VOX, sobre las medidas que va a adoptar el Gobierno"
68,11,173/000053,0.92,orden_dia,,,29,"Moción consecuencia de interpelación urgente del Grupo Parlamentario Mixto (Sr. Rego Candamil), relativa a la disposició"
68,12,173/000053,0.92,orden_dia,,,29,"Moción consecuencia de interpelación urgente del Grupo Parlamentario Mixto (Sr. Rego Candamil), relativa a la disposició"
68,13,173/000053,0.92,orden_dia,,,29,"Moción consecuencia de interpelación urgente del Grupo Parlamentario Mixto (Sr. Rego Candamil), relativa a la disposició"
68,14,173/000054,0.83,orden_dia,,,29,"Moción consecuencia de interpelación urgente del Grupo Parlamentario Popular en el Congreso, sobre las múltiples inciden"
69,1,122/000116,0.93,orden_dia,B,132,6,"Proposición de Ley del Grupo Parlamentario Popular en el Congreso, Orgánica relativa a la reforma de la Ley Orgánica 5/2"
69,2,122/000124,0.93,orden_dia,B,139,6,"Proposición de Ley del Grupo Parlamentario Plurinacional SUMAR, relativa a la regulación de las cláusulas Redito Ad Libi"
69,3,121/000033,0.79,orden_dia,A,33,6,Votación de la enmienda a la totalidad de devolución al Proyecto de Ley por la que se modifican el texto refundido de la
70,1,162/000329,0.92,orden_dia,D,213,31,"Proposición no de Ley del Grupo Parlamentario Popular en el Congreso, relativa a la revisión y readecuación de la normat"
70,2,162/000329,0.92,orden_dia,D,213,31,"Proposición no de Ley del Grupo Parlamentario Popular en el Congreso, relativa a la revisión y readecuación de la normat"
70,3,162/000329,0.92,orden_dia,D,213,31,"Proposición no de Ley del Grupo Parlamentario Popular en el Congreso, relativa a la revisión y readecuación de la normat"
70,4,162/000329,0.92,orden_dia,D,213,31,"Proposición no de Ley del Grupo Parlamentario Popular en el Congreso, relativa a la revisión y readecuación de la normat"
70,5,162/000329,0.92,orden_dia,D,213,31,"Proposición no de Ley del Grupo Parlamentario Popular en el Congreso, relativa a la revisión y readecuación de la normat"
70,6,162/000329,0.92,orden_dia,D,213,31,"Proposición no de Ley del Grupo Parlamentario Popular en el Congreso, relativa a la revisión y readecuación de la normat"
70,7,162/000329,0.92,orden_dia,D,213,31,"Proposición no de Ley del Grupo Parlamentario Popular en el Congreso, relativa a la revisión y readecuación de la normat"
70,8,162/000329,0.92,orden_dia,D,213,31,"Proposición no de Ley del Grupo Parlamentario Popular en el Congreso, relativa a la revisión y readecuación de la normat"
70,9,162/000329,0.92,orden_dia,D,213,31,"Proposición no de Ley del Grupo Parlamentario Popular en el Congreso, relativa a la revisión y readecuación de la normat"
70,10,162/000329,0.92,orden_dia,D,213,31,"Proposición no de Ley del Grupo Parlamentario Popular en el Congreso, relativa a la revisión y readecuación de la normat"
70,11,162/000327,0.60,orden_dia,D,213,31,"Proposición no de Ley del Grupo Parlamentario Socialista, para reforzar la protección digital de la salud mental de la j"
70,12,173/000055,0.85,orden_dia,,,31,"Moción consecuencia de interpelación urgente del Grupo Parlamentario Junts per Catalunya, sobre un Corredor Mediterráneo"
70,13,173/000056,0.95,orden_dia,,,31,"Moción consecuencia de interpelación urgente del Grupo Parlamentario Popular en el Congreso, sobre la implicación del Mi"
70,14,173/000056,0.95,orden_dia,,,31,"Moción consecuencia de interpelación urgente del Grupo Parlamentario Popular en el Congreso, sobre la implicación del Mi"
70,15,173/000056,0.95,orden_dia,,,31,"Moción consecuencia de interpelación urgente del Grupo Parlamentario Popular en el Congreso, sobre la implicación del Mi"
70,16,173/000056,0.95,orden_dia,,,31,"Moción consecuencia de interpelación urgente del Grupo Parlamentario Popular en el Congreso, sobre la implicación del Mi"
70,17,173/000056,0.95,orden_dia,,,31,"Moción consecuencia de interpelación urgente del Grupo Parlamentario Popular en el Congreso, sobre la implicación del Mi"
70,18,173/000056,0.95,orden_dia,,,31,"Moción consecuencia de interpelación urgente del Grupo Parlamentario Popular en el Congreso, sobre la implicación del Mi"
70,19,173/000056,0.95,orden_dia,,,31,"Moción consecuencia de interpelación urgente del Grupo Parlamentario Popular en el Congreso, sobre la implicación del Mi"
70,20,173/000056,0.95,orden_dia,,,31,"Moción consecuencia de interpelación urgente del Grupo Parlamentario Popular en el Congreso, sobre la implicación del Mi"
70,21,173/000057,0.92,orden_dia,,,31,"Moción consecuencia de interpelación urgente del Grupo Parlamentario VOX, sobre las medidas que va a adoptar el Gobierno"
70,22,173/000057,0.92,orden_dia,,,31,"Moción consecuencia de interpelación urgente del Grupo Parlamentario VOX, sobre las medidas que va a adoptar el Gobierno"
70,23,173/000057,0.92,orden_dia,,,31,"Moción consecuencia de interpelación urgente del Grupo Parlamentario VOX, sobre las medidas que va a adoptar el Gobierno"
70,24,173/000057,0.92,orden_dia,,,31,"Moción consecuencia de interpelación urgente del Grupo Parlamentario VOX, sobre las medidas que va a adoptar el Gobierno"
70,25,173/000057,0.92,orden_dia,,,31,"Moción consecuencia de interpelación urgente del Grupo Parlamentario VOX, sobre las medidas que va a adoptar el Gobierno"
70,26,173/000057,0.92,orden_dia,,,31,"Moción consecuencia de interpelación urgente del Grupo Parlamentario VOX, sobre las medidas que va a adoptar el Gobierno"
70,27,173/000057,0.92,orden_dia,,,31,"Moción consecuencia de interpelación urgente del Grupo Parlamentario VOX, sobre las medidas que va a adoptar el Gobierno"
70,28,173/000057,0.92,orden_dia,,,31,"Moción consecuencia de interpelación urgente del Grupo Parlamentario VOX, sobre las medidas que va a adoptar el Gobierno"
70,29,042/000017,1.00,orden_dia,,,31,Dictamen de la Comisión del Estatuto de los Diputados sobre declaración de actividades de Excmos. Sres. Diputados.
70,30,152/000001,1.00,orden_dia,D,55,31,Solicitud de prórroga por un año del plazo para la realización del Dictamen de la Comisión de Investigación sobre la den
70,31,152/000002,1.00,orden_dia,D,55,31,"Solicitud de prórroga, hasta la finalización de los trabajos que tiene atribuidos, del plazo para la realización del Dic"
71,1,122/000131,0.93,orden_dia,B,148,6,"Proposición de Ley de los Grupos Parlamentarios Socialista, Plurinacional SUMAR, Euskal Herria Bildu y Vasco (EAJ-PNV), "
71,2,122/000125,0.93,orden_dia,B,140,6,"Proposición de Ley del Grupo Parlamentario Popular en el Congreso, para garantizar la representación internacional de la"
73,1,,0.00,,,,0,"Real Decreto-ley 5/2024, de 22 de octubre, por el que se modifica la Ley 17/2006, de 5 de junio, de la radio y la televi"
73,2,,0.00,,,,0,"Tramitación como Proyecto de Ley por el procedimiento de urgencia del Real Decreto-ley 5/2024, de 22 de octubre, por el "
74,2,125/000007,0.92,orden_dia,B,95,3,"Proposición de Ley del Parlamento de Cataluña, de modificación de la prescripción de los delitos contra la libertad sexu"
76,1,121/000016,1.00,orden_dia,A,16,11,Proyecto de Ley Orgánica de medidas en materia de eficiencia del Servicio Público de Justicia (antes denominado Proyecto
76,2,121/000016,1.00,orden_dia,A,16,11,Proyecto de Ley Orgánica de medidas en materia de eficiencia del Servicio Público de Justicia (antes denominado Proyecto
76,3,121/000016,1.00,orden_dia,A,16,11,Proyecto de Ley Orgánica de medidas en materia de eficiencia del Servicio Público de Justicia (antes denominado Proyecto
76,4,121/000016,1.00,orden_dia,A,16,11,Proyecto de Ley Orgánica de medidas en materia de eficiencia del Servicio Público de Justicia (antes denominado Proyecto
76,5,121/000016,1.00,orden_dia,A,16,11,Proyecto de Ley Orgánica de medidas en materia de eficiencia del Servicio Público de Justicia (antes denominado Proyecto
76,6,121/000016,1.00,orden_dia,A,16,11,Proyecto de Ley Orgánica de medidas en materia de eficiencia del Servicio Público de Justicia (antes denominado Proyecto
76,7,121/000016,1.00,orden_dia,A,16,11,Proyecto de Ley Orgánica de medidas en materia de eficiencia del Servicio Público de Justicia (antes denominado Proyecto
76,8,121/000016,1.00,orden_dia,A,16,11,Proyecto de Ley Orgánica de medidas en materia de eficiencia del Servicio Público de Justicia (antes denominado Proyecto
76,9,121/000016,1.00,orden_dia,A,16,11,Proyecto de Ley Orgánica de medidas en materia de eficiencia del Servicio Público de Justicia (antes denominado Proyecto
76,10,121/000016,1.00,orden_dia,A,16,11,Proyecto de Ley Orgánica de medidas en materia de eficiencia del Servicio Público de Justicia (antes denominado Proyecto
76,11,121/000016,1.00,orden_dia,A,16,11,Proyecto de Ley Orgánica de medidas en materia de eficiencia del Servicio Público de Justicia (antes denominado Proyecto
76,12,121/000016,1.00,orden_dia,A,16,11,Proyecto de Ley Orgánica de medidas en materia de eficiencia del Servicio Público de Justicia (antes denominado Proyecto
76,13,121/000016,1.00,orden_dia,A,16,11,Proyecto de Ley Orgánica de medidas en materia de eficiencia del Servicio Público de Justicia (antes denominado Proyecto
76,14,121/000016,1.00,orden_dia,A,16,11,Proyecto de Ley Orgánica de medidas en materia de eficiencia del Servicio Público de Justicia (antes denominado Proyecto
76,15,121/000016,1.00,orden_dia,A,16,11,Proyecto de Ley Orgánica de medidas en materia de eficiencia del Servicio Público de Justicia (antes denominado Proyecto
76,16,121/000016,1.00,orden_dia,A,16,11,Proyecto de Ley Orgánica de medidas en materia de eficiencia del Servicio Público de Justicia (antes denominado Proyecto
76,17,121/000016,1.00,orden_dia,A,16,11,Proyecto de Ley Orgánica de medidas en materia de eficiencia del Servicio Público de Justicia (antes denominado Proyecto
76,18,121/000016,1.00,orden_dia,A,16,11,Proyecto de Ley Orgánica de medidas en materia de eficiencia del Servicio Público de Justicia (antes denominado Proyecto
76,19,121/000016,1.00,orden_dia,A,16,11,Proyecto de Ley Orgánica de medidas en materia de eficiencia del Servicio Público de Justicia (antes denominado Proyecto
76,20,121/000016,1.00,orden_dia,A,16,11,Proyecto de Ley Orgánica de medidas en materia de eficiencia del Servicio Público de Justicia (antes denominado Proyecto
76,21,121/000016,0.69,orden_dia,A,16,11,Proyecto de Ley Orgánica de medidas en materia de eficiencia del Servicio Público de Justicia (antes denominado Proyecto
76,22,121/000016,0.69,orden_dia,A,16,11,Proyecto de Ley Orgánica de medidas en materia de eficiencia del Servicio Público de Justicia (antes denominado Proyecto
76,23,121/000016,0.69,orden_dia,A,16,11,Proyecto de Ley Orgánica de medidas en materia de eficiencia del Servicio Público de Justicia (antes denominado Proyecto
76,24,121/000016,0.69,orden_dia,A,16,11,Proyecto de Ley Orgánica de medidas en materia de eficiencia del Servicio Público de Justicia (antes denominado Proyecto
76,25,121/000016,0.69,orden_dia,A,16,11,Proyecto de Ley Orgánica de medidas en materia de eficiencia del Servicio Público de Justicia (antes denominado Proyecto
76,26,121/000016,0.69,orden_dia,A,16,11,Proyecto de Ley Orgánica de medidas en materia de eficiencia del Servicio Público de Justicia (antes denominado Proyecto
76,27,121/000016,0.69,orden_dia,A,16,11,Proyecto de Ley Orgánica de medidas en materia de eficiencia del Servicio Público de Justicia (antes denominado Proyecto
76,28,121/000016,0.69,orden_dia,A,16,11,Proyecto de Ley Orgánica de medidas en materia de eficiencia del Servicio Público de Justicia (antes denominado Proyecto
76,29,121/000016,0.69,orden_dia,A,16,11,Proyecto de Ley Orgánica de medidas en materia de eficiencia del Servicio Público de Justicia (antes denominado Proyecto
76,30,121/000016,0.69,orden_dia,A,16,11,Proyecto de Ley Orgánica de medidas en materia de eficiencia del Servicio Público de Justicia (antes denominado Proyecto
76,31,121/000016,0.69,orden_dia,A,16,11,Proyecto de Ley Orgánica de medidas en materia de eficiencia del Servicio Público de Justicia (antes denominado Proyecto
76,32,121/000016,0.69,orden_dia,A,16,11,Proyecto de Ley Orgánica de medidas en materia de eficiencia del Servicio Público de Justicia (antes denominado Proyecto
76,33,121/000016,0.69,orden_dia,A,16,11,Proyecto de Ley Orgánica de medidas en materia de eficiencia del Servicio Público de Justicia (antes denominado Proyecto
76,35,250/000004,1.00,orden_dia,A,87,11,Dictamen de la Comisión Mixta para las Relaciones con el Tribunal de Cuentas en relación con la Declaración sobre la Cue
76,36,110/000035,1.00,orden_dia,A,76,11,"Convenio de Seguridad Social entre el Reino de España y los Estados Unidos de América, hecho en Madrid el 8 de abril de "
76,37,110/000036,1.00,orden_dia,A,77,11,Resolución 79-1 de la Junta de Gobernadores del Fondo Monetario Internacional relativa a la Decimosexta Revisión General
76,38,121/000016,0.69,orden_dia,A,16,11,Proyecto de Ley Orgánica de medidas en materia de eficiencia del Servicio Público de Justicia (antes denominado Proyecto
76,39,121/000016,1.00,orden_dia,A,16,11,Proyecto de Ley Orgánica de medidas en materia de eficiencia del Servicio Público de Justicia (antes denominado Proyecto
76,40,121/000016,0.75,orden_dia,A,16,11,Proyecto de Ley Orgánica de medidas en materia de eficiencia del Servicio Público de Justicia (antes denominado Proyecto
76,41,121/000025,0.80,orden_dia,A,25,11,Votación de la solicitud de avocación por el Pleno de la Cámara de la deliberación y votación final del Proyecto de Ley 
76,42,162/000116,0.67,orden_dia,D,82,11,"Proposición no de Ley del Grupo Parlamentario VOX, para defender al campo español.
Se vota en los términos de la enmiend"
76,43,162/000241,1.00,orden_dia,D,146,11,"Proposición no de Ley del Grupo Parlamentario Popular en el Congreso, reclamando el cese del Fiscal General del Estado."
76,44,173/000058,1.00,orden_dia,,,11,"Moción consecuencia de interpelación urgente del Grupo Parlamentario VOX, sobre las medidas que va a adoptar el Gobierno"
76,45,173/000059,1.00,orden_dia,,,11,"Moción consecuencia de interpelación urgente del Grupo Parlamentario Popular en el Congreso, sobre la responsabilidad de"
77,1,122/000130,0.96,orden_dia,B,147,7,"Proposición de Ley del Grupo Parlamentario Socialista, de modificación de la Ley 24/2013, de 26 de diciembre, del Sector"
77,2,122/000081,0.95,orden_dia,B,92,7,"Proposición de Ley del Grupo Parlamentario Popular en el Congreso, Orgánica de modificación de la Ley Orgánica 1/1979, d"
79,1,121/000023,1.00,orden_dia,A,23,13,Proyecto de Ley por la que se establecen un Impuesto Complementario para garantizar un nivel mínimo global de imposición
79,2,121/000023,1.00,orden_dia,A,23,13,Proyecto de Ley por la que se establecen un Impuesto Complementario para garantizar un nivel mínimo global de imposición
79,3,121/000023,1.00,orden_dia,A,23,13,Proyecto de Ley por la que se establecen un Impuesto Complementario para garantizar un nivel mínimo global de imposición
79,4,121/000023,1.00,orden_dia,A,23,13,Proyecto de Ley por la que se establecen un Impuesto Complementario para garantizar un nivel mínimo global de imposición
79,5,121/000023,1.00,orden_dia,A,23,13,Proyecto de Ley por la que se establecen un Impuesto Complementario para garantizar un nivel mínimo global de imposición
79,6,121/000023,1.00,orden_dia,A,23,13,Proyecto de Ley por la que se establecen un Impuesto Complementario para garantizar un nivel mínimo global de imposición
79,7,121/000023,1.00,orden_dia,A,23,13,Proyecto de Ley por la que se establecen un Impuesto Complementario para garantizar un nivel mínimo global de imposición
79,8,121/000023,1.00,orden_dia,A,23,13,Proyecto de Ley por la que se establecen un Impuesto Complementario para garantizar un nivel mínimo global de imposición
79,9,121/000023,1.00,orden_dia,A,23,13,Proyecto de Ley por la que se establecen un Impuesto Complementario para garantizar un nivel mínimo global de imposición
79,10,121/000023,1.00,orden_dia,A,23,13,Proyecto de Ley por la que se establecen un Impuesto Complementario para garantizar un nivel mínimo global de imposición
79,11,121/000023,1.00,orden_dia,A,23,13,Proyecto de Ley por la que se establecen un Impuesto Complementario para garantizar un nivel mínimo global de imposición
79,12,121/000023,1.00,orden_dia,A,23,13,Proyecto de Ley por la que se establecen un Impuesto Complementario para garantizar un nivel mínimo global de imposición
79,13,121/000023,1.00,orden_dia,A,23,13,Proyecto de Ley por la que se establecen un Impuesto Complementario para garantizar un nivel mínimo global de imposición
79,14,121/000023,1.00,orden_dia,A,23,13,Proyecto de Ley por la que se establecen un Impuesto Complementario para garantizar un nivel mínimo global de imposición
79,15,121/000023,1.00,orden_dia,A,23,13,Proyecto de Ley por la que se establecen un Impuesto Complementario para garantizar un nivel mínimo global de imposición
79,16,121/000023,1.00,orden_dia,A,23,13,Proyecto de Ley por la que se establecen un Impuesto Complementario para garantizar un nivel mínimo global de imposición
79,17,121/000023,0.81,orden_dia,A,23,13,Proyecto de Ley por la que se establecen un Impuesto Complementario para garantizar un nivel mínimo global de imposición
79,18,121/000023,0.77,orden_dia,A,23,13,Proyecto de Ley por la que se establecen un Impuesto Complementario para garantizar un nivel mínimo global de imposición
79,19,121/000023,1.00,orden_dia,A,23,13,Proyecto de Ley por la que se establecen un Impuesto Complementario para garantizar un nivel mínimo global de imposición
79,20,121/000023,1.00,orden_dia,A,23,13,Proyecto de Ley por la que se establecen un Impuesto Complementario para garantizar un nivel mínimo global de imposición
79,21,121/000023,1.00,orden_dia,A,23,13,Proyecto de Ley por la que se establecen un Impuesto Complementario para garantizar un nivel mínimo global de imposición
79,22,121/000023,1.00,orden_dia,A,23,13,Proyecto de Ley por la que se establecen un Impuesto Complementario para garantizar un nivel mínimo global de imposición
79,23,121/000023,0.81,orden_dia,A,23,13,Proyecto de Ley por la que se establecen un Impuesto Complementario para garantizar un nivel mínimo global de imposición
79,24,121/000023,0.77,orden_dia,A,23,13,Proyecto de Ley por la que se establecen un Impuesto Complementario para garantizar un nivel mínimo global de imposición
79,25,162/000333,0.68,orden_dia,D,218,13,"Proposición no de Ley del Grupo Parlamentario Socialista, sobre el compromiso con el derecho a la igualdad efectiva entr"
79,26,162/000057,0.87,orden_dia,D,34,13,"Proposición no de Ley del Grupo Parlamentario Plurinacional SUMAR, sobre medidas urgentes para garantizar el abastecimie"
79,27,173/000060,0.84,orden_dia,,,13,"Moción consecuencia de interpelación urgente del Grupo Parlamentario Mixto (Sra. Belarra Urteaga y Sr. Sánchez Serna), e"
79,28,173/000061,0.90,orden_dia,,,13,"Moción consecuencia de interpelación urgente del Grupo Parlamentario VOX, sobre la política del Gobierno acerca de la pa"
79,29,173/000061,0.90,orden_dia,,,13,"Moción consecuencia de interpelación urgente del Grupo Parlamentario VOX, sobre la política del Gobierno acerca de la pa"
79,30,173/000061,0.90,orden_dia,,,13,"Moción consecuencia de interpelación urgente del Grupo Parlamentario VOX, sobre la política del Gobierno acerca de la pa"
79,31,173/000061,0.90,orden_dia,,,13,"Moción consecuencia de interpelación urgente del Grupo Parlamentario VOX, sobre la política del Gobierno acerca de la pa"
79,32,173/000061,0.90,orden_dia,,,13,"Moción consecuencia de interpelación urgente del Grupo Parlamentario VOX, sobre la política del Gobierno acerca de la pa"
79,33,173/000062,0.71,orden_dia,,,13,"Moción consecuencia de interpelación urgente del Grupo Parlamentario VOX, sobre las medidas que va a adoptar el Gobierno"
79,34,173/000062,0.71,orden_dia,,,13,"Moción consecuencia de interpelación urgente del Grupo Parlamentario VOX, sobre las medidas que va a adoptar el Gobierno"
79,35,173/000062,0.71,orden_dia,,,13,"Moción consecuencia de interpelación urgente del Grupo Parlamentario VOX, sobre las medidas que va a adoptar el Gobierno"
79,36,173/000062,0.71,orden_dia,,,13,"Moción consecuencia de interpelación urgente del Grupo Parlamentario VOX, sobre las medidas que va a adoptar el Gobierno"
79,37,173/000062,0.71,orden_dia,,,13,"Moción consecuencia de interpelación urgente del Grupo Parlamentario VOX, sobre las medidas que va a adoptar el Gobierno"
79,38,173/000062,0.71,orden_dia,,,13,"Moción consecuencia de interpelación urgente del Grupo Parlamentario VOX, sobre las medidas que va a adoptar el Gobierno"
79,39,173/000062,0.71,orden_dia,,,13,"Moción consecuencia de interpelación urgente del Grupo Parlamentario VOX, sobre las medidas que va a adoptar el Gobierno"
79,40,173/000062,0.71,orden_dia,,,13,"Moción consecuencia de interpelación urgente del Grupo Parlamentario VOX, sobre las medidas que va a adoptar el Gobierno"
79,41,173/000062,0.71,orden_dia,,,13,"Moción consecuencia de interpelación urgente del Grupo Parlamentario VOX, sobre las medidas que va a adoptar el Gobierno"
79,42,173/000062,0.71,orden_dia,,,13,"Moción consecuencia de interpelación urgente del Grupo Parlamentario VOX, sobre las medidas que va a adoptar el Gobierno"
79,43,173/000062,0.71,orden_dia,,,13,"Moción consecuencia de interpelación urgente del Grupo Parlamentario VOX, sobre las medidas que va a adoptar el Gobierno"
79,44,173/000062,0.71,orden_dia,,,13,"Moción consecuencia de interpelación urgente del Grupo Parlamentario VOX, sobre las medidas que va a adoptar el Gobierno"
79,45,173/000063,0.82,orden_dia,,,13,"Moción consecuencia de interpelación urgente del Grupo Parlamentario Mixto (Sr. Catalán Higueras), sobre los trámites pe"
79,46,173/000064,0.86,orden_dia,,,13,"Moción consecuencia de interpelación urgente del Grupo Parlamentario Popular en el Congreso, sobre las responsabilidades"
79,47,173/000064,0.86,orden_dia,,,13,"Moción consecuencia de interpelación urgente del Grupo Parlamentario Popular en el Congreso, sobre las responsabilidades"
79,48,173/000064,0.86,orden_dia,,,13,"Moción consecuencia de interpelación urgente del Grupo Parlamentario Popular en el Congreso, sobre las responsabilidades"
79,49,173/000064,0.86,orden_dia,,,13,"Moción consecuencia de interpelación urgente del Grupo Parlamentario Popular en el Congreso, sobre las responsabilidades"
79,50,173/000064,0.86,orden_dia,,,13,"Moción consecuencia de interpelación urgente del Grupo Parlamentario Popular en el Congreso, sobre las responsabilidades"
79,51,173/000064,0.86,orden_dia,,,13,"Moción consecuencia de interpelación urgente del Grupo Parlamentario Popular en el Congreso, sobre las responsabilidades"
79,52,173/000064,0.86,orden_dia,,,13,"Moción consecuencia de interpelación urgente del Grupo Parlamentario Popular en el Congreso, sobre las responsabilidades"
79,53,173/000064,0.86,orden_dia,,,13,"Moción consecuencia de interpelación urgente del Grupo Parlamentario Popular en el Congreso, sobre las responsabilidades"
79,54,173/000064,0.86,orden_dia,,,13,"Moción consecuencia de interpelación urgente del Grupo Parlamentario Popular en el Congreso, sobre las responsabilidades"
79,55,173/000064,0.86,orden_dia,,,13,"Moción consecuencia de interpelación urgente del Grupo Parlamentario Popular en el Congreso, sobre las responsabilidades"
79,56,173/000064,0.86,orden_dia,,,13,"Moción consecuencia de interpelación urgente del Grupo Parlamentario Popular en el Congreso, sobre las responsabilidades"
79,57,173/000064,0.86,orden_dia,,,13,"Moción consecuencia de interpelación urgente del Grupo Parlamentario Popular en el Congreso, sobre las responsabilidades"
79,58,173/000064,0.86,orden_dia,,,13,"Moción consecuencia de interpelación urgente del Grupo Parlamentario Popular en el Congreso, sobre las responsabilidades"
79,59,173/000064,0.86,orden_dia,,,13,"Moción consecuencia de interpelación urgente del Grupo Parlamentario Popular en el Congreso, sobre las responsabilidades"
79,60,130/000009,1.00,orden_dia,,,13,"Real Decreto-ley 6/2024, de 5 de noviembre, por el que se adoptan medidas urgentes de respuesta ante los daños causados "
79,61,130/000009,0.80,orden_dia,,,13,"Tramitación como Proyecto de Ley por el procedimiento de urgencia del Real Decreto-ley 6/2024, de 5 de noviembre, por el"
79,62,121/000023,0.94,orden_dia,A,23,13,Votación del dictamen del Proyecto de Ley por la que se establecen un Impuesto Complementario para garantizar un nivel m
79,63,121/000018,0.73,orden_dia,A,18,13,Proyecto de Ley por la que se crea la Autoridad Administrativa Independiente de Defensa del Cliente Financiero para la r
79,64,121/000018,0.83,orden_dia,A,18,13,Proyecto de Ley por la que se crea la Autoridad Administrativa Independiente de Defensa del Cliente Financiero para la r
79,65,121/000030,1.00,orden_dia,A,30,13,"Proyecto de Ley Orgánica por la que se modifica la Ley Orgánica 13/1982, de 10 de agosto, de reintegración y amejoramien"
80,3,122/000108,0.93,orden_dia,B,120,7,"Proposición de Ley del Grupo Parlamentario VOX, para la garantía, a nivel estatal, del funcionamiento efectivo de la tar"
82,1,162/000361,0.95,orden_dia,D,236,8,"Proposición no de Ley del Grupo Parlamentario Junts per Catalunya, para la activación inmediata de hasta 15.000 millones"
82,2,162/000349,0.94,orden_dia,D,227,8,"Proposición no de Ley del Grupo Parlamentario Popular en el Congreso, sobre la aplicación de la Tasa en relación con los"
82,3,173/000065,0.87,orden_dia,,,8,"Moción consecuencia de interpelación urgente del Grupo Parlamentario Popular en el Congreso, sobre la necesidad de imple"
82,4,173/000065,0.87,orden_dia,,,8,"Moción consecuencia de interpelación urgente del Grupo Parlamentario Popular en el Congreso, sobre la necesidad de imple"
82,5,173/000065,0.87,orden_dia,,,8,"Moción consecuencia de interpelación urgente del Grupo Parlamentario Popular en el Congreso, sobre la necesidad de imple"
82,6,173/000065,0.87,orden_dia,,,8,"Moción consecuencia de interpelación urgente del Grupo Parlamentario Popular en el Congreso, sobre la necesidad de imple"
82,7,173/000065,0.87,orden_dia,,,8,"Moción consecuencia de interpelación urgente del Grupo Parlamentario Popular en el Congreso, sobre la necesidad de imple"
82,8,173/000065,0.87,orden_dia,,,8,"Moción consecuencia de interpelación urgente del Grupo Parlamentario Popular en el Congreso, sobre la necesidad de imple"
82,9,173/000065,0.87,orden_dia,,,8,"Moción consecuencia de interpelación urgente del Grupo Parlamentario Popular en el Congreso, sobre la necesidad de imple"
82,10,173/000065,0.87,orden_dia,,,8,"Moción consecuencia de interpelación urgente del Grupo Parlamentario Popular en el Congreso, sobre la necesidad de imple"
82,11,173/000065,0.87,orden_dia,,,8,"Moción consecuencia de interpelación urgente del Grupo Parlamentario Popular en el Congreso, sobre la necesidad de imple"
82,12,173/000065,0.87,orden_dia,,,8,"Moción consecuencia de interpelación urgente del Grupo Parlamentario Popular en el Congreso, sobre la necesidad de imple"
82,13,173/000066,0.80,orden_dia,,,8,"Moción consecuencia de interpelación urgente del Grupo Parlamentario Popular en el Congreso, sobre los continuos ataques"
82,14,173/000066,0.80,orden_dia,,,8,"Moción consecuencia de interpelación urgente del Grupo Parlamentario Popular en el Congreso, sobre los continuos ataques"
82,15,173/000066,0.80,orden_dia,,,8,"Moción consecuencia de interpelación urgente del Grupo Parlamentario Popular en el Congreso, sobre los continuos ataques"
82,16,173/000066,0.80,orden_dia,,,8,"Moción consecuencia de interpelación urgente del Grupo Parlamentario Popular en el Congreso, sobre los continuos ataques"
82,17,173/000066,0.80,orden_dia,,,8,"Moción consecuencia de interpelación urgente del Grupo Parlamentario Popular en el Congreso, sobre los continuos ataques"
82,18,122/000126,0.57,orden_dia,B,141,8,Votación de la enmienda a la totalidad de texto alternativo a la Proposición de Ley Orgánica por la que se modifica la L
83,1,120/000003,1.00,orden_dia,B,10,6,Proposición de Ley sobre ratios de enfermeras para garantizar la seguridad del paciente en centros sanitarios y otros ám
83,2,122/000133,0.89,orden_dia,B,151,6,"Proposición de Ley del Grupo Parlamentario Socialista, sobre el derecho a otorgar instrucciones previas."
85,1,162/000369,0.86,orden_dia,D,241,9,"Proposición no de Ley del Grupo Parlamentario Socialista, para el reconocimiento a las mujeres constituyentes."
85,2,162/000292,0.96,orden_dia,D,194,9,"Proposición no de Ley del Grupo Parlamentario Popular en el Congreso, para que España respalde la investigación de la Fi"
85,3,162/000292,0.96,orden_dia,D,194,9,"Proposición no de Ley del Grupo Parlamentario Popular en el Congreso, para que España respalde la investigación de la Fi"
85,4,162/000292,0.96,orden_dia,D,194,9,"Proposición no de Ley del Grupo Parlamentario Popular en el Congreso, para que España respalde la investigación de la Fi"
85,5,162/000292,0.96,orden_dia,D,194,9,"Proposición no de Ley del Grupo Parlamentario Popular en el Congreso, para que España respalde la investigación de la Fi"
85,6,173/000067,0.77,orden_dia,,,9,"Moción consecuencia de interpelación urgente del Grupo Parlamentario VOX, sobre la política que va a desarrollar el Gobi"
85,7,173/000068,0.85,orden_dia,,,9,"Moción consecuencia de interpelación urgente del Grupo Parlamentario Popular en el Congreso, sobre cómo está afectando a"
85,8,122/000131,0.54,orden_dia,B,148,9,"Proposición de Ley Orgánica de protección de las libertades y seguridad ciudadana.
Enmienda a la totalidad de texto alte"
85,9,122/000131,0.54,orden_dia,B,148,9,"Proposición de Ley Orgánica de protección de las libertades y seguridad ciudadana.
Enmienda a la totalidad de texto alte"
85,10,130/000010,1.00,orden_dia,,,9,"Real Decreto-ley 7/2024, de 11 de noviembre, por el que se adoptan medidas urgentes para el impulso del Plan de respuest"
85,11,130/000010,0.84,orden_dia,,,9,"Tramitación como Proyecto de Ley por el procedimiento de urgencia del Real Decreto-ley 7/2024, de 11 de noviembre, por e"
85,12,122/000097,0.82,orden_dia,B,110,9,Proposición de Ley para la mejora de la protección de las personas donantes en vivo de órganos o tejidos para su posteri
85,13,121/000034,0.62,orden_dia,A,34,9,Votación de la solicitud de avocación por el Pleno de la Cámara de la deliberación y votación final del Proyecto de Ley 
85,14,154/000003,1.00,orden_dia,D,134,9,Solicitud de la Comisión de seguimiento y evaluación de los acuerdos del Pacto de Estado en materia de Violencia de Géne
86,1,122/000136,0.93,orden_dia,B,154,6,"Proposición de Ley de los Grupos Parlamentarios Plurinacional SUMAR, Republicano, Euskal Herria Bildu y Mixto, para la r"
86,2,122/000132,0.96,orden_dia,B,149,6,"Proposición de Ley del Grupo Parlamentario Socialista, de modificación del Real Decreto Legislativo 1/2007, de 16 de nov"
88,1,121/000004,1.00,orden_dia,A,4,13,Proyecto de Ley de prevención de las pérdidas y el desperdicio alimentario.
88,2,121/000004,1.00,orden_dia,A,4,13,Proyecto de Ley de prevención de las pérdidas y el desperdicio alimentario.
88,3,121/000004,1.00,orden_dia,A,4,13,Proyecto de Ley de prevención de las pérdidas y el desperdicio alimentario.
88,4,121/000004,1.00,orden_dia,A,4,13,Proyecto de Ley de prevención de las pérdidas y el desperdicio alimentario.
88,5,121/000004,1.00,orden_dia,A,4,13,Proyecto de Ley de prevención de las pérdidas y el desperdicio alimentario.
88,6,121/000004,1.00,orden_dia,A,4,13,Proyecto de Ley de prevención de las pérdidas y el desperdicio alimentario.
88,7,121/000004,1.00,orden_dia,A,4,13,Proyecto de Ley de prevención de las pérdidas y el desperdicio alimentario.
88,8,121/000004,1.00,orden_dia,A,4,13,Proyecto de Ley de prevención de las pérdidas y el desperdicio alimentario.
88,9,121/000004,1.00,orden_dia,A,4,13,Proyecto de Ley de prevención de las pérdidas y el desperdicio alimentario.
88,10,121/000004,1.00,orden_dia,A,4,13,Proyecto de Ley de prevención de las pérdidas y el desperdicio alimentario.
88,11,121/000004,1.00,orden_dia,A,4,13,Proyecto de Ley de prevención de las pérdidas y el desperdicio alimentario.
88,12,121/000004,1.00,orden_dia,A,4,13,Proyecto de Ley de prevención de las pérdidas y el desperdicio alimentario.
88,13,121/000004,1.00,orden_dia,A,4,13,Proyecto de Ley de prevención de las pérdidas y el desperdicio alimentario.
88,14,121/000004,1.00,orden_dia,A,4,13,Proyecto de Ley de prevención de las pérdidas y el desperdicio alimentario.
88,15,121/000004,1.00,orden_dia,A,4,13,Proyecto de Ley de prevención de las pérdidas y el desperdicio alimentario.
88,16,121/000004,1.00,orden_dia,A,4,13,Proyecto de Ley de prevención de las pérdidas y el desperdicio alimentario.
88,17,121/000004,1.00,orden_dia,A,4,13,Proyecto de Ley de prevención de las pérdidas y el desperdicio alimentario.
88,18,121/000004,1.00,orden_dia,A,4,13,Proyecto de Ley de prevención de las pérdidas y el desperdicio alimentario.
88,19,121/000004,1.00,orden_dia,A,4,13,Proyecto de Ley de prevención de las pérdidas y el desperdicio alimentario.
88,20,121/000004,1.00,orden_dia,A,4,13,Proyecto de Ley de prevención de las pérdidas y el desperdicio alimentario.
88,21,121/000004,0.50,orden_dia,A,4,13,"Proyecto de Ley de prevención de las pérdidas y el desperdicio alimentario.
Enmienda transaccional en Comisión a las enm"
88,22,121/000004,0.50,orden_dia,A,4,13,"Proyecto de Ley de prevención de las pérdidas y el desperdicio alimentario.
Enmienda transaccional en Comisión a las enm"
88,23,,0.42,,,,13,"Proyecto de Ley de prevención de las pérdidas y el desperdicio alimentario.
Enmienda transaccional en Comisión a las enm"
88,24,121/000004,0.50,orden_dia,A,4,13,"Proyecto de Ley de prevención de las pérdidas y el desperdicio alimentario.
Enmienda transaccional en Comisión a las enm"
88,25,121/000004,1.00,orden_dia,A,4,13,Proyecto de Ley de prevención de las pérdidas y el desperdicio alimentario.
88,26,121/000004,1.00,orden_dia,A,4,13,Proyecto de Ley de prevención de las pérdidas y el desperdicio alimentario.
88,27,121/000004,1.00,orden_dia,A,4,13,Proyecto de Ley de prevención de las pérdidas y el desperdicio alimentario.
88,28,121/000004,1.00,orden_dia,A,4,13,Proyecto de Ley de prevención de las pérdidas y el desperdicio alimentario.
88,29,121/000004,1.00,orden_dia,A,4,13,Proyecto de Ley de prevención de las pérdidas y el desperdicio alimentario.
88,30,121/000004,1.00,orden_dia,A,4,13,Proyecto de Ley de prevención de las pérdidas y el desperdicio alimentario.
88,31,121/000004,1.00,orden_dia,A,4,13,Proyecto de Ley de prevención de las pérdidas y el desperdicio alimentario.
88,32,121/000004,1.00,orden_dia,A,4,13,Proyecto de Ley de prevención de las pérdidas y el desperdicio alimentario.
88,33,121/000004,1.00,orden_dia,A,4,13,Proyecto de Ley de prevención de las pérdidas y el desperdicio alimentario.
88,34,121/000004,1.00,orden_dia,A,4,13,Proyecto de Ley de prevención de las pérdidas y el desperdicio alimentario.
88,35,121/000004,1.00,orden_dia,A,4,13,Proyecto de Ley de prevención de las pérdidas y el desperdicio alimentario.
88,36,121/000004,1.00,orden_dia,A,4,13,Proyecto de Ley de prevención de las pérdidas y el desperdicio alimentario.
88,37,121/000004,1.00,orden_dia,A,4,13,Proyecto de Ley de prevención de las pérdidas y el desperdicio alimentario.
88,38,121/000004,1.00,orden_dia,A,4,13,Proyecto de Ley de prevención de las pérdidas y el desperdicio alimentario.
88,39,121/000004,1.00,orden_dia,A,4,13,Proyecto de Ley de prevención de las pérdidas y el desperdicio alimentario.
88,40,121/000004,1.00,orden_dia,A,4,13,Proyecto de Ley de prevención de las pérdidas y el desperdicio alimentario.
88,41,121/000004,1.00,orden_dia,A,4,13,Proyecto de Ley de prevención de las pérdidas y el desperdicio alimentario.
88,42,121/000004,1.00,orden_dia,A,4,13,Proyecto de Ley de prevención de las pérdidas y el desperdicio alimentario.
88,43,121/000004,1.00,orden_dia,A,4,13,Proyecto de Ley de prevención de las pérdidas y el desperdicio alimentario.
88,44,121/000004,1.00,orden_dia,A,4,13,Proyecto de Ley de prevención de las pérdidas y el desperdicio alimentario.
88,45,121/000004,1.00,orden_dia,A,4,13,Proyecto de Ley de prevención de las pérdidas y el desperdicio alimentario.
88,46,121/000004,1.00,orden_dia,A,4,13,Proyecto de Ley de prevención de las pérdidas y el desperdicio alimentario.
88,47,121/000004,1.00,orden_dia,A,4,13,Proyecto de Ley de prevención de las pérdidas y el desperdicio alimentario.
88,48,121/000004,1.00,orden_dia,A,4,13,Proyecto de Ley de prevención de las pérdidas y el desperdicio alimentario.
88,49,121/000004,1.00,orden_dia,A,4,13,Proyecto de Ley de prevención de las pérdidas y el desperdicio alimentario.
88,50,121/000004,1.00,orden_dia,A,4,13,Proyecto de Ley de prevención de las pérdidas y el desperdicio alimentario.
88,51,121/000004,1.00,orden_dia,A,4,13,Proyecto de Ley de prevención de las pérdidas y el desperdicio alimentario.
88,52,121/000004,1.00,orden_dia,A,4,13,Proyecto de Ley de prevención de las pérdidas y el desperdicio alimentario.
88,53,121/000004,1.00,orden_dia,A,4,13,Proyecto de Ley de prevención de las pérdidas y el desperdicio alimentario.
88,54,,0.42,,,,13,"Proyecto de Ley de prevención de las pérdidas y el desperdicio alimentario.
Enmienda transaccional número 1 a la enmiend"
88,55,,0.38,,,,13,"Proyecto de Ley de prevención de las pérdidas y el desperdicio alimentario.
Enmienda transaccional número 2 a las enmien"
88,56,162/000382,0.91,orden_dia,D,249,13,"Proposición no de Ley del Grupo Parlamentario Euskal Herria Bildu, relativa al aumento de la indemnización por despido i"
88,57,162/000351,0.96,orden_dia,D,227,13,"Proposición no de Ley del Grupo Parlamentario Popular en el Congreso, relativa a garantizar la dotación adecuada de recu"
88,58,173/000069,0.86,orden_dia,,,13,"Moción consecuencia de interpelación urgente del Grupo Parlamentario Vasco (EAJ-PNV), sobre las medidas que va a tomar e"
88,59,173/000069,0.86,orden_dia,,,13,"Moción consecuencia de interpelación urgente del Grupo Parlamentario Vasco (EAJ-PNV), sobre las medidas que va a tomar e"
88,60,173/000069,0.86,orden_dia,,,13,"Moción consecuencia de interpelación urgente del Grupo Parlamentario Vasco (EAJ-PNV), sobre las medidas que va a tomar e"
88,61,173/000069,0.86,orden_dia,,,13,"Moción consecuencia de interpelación urgente del Grupo Parlamentario Vasco (EAJ-PNV), sobre las medidas que va a tomar e"
88,62,173/000069,0.86,orden_dia,,,13,"Moción consecuencia de interpelación urgente del Grupo Parlamentario Vasco (EAJ-PNV), sobre las medidas que va a tomar e"
88,63,173/000069,0.86,orden_dia,,,13,"Moción consecuencia de interpelación urgente del Grupo Parlamentario Vasco (EAJ-PNV), sobre las medidas que va a tomar e"
88,64,173/000069,0.86,orden_dia,,,13,"Moción consecuencia de interpelación urgente del Grupo Parlamentario Vasco (EAJ-PNV), sobre las medidas que va a tomar e"
88,65,173/000069,0.86,orden_dia,,,13,"Moción consecuencia de interpelación urgente del Grupo Parlamentario Vasco (EAJ-PNV), sobre las medidas que va a tomar e"
88,66,173/000070,0.73,orden_dia,,,13,"Moción consecuencia de interpelación urgente del Grupo Parlamentario VOX, sobre cuál va a ser la política del Gobierno e"
88,67,173/000071,0.84,orden_dia,,,13,"Moción consecuencia de interpelación urgente del Grupo Parlamentario Republicano, sobre la democratización del sistema d"
88,68,173/000071,0.84,orden_dia,,,13,"Moción consecuencia de interpelación urgente del Grupo Parlamentario Republicano, sobre la democratización del sistema d"
88,69,173/000071,0.84,orden_dia,,,13,"Moción consecuencia de interpelación urgente del Grupo Parlamentario Republicano, sobre la democratización del sistema d"
88,70,173/000071,0.84,orden_dia,,,13,"Moción consecuencia de interpelación urgente del Grupo Parlamentario Republicano, sobre la democratización del sistema d"
88,71,173/000071,0.84,orden_dia,,,13,"Moción consecuencia de interpelación urgente del Grupo Parlamentario Republicano, sobre la democratización del sistema d"
88,72,173/000071,0.84,orden_dia,,,13,"Moción consecuencia de interpelación urgente del Grupo Parlamentario Republicano, sobre la democratización del sistema d"
88,73,173/000071,0.84,orden_dia,,,13,"Moción consecuencia de interpelación urgente del Grupo Parlamentario Republicano, sobre la democratización del sistema d"
88,74,173/000071,0.84,orden_dia,,,13,"Moción consecuencia de interpelación urgente del Grupo Parlamentario Republicano, sobre la democratización del sistema d"
88,75,173/000071,0.84,orden_dia,,,13,"Moción consecuencia de interpelación urgente del Grupo Parlamentario Republicano, sobre la democratización del sistema d"
88,76,173/000071,0.84,orden_dia,,,13,"Moción consecuencia de interpelación urgente del Grupo Parlamentario Republicano, sobre la democratización del sistema d"
88,77,173/000071,0.84,orden_dia,,,13,"Moción consecuencia de interpelación urgente del Grupo Parlamentario Republicano, sobre la democratización del sistema d"
88,78,173/000071,0.84,orden_dia,,,13,"Moción consecuencia de interpelación urgente del Grupo Parlamentario Republicano, sobre la democratización del sistema d"
88,79,173/000071,0.84,orden_dia,,,13,"Moción consecuencia de interpelación urgente del Grupo Parlamentario Republicano, sobre la democratización del sistema d"
88,80,173/000072,0.81,orden_dia,,,13,"Moción consecuencia de interpelación urgente del Grupo Parlamentario Popular en el Congreso, sobre los escándalos que ro"
88,81,173/000072,0.81,orden_dia,,,13,"Moción consecuencia de interpelación urgente del Grupo Parlamentario Popular en el Congreso, sobre los escándalos que ro"
88,82,173/000072,0.81,orden_dia,,,13,"Moción consecuencia de interpelación urgente del Grupo Parlamentario Popular en el Congreso, sobre los escándalos que ro"
88,83,173/000072,0.81,orden_dia,,,13,"Moción consecuencia de interpelación urgente del Grupo Parlamentario Popular en el Congreso, sobre los escándalos que ro"
88,84,173/000072,0.81,orden_dia,,,13,"Moción consecuencia de interpelación urgente del Grupo Parlamentario Popular en el Congreso, sobre los escándalos que ro"
88,85,,0.42,,,,13,"Votación del dictamen del Proyecto de Ley de prevención de las pérdidas y el desperdicio alimentario, teniendo en cuenta"
88,86,130/000011,1.00,orden_dia,,,13,"Real Decreto-ley 8/2024, de 28 de noviembre, por el que se adoptan medidas urgentes complementarias en el marco del Plan"
88,87,130/000011,0.85,orden_dia,,,13,"Tramitación como Proyecto de Ley por el procedimiento de urgencia del Real Decreto-ley 8/2024, de 28 de noviembre, por e"
88,88,121/000016,1.00,orden_dia,A,16,13,Proyecto de Ley Orgánica de medidas en materia de eficiencia del Servicio Público de Justicia.
88,89,042/000023,1.00,orden_dia,,,13,Dictamen de la Comisión del Estatuto de los Diputados sobre declaración de actividades de Excmos. Sres. Diputados.
88,90,121/000023,0.94,orden_dia,A,23,13,Proyecto de Ley por la que se establecen un Impuesto Complementario para garantizar un nivel mínimo global de imposición
88,91,121/000023,0.94,orden_dia,A,23,13,Proyecto de Ley por la que se establecen un Impuesto Complementario para garantizar un nivel mínimo global de imposición
88,92,121/000023,1.00,orden_dia,A,23,13,Proyecto de Ley por la que se establecen un Impuesto Complementario para garantizar un nivel mínimo global de imposición
88,93,121/000023,0.97,orden_dia,A,23,13,Proyecto de Ley por la que se establecen un Impuesto Complementario para garantizar un nivel mínimo global de imposición
88,94,121/000023,0.94,orden_dia,A,23,13,Proyecto de Ley por la que se establecen un Impuesto Complementario para garantizar un nivel mínimo global de imposición
88,95,121/000023,0.94,orden_dia,A,23,13,Proyecto de Ley por la que se establecen un Impuesto Complementario para garantizar un nivel mínimo global de imposición
88,96,121/000023,0.94,orden_dia,A,23,13,Proyecto de Ley por la que se establecen un Impuesto Complementario para garantizar un nivel mínimo global de imposición
88,97,121/000023,0.94,orden_dia,A,23,13,Proyecto de Ley por la que se establecen un Impuesto Complementario para garantizar un nivel mínimo global de imposición
88,98,121/000023,0.94,orden_dia,A,23,13,Proyecto de Ley por la que se establecen un Impuesto Complementario para garantizar un nivel mínimo global de imposición
88,99,121/000023,0.94,orden_dia,A,23,13,Proyecto de Ley por la que se establecen un Impuesto Complementario para garantizar un nivel mínimo global de imposición
88,100,121/000023,0.94,orden_dia,A,23,13,Proyecto de Ley por la que se establecen un Impuesto Complementario para garantizar un nivel mínimo global de imposición
88,101,121/000023,0.94,orden_dia,A,23,13,Proyecto de Ley por la que se establecen un Impuesto Complementario para garantizar un nivel mínimo global de imposición
88,102,121/000023,0.94,orden_dia,A,23,13,Proyecto de Ley por la que se establecen un Impuesto Complementario para garantizar un nivel mínimo global de imposición
88,103,121/000023,0.94,orden_dia,A,23,13,Proyecto de Ley por la que se establecen un Impuesto Complementario para garantizar un nivel mínimo global de imposición
88,104,121/000023,1.00,orden_dia,A,23,13,Proyecto de Ley por la que se establecen un Impuesto Complementario para garantizar un nivel mínimo global de imposición
88,105,121/000023,1.00,orden_dia,A,23,13,Proyecto de Ley por la que se establecen un Impuesto Complementario para garantizar un nivel mínimo global de imposición
88,106,121/000020,0.50,orden_dia,A,20,13,Votación de la solicitud de avocación por el Pleno de la Cámara de la deliberación y votación final del Proyecto de Ley 
88,107,158/000012,1.00,orden_dia,D,253,13,"Propuesta de la Comisión de Juventud e Infancia, de creación de una Subcomisión sobre el estudio de un Pacto de Estado p"
89,1,130/000012,1.00,orden_dia,,,4,"Real Decreto-ley 9/2024, de 23 de diciembre, por el que se adoptan medidas urgentes en materia económica, tributaria, de"
89,2,130/000013,1.00,orden_dia,,,4,"Real Decreto-ley 10/2024, de 23 de diciembre, para el establecimiento de un gravamen temporal energético durante el año "
89,3,130/000014,1.00,orden_dia,,,4,"Real Decreto-ley 11/2024, de 23 de diciembre, para la mejora de la compatibilidad de la pensión de jubilación con el tra"
89,4,130/000014,0.70,orden_dia,,,4,"Tramitación como Proyecto de Ley por el procedimiento de urgencia del Real Decreto-ley 11/2024, de 23 de diciembre, para"
89,5,240/000001,1.00,orden_dia,,,4,Dictamen de la Comisión del Estatuto de los Diputados acerca del suplicatorio formulado en relación con un Sr. Diputado.
90,1,125/000008,0.93,orden_dia,B,150,5,"Proposición de Ley del Parlamento de Andalucía, de reforma parcial del texto refundido de la Ley del Estatuto Básico del"
90,2,122/000141,0.89,orden_dia,B,160,5,"Proposición de Ley del Grupo Parlamentario Popular en el Congreso, relativa a la violencia en el ámbito sanitario."
91,1,162/000359,0.91,orden_dia,D,232,34,"Proposición no de Ley del Grupo Parlamentario Popular en el Congreso, sobre el cierre programado de la generación nuclea"
91,2,162/000362,0.50,orden_dia,D,236,34,"Proposición no de Ley del Grupo Parlamentario Socialista, sobre la menopausia.
Se vota en los términos de la enmienda tr"
91,3,173/000073,0.82,orden_dia,,,34,"Moción consecuencia de interpelación urgente del Grupo Parlamentario Mixto (Sra. Valido García), sobre la atención sanit"
91,4,173/000074,0.93,orden_dia,,,34,"Moción consecuencia de interpelación urgente del Grupo Parlamentario VOX, sobre cuáles son los planes del Gobierno para "
91,5,173/000075,0.92,orden_dia,,,34,"Moción consecuencia de interpelación urgente del Grupo Parlamentario Popular en el Congreso, sobre el balance de las act"
91,6,173/000075,0.92,orden_dia,,,34,"Moción consecuencia de interpelación urgente del Grupo Parlamentario Popular en el Congreso, sobre el balance de las act"
91,7,173/000075,0.92,orden_dia,,,34,"Moción consecuencia de interpelación urgente del Grupo Parlamentario Popular en el Congreso, sobre el balance de las act"
91,8,173/000075,0.92,orden_dia,,,34,"Moción consecuencia de interpelación urgente del Grupo Parlamentario Popular en el Congreso, sobre el balance de las act"
91,9,173/000075,0.92,orden_dia,,,34,"Moción consecuencia de interpelación urgente del Grupo Parlamentario Popular en el Congreso, sobre el balance de las act"
91,10,173/000075,0.92,orden_dia,,,34,"Moción consecuencia de interpelación urgente del Grupo Parlamentario Popular en el Congreso, sobre el balance de las act"
91,11,173/000075,0.92,orden_dia,,,34,"Moción consecuencia de interpelación urgente del Grupo Parlamentario Popular en el Congreso, sobre el balance de las act"
91,12,130/000015,1.00,orden_dia,,,34,"Real Decreto-ley 1/2025, de 28 de enero, por el que se aprueban medidas urgentes en materia económica, de transporte, de"
91,13,130/000015,0.78,orden_dia,,,34,"Tramitación como Proyecto de Ley por el procedimiento de urgencia del Real Decreto-ley 1/2025, de 28 de enero, por el qu"
91,14,110/000037,1.00,orden_dia,A,81,34,Acuerdo de cooperación científica entre el Reino de España y los Estados Unidos de América sobre la estación de seguimie
91,15,110/000038,1.00,orden_dia,A,84,34,"Protocolo común relativo a la aplicación de la Convención de Viena y del Convenio de París, hecho en Viena el 21 de sept"
91,16,110/000039,1.00,orden_dia,A,88,34,Acuerdo Global de Transporte Aéreo entre los Estados miembros de la Asociación de Naciones del Asia Sudoriental y la Uni
91,17,110/000040,1.00,orden_dia,A,95,34,Canje de Notas constitutivo de Acuerdo entre el Reino de España y la Agencia Espacial Europea por el que se enmienda el 
91,18,154/000002,1.00,orden_dia,D,115,34,"Solicitud de la Comisión de Sanidad, de prórroga del plazo para la conclusión de los trabajos de la Subcomisión para mej"
92,1,122/000146,0.95,orden_dia,B,168,6,"Proposición de Ley de los Grupos Parlamentarios Socialista y Mixto, de modificación de la Ley 19/1994, de 6 de julio, de"
92,2,122/000039,0.94,orden_dia,B,47,6,"Proposición de Ley del Grupo Parlamentario VOX, de modificación de la Ley 7/1985, de 2 de abril, Reguladora de las Bases"
93,1,162/000409,0.93,orden_dia,D,275,30,"Proposición no de Ley del Grupo Parlamentario VOX, relativa a la precariedad que están sufriendo las familias españolas "
93,2,162/000368,0.93,orden_dia,D,241,30,"Proposición no de Ley del Grupo Parlamentario Plurinacional SUMAR, relativa al fondo complementario que compense la merm"
93,3,162/000368,0.93,orden_dia,D,241,30,"Proposición no de Ley del Grupo Parlamentario Plurinacional SUMAR, relativa al fondo complementario que compense la merm"
93,5,173/000076,0.80,orden_dia,,,30,"Moción consecuencia de interpelación urgente del Grupo Parlamentario Mixto (Sra. Belarra Urteaga), sobre la política del"
93,6,173/000076,0.80,orden_dia,,,30,"Moción consecuencia de interpelación urgente del Grupo Parlamentario Mixto (Sra. Belarra Urteaga), sobre la política del"
93,7,173/000076,0.80,orden_dia,,,30,"Moción consecuencia de interpelación urgente del Grupo Parlamentario Mixto (Sra. Belarra Urteaga), sobre la política del"
93,8,173/000076,0.80,orden_dia,,,30,"Moción consecuencia de interpelación urgente del Grupo Parlamentario Mixto (Sra. Belarra Urteaga), sobre la política del"
93,9,173/000076,0.80,orden_dia,,,30,"Moción consecuencia de interpelación urgente del Grupo Parlamentario Mixto (Sra. Belarra Urteaga), sobre la política del"
93,10,173/000077,0.87,orden_dia,,,30,"Moción consecuencia de interpelación urgente del Grupo Parlamentario VOX, sobre cuáles son las medidas que va a adoptar "
93,11,173/000078,0.79,orden_dia,,,30,"Moción consecuencia de interpelación urgente del Grupo Parlamentario Popular en el Congreso, sobre el fracaso de la polí"
93,12,173/000078,0.79,orden_dia,,,30,"Moción consecuencia de interpelación urgente del Grupo Parlamentario Popular en el Congreso, sobre el fracaso de la polí"
93,13,173/000078,0.79,orden_dia,,,30,"Moción consecuencia de interpelación urgente del Grupo Parlamentario Popular en el Congreso, sobre el fracaso de la polí"
93,14,173/000078,0.79,orden_dia,,,30,"Moción consecuencia de interpelación urgente del Grupo Parlamentario Popular en el Congreso, sobre el fracaso de la polí"
93,15,173/000078,0.79,orden_dia,,,30,"Moción consecuencia de interpelación urgente del Grupo Parlamentario Popular en el Congreso, sobre el fracaso de la polí"
93,16,173/000078,0.79,orden_dia,,,30,"Moción consecuencia de interpelación urgente del Grupo Parlamentario Popular en el Congreso, sobre el fracaso de la polí"
94,1,122/000072,0.92,orden_dia,B,84,6,"Proposición de Ley del Grupo Parlamentario Plurinacional SUMAR, sobre concesión de nacionalidad española a las y los sah"
94,2,122/000114,0.93,orden_dia,B,128,6,"Proposición de Ley del Grupo Parlamentario Vasco (EAJ-PNV), por la que se modifica el texto refundido de la Ley de Suelo"
95,1,154/000003,1.00,orden_dia,D,286,26,Informe de la Subcomisión para la renovación y actualización del Pacto de Estado en materia de violencia de género.
95,2,154/000003,0.56,orden_dia,D,286,26,"Informe de la Subcomisión para la renovación y actualización del Pacto de Estado en materia de violencia de género.
Rest"
95,3,154/000003,1.00,orden_dia,D,286,26,Informe de la Subcomisión para la renovación y actualización del Pacto de Estado en materia de violencia de género.
95,4,154/000003,1.00,orden_dia,D,286,26,Informe de la Subcomisión para la renovación y actualización del Pacto de Estado en materia de violencia de género.
95,5,154/000003,0.56,orden_dia,D,286,26,"Informe de la Subcomisión para la renovación y actualización del Pacto de Estado en materia de violencia de género.
Rest"
95,6,154/000003,1.00,orden_dia,D,286,26,Informe de la Subcomisión para la renovación y actualización del Pacto de Estado en materia de violencia de género.
95,7,162/000296,0.64,orden_dia,D,194,26,"Proposición no de Ley del Grupo Parlamentario Mixto (Sra. Belarra Urteaga), relativa a la regularización de personas mig"
95,8,173/000079,0.82,orden_dia,,,26,"Moción consecuencia de interpelación urgente del Grupo Parlamentario VOX, sobre las medidas que adoptará el Gobierno par"
95,9,173/000079,0.82,orden_dia,,,26,"Moción consecuencia de interpelación urgente del Grupo Parlamentario VOX, sobre las medidas que adoptará el Gobierno par"
95,10,173/000079,0.82,orden_dia,,,26,"Moción consecuencia de interpelación urgente del Grupo Parlamentario VOX, sobre las medidas que adoptará el Gobierno par"
95,11,173/000079,0.82,orden_dia,,,26,"Moción consecuencia de interpelación urgente del Grupo Parlamentario VOX, sobre las medidas que adoptará el Gobierno par"
95,12,173/000079,0.82,orden_dia,,,26,"Moción consecuencia de interpelación urgente del Grupo Parlamentario VOX, sobre las medidas que adoptará el Gobierno par"
95,13,173/000079,0.82,orden_dia,,,26,"Moción consecuencia de interpelación urgente del Grupo Parlamentario VOX, sobre las medidas que adoptará el Gobierno par"
95,14,173/000079,0.82,orden_dia,,,26,"Moción consecuencia de interpelación urgente del Grupo Parlamentario VOX, sobre las medidas que adoptará el Gobierno par"
95,15,173/000079,0.82,orden_dia,,,26,"Moción consecuencia de interpelación urgente del Grupo Parlamentario VOX, sobre las medidas que adoptará el Gobierno par"
95,16,173/000079,0.82,orden_dia,,,26,"Moción consecuencia de interpelación urgente del Grupo Parlamentario VOX, sobre las medidas que adoptará el Gobierno par"
95,17,173/000080,0.89,orden_dia,,,26,"Moción consecuencia de interpelación urgente del Grupo Parlamentario Popular en el Congreso, sobre cómo están afectando "
95,18,173/000080,0.89,orden_dia,,,26,"Moción consecuencia de interpelación urgente del Grupo Parlamentario Popular en el Congreso, sobre cómo están afectando "
95,19,173/000080,0.89,orden_dia,,,26,"Moción consecuencia de interpelación urgente del Grupo Parlamentario Popular en el Congreso, sobre cómo están afectando "
95,20,173/000080,0.89,orden_dia,,,26,"Moción consecuencia de interpelación urgente del Grupo Parlamentario Popular en el Congreso, sobre cómo están afectando "
95,21,173/000080,0.89,orden_dia,,,26,"Moción consecuencia de interpelación urgente del Grupo Parlamentario Popular en el Congreso, sobre cómo están afectando "
95,22,154/000003,1.00,orden_dia,D,286,26,Informe de la Subcomisión para la renovación y actualización del Pacto de Estado en materia de violencia de género.
96,1,125/000006,0.88,orden_dia,B,94,6,"Proposición de Ley del Parlamento de Cataluña, para garantizar el retorno social del rescate bancario."
96,2,122/000134,0.96,orden_dia,B,152,6,"Proposición de Ley del Grupo Parlamentario Popular en el Congreso, para la recuperación de la bonificación de las cuotas"
98,1,162/000434,0.69,orden_dia,D,287,14,"Proposición no de Ley del Grupo Parlamentario Republicano, sobre el marco regulatorio contra la opacidad algorítmica y e"
98,2,162/000421,0.93,orden_dia,D,282,14,"Proposición no de Ley del Grupo Parlamentario Popular en el Congreso, para que el Gobierno ejerza de manera efectiva y u"
98,3,162/000421,0.93,orden_dia,D,282,14,"Proposición no de Ley del Grupo Parlamentario Popular en el Congreso, para que el Gobierno ejerza de manera efectiva y u"
98,4,162/000421,0.93,orden_dia,D,282,14,"Proposición no de Ley del Grupo Parlamentario Popular en el Congreso, para que el Gobierno ejerza de manera efectiva y u"
98,5,162/000421,0.93,orden_dia,D,282,14,"Proposición no de Ley del Grupo Parlamentario Popular en el Congreso, para que el Gobierno ejerza de manera efectiva y u"
98,6,162/000421,0.93,orden_dia,D,282,14,"Proposición no de Ley del Grupo Parlamentario Popular en el Congreso, para que el Gobierno ejerza de manera efectiva y u"
98,7,162/000421,0.93,orden_dia,D,282,14,"Proposición no de Ley del Grupo Parlamentario Popular en el Congreso, para que el Gobierno ejerza de manera efectiva y u"
98,8,173/000081,0.68,orden_dia,,,14,"Moción consecuencia de interpelación urgente del Grupo Parlamentario Mixto (Sra. Belarra Urteaga), relativa a la posició"
98,9,173/000082,0.83,orden_dia,,,14,"Moción consecuencia de interpelación urgente del Grupo Parlamentario VOX, sobre las medidas que adoptará el Gobierno par"
98,10,173/000083,0.71,orden_dia,,,14,"Moción consecuencia de interpelación urgente del Grupo Parlamentario Popular en el Congreso, sobre el infierno fiscal al"
98,11,173/000083,0.71,orden_dia,,,14,"Moción consecuencia de interpelación urgente del Grupo Parlamentario Popular en el Congreso, sobre el infierno fiscal al"
98,12,173/000083,0.71,orden_dia,,,14,"Moción consecuencia de interpelación urgente del Grupo Parlamentario Popular en el Congreso, sobre el infierno fiscal al"
98,13,173/000083,0.71,orden_dia,,,14,"Moción consecuencia de interpelación urgente del Grupo Parlamentario Popular en el Congreso, sobre el infierno fiscal al"
98,14,173/000083,0.71,orden_dia,,,14,"Moción consecuencia de interpelación urgente del Grupo Parlamentario Popular en el Congreso, sobre el infierno fiscal al"
98,15,121/000036,0.50,orden_dia,A,36,14,"Votación de la enmienda a la totalidad de devolución al Proyecto de Ley integral de impulso de la economía social, prese"
98,16,121/000040,0.56,orden_dia,A,40,14,"Votación conjunta de las enmiendas a la totalidad de devolución al Proyecto de Ley por la que se modifica la Ley 1/2000,"
98,17,121/000041,0.89,orden_dia,A,41,14,Votación conjunta de las enmiendas a la totalidad de devolución al Proyecto de Ley Orgánica por la que se modifica la Le
98,18,110/000041,1.00,orden_dia,A,110,14,Acuerdo internacional entre el Reino de España y la República de Gambia en materia de cooperación en el ámbito de la seg
98,19,110/000042,1.00,orden_dia,A,111,14,"Convención de las Naciones Unidas sobre los efectos internacionales de las ventas judiciales de buques, hecha en Nueva Y"
98,20,156/000006,1.00,orden_dia,,,14,"Solicitud de los Grupos Parlamentarios Plurinacional SUMAR, Mixto, Republicano y Junts per Catalunya, de creación de una"
98,21,,0.43,,,,14,Votación de la solicitud de avocación por el Pleno de la Cámara de la deliberación y votación final del Proyecto de Ley 
99,1,122/000150,0.92,orden_dia,B,173,6,"Proposición de Ley del Grupo Parlamentario Junts per Catalunya, de medidas urgentes para hacer frente a la ocupación ile"
99,2,122/000139,0.93,orden_dia,B,157,6,"Proposición de Ley del Grupo Parlamentario Socialista, sobre la reducción de la tasa máxima de alcohol en la conducción "
101,1,121/000007,1.00,orden_dia,A,7,9,"Proyecto de Ley por la que se crea la Agencia Estatal de Salud Pública y se modifica la Ley 33/2011, de 4 de octubre, Ge"
101,2,121/000007,1.00,orden_dia,A,7,9,"Proyecto de Ley por la que se crea la Agencia Estatal de Salud Pública y se modifica la Ley 33/2011, de 4 de octubre, Ge"
101,3,121/000007,1.00,orden_dia,A,7,9,"Proyecto de Ley por la que se crea la Agencia Estatal de Salud Pública y se modifica la Ley 33/2011, de 4 de octubre, Ge"
101,4,162/000347,0.92,orden_dia,D,227,9,"Proposición no de Ley del Grupo Parlamentario Socialista, para adaptar la Ley 49/60, de 21 de julio, sobre propiedad hor"
101,5,162/000443,0.92,orden_dia,D,297,9,"Proposición no de Ley del Grupo Parlamentario Popular en el Congreso, relativa a reafirmar el apoyo a Ucrania y fortalec"
101,6,173/000087,0.86,orden_dia,,,9,"Moción consecuencia de interpelación urgente del Grupo Parlamentario Mixto (Sr. Rego Candamil), relativa a la posición d"
101,7,173/000087,0.86,orden_dia,,,9,"Moción consecuencia de interpelación urgente del Grupo Parlamentario Mixto (Sr. Rego Candamil), relativa a la posición d"
101,8,173/000087,0.86,orden_dia,,,9,"Moción consecuencia de interpelación urgente del Grupo Parlamentario Mixto (Sr. Rego Candamil), relativa a la posición d"
101,9,173/000087,0.86,orden_dia,,,9,"Moción consecuencia de interpelación urgente del Grupo Parlamentario Mixto (Sr. Rego Candamil), relativa a la posición d"
101,10,173/000087,0.86,orden_dia,,,9,"Moción consecuencia de interpelación urgente del Grupo Parlamentario Mixto (Sr. Rego Candamil), relativa a la posición d"
101,11,173/000087,0.86,orden_dia,,,9,"Moción consecuencia de interpelación urgente del Grupo Parlamentario Mixto (Sr. Rego Candamil), relativa a la posición d"
101,12,173/000084,0.83,orden_dia,,,9,"Moción consecuencia de interpelación urgente del Grupo Parlamentario VOX, sobre las medidas que adoptará el Gobierno par"
101,13,173/000086,0.82,orden_dia,,,9,"Moción consecuencia de interpelación urgente del Grupo Parlamentario Mixto (Sr. Catalán Higueras), sobre la criminalidad"
101,14,173/000085,0.86,orden_dia,,,9,"Moción consecuencia de interpelación urgente del Grupo Parlamentario Popular en el Congreso, sobre las cesiones que acab"
101,15,173/000085,0.86,orden_dia,,,9,"Moción consecuencia de interpelación urgente del Grupo Parlamentario Popular en el Congreso, sobre las cesiones que acab"
101,16,173/000085,0.86,orden_dia,,,9,"Moción consecuencia de interpelación urgente del Grupo Parlamentario Popular en el Congreso, sobre las cesiones que acab"
101,17,173/000085,0.86,orden_dia,,,9,"Moción consecuencia de interpelación urgente del Grupo Parlamentario Popular en el Congreso, sobre las cesiones que acab"
101,18,173/000085,0.86,orden_dia,,,9,"Moción consecuencia de interpelación urgente del Grupo Parlamentario Popular en el Congreso, sobre las cesiones que acab"
101,19,121/000007,0.80,orden_dia,A,7,9,Votación del dictamen del Proyecto de Ley por la que se crea la Agencia Estatal de Salud Pública y se modifica la Ley 33
101,20,121/000004,0.60,orden_dia,A,4,9,"Proyecto de Ley de prevención de las pérdidas y el desperdicio alimentario.
Enmiendas de modificación del quinto párrafo"
101,21,121/000004,0.60,orden_dia,A,4,9,"Proyecto de Ley de prevención de las pérdidas y el desperdicio alimentario.
Enmiendas de supresión de los párrafos decim"
101,22,121/000004,0.60,orden_dia,A,4,9,"Proyecto de Ley de prevención de las pérdidas y el desperdicio alimentario.
Enmiendas de modificación del párrafo decimo"
101,23,121/000004,1.00,orden_dia,A,4,9,Proyecto de Ley de prevención de las pérdidas y el desperdicio alimentario.
101,24,121/000004,0.60,orden_dia,A,4,9,"Proyecto de Ley de prevención de las pérdidas y el desperdicio alimentario.
Enmiendas por la que se añade un nuevo terce"
101,25,121/000004,1.00,orden_dia,A,4,9,Proyecto de Ley de prevención de las pérdidas y el desperdicio alimentario.
101,26,121/000004,0.67,orden_dia,A,4,9,"Proyecto de Ley de prevención de las pérdidas y el desperdicio alimentario.
Enmiendas al primer párrafo del artículo 3."
101,27,121/000004,0.67,orden_dia,A,4,9,"Proyecto de Ley de prevención de las pérdidas y el desperdicio alimentario.
Enmiendas de modificación de la letra g) del"
101,28,121/000004,1.00,orden_dia,A,4,9,Proyecto de Ley de prevención de las pérdidas y el desperdicio alimentario.
101,29,121/000004,0.60,orden_dia,A,4,9,"Proyecto de Ley de prevención de las pérdidas y el desperdicio alimentario.
Enmiendas al artículo 4, al artículo 9 bis, "
101,30,121/000004,0.60,orden_dia,A,4,9,"Proyecto de Ley de prevención de las pérdidas y el desperdicio alimentario.
Enmiendas al apartado 1, letra b), punto 2º "
101,31,121/000004,0.75,orden_dia,A,4,9,"Proyecto de Ley de prevención de las pérdidas y el desperdicio alimentario.
Enmiendas al apartado 2 del artículo 5."
101,32,121/000004,0.75,orden_dia,A,4,9,"Proyecto de Ley de prevención de las pérdidas y el desperdicio alimentario.
Enmiendas al apartado 4 del artículo 5."
101,33,121/000004,1.00,orden_dia,A,4,9,Proyecto de Ley de prevención de las pérdidas y el desperdicio alimentario.
101,34,121/000004,0.67,orden_dia,A,4,9,"Proyecto de Ley de prevención de las pérdidas y el desperdicio alimentario.
Enmiendas de supresión de los dos apartados "
101,35,121/000004,0.60,orden_dia,A,4,9,"Proyecto de Ley de prevención de las pérdidas y el desperdicio alimentario.
Enmiendas de modificación del apartado 4 (an"
101,36,121/000004,1.00,orden_dia,A,4,9,Proyecto de Ley de prevención de las pérdidas y el desperdicio alimentario.
101,37,121/000004,0.67,orden_dia,A,4,9,"Proyecto de Ley de prevención de las pérdidas y el desperdicio alimentario.
Enmiendas de modificación del punto 4º del a"
101,38,121/000004,0.67,orden_dia,A,4,9,"Proyecto de Ley de prevención de las pérdidas y el desperdicio alimentario.
Enmiendas de adición del punto 5º al artícul"
101,39,121/000004,1.00,orden_dia,A,4,9,Proyecto de Ley de prevención de las pérdidas y el desperdicio alimentario.
101,40,121/000004,0.67,orden_dia,A,4,9,"Proyecto de Ley de prevención de las pérdidas y el desperdicio alimentario.
Enmiendas al primer párrafo del artículo 8."
101,41,121/000004,1.00,orden_dia,A,4,9,Proyecto de Ley de prevención de las pérdidas y el desperdicio alimentario.
101,42,121/000004,0.60,orden_dia,A,4,9,"Proyecto de Ley de prevención de las pérdidas y el desperdicio alimentario.
Enmiendas por la que se añade una letra r) a"
101,43,121/000004,1.00,orden_dia,A,4,9,Proyecto de Ley de prevención de las pérdidas y el desperdicio alimentario.
101,44,121/000004,0.86,orden_dia,A,4,9,"Proyecto de Ley de prevención de las pérdidas y el desperdicio alimentario.
Enmiendas al artículo 12 y al artículo 13 bi"
101,45,121/000004,0.86,orden_dia,A,4,9,"Proyecto de Ley de prevención de las pérdidas y el desperdicio alimentario.
Enmiendas al artículo 14."
101,46,121/000004,0.86,orden_dia,A,4,9,"Proyecto de Ley de prevención de las pérdidas y el desperdicio alimentario.
Enmiendas al artículo 18 y al artículo 19 bi"
101,47,121/000004,0.75,orden_dia,A,4,9,"Proyecto de Ley de prevención de las pérdidas y el desperdicio alimentario.
Enmiendas al artículo 19 y al artículo 21 (n"
101,48,121/000004,0.60,orden_dia,A,4,9,"Proyecto de Ley de prevención de las pérdidas y el desperdicio alimentario.
Enmiendas a la disposición adicional octava "
101,49,121/000004,0.67,orden_dia,A,4,9,"Proyecto de Ley de prevención de las pérdidas y el desperdicio alimentario.
Enmiendas a la disposición adicional quinta."
101,50,121/000004,0.60,orden_dia,A,4,9,"Proyecto de Ley de prevención de las pérdidas y el desperdicio alimentario.
Enmiendas a la disposición adicional sexta, "
101,51,121/000004,0.60,orden_dia,A,4,9,"Proyecto de Ley de prevención de las pérdidas y el desperdicio alimentario.
Enmiendas por la que se introduce una dispos"
101,52,121/000004,0.60,orden_dia,A,4,9,"Proyecto de Ley de prevención de las pérdidas y el desperdicio alimentario.
Enmiendas de supresión de la disposición fin"
101,53,121/000004,0.60,orden_dia,A,4,9,"Proyecto de Ley de prevención de las pérdidas y el desperdicio alimentario.
Enmiendas a la disposición final primera (an"
101,54,121/000004,0.60,orden_dia,A,4,9,"Proyecto de Ley de prevención de las pérdidas y el desperdicio alimentario.
Enmiendas a la disposición final segunda, de"
101,55,121/000004,0.60,orden_dia,A,4,9,"Proyecto de Ley de prevención de las pérdidas y el desperdicio alimentario.
Enmiendas a la disposición final quinta (ant"
101,56,121/000004,0.60,orden_dia,A,4,9,"Proyecto de Ley de prevención de las pérdidas y el desperdicio alimentario.
Enmiendas a la disposición final séptima, a "
101,57,121/000004,0.60,orden_dia,A,4,9,"Proyecto de Ley de prevención de las pérdidas y el desperdicio alimentario.
Enmiendas por la que se añade una disposició"
101,58,121/000004,0.60,orden_dia,A,4,9,"Proyecto de Ley de prevención de las pérdidas y el desperdicio alimentario.
Enmiendas a la disposición final undécima (a"
101,59,121/000004,0.60,orden_dia,A,4,9,"Proyecto de Ley de prevención de las pérdidas y el desperdicio alimentario.
Enmiendas a la disposición final duodécima ("
101,60,121/000004,0.60,orden_dia,A,4,9,"Proyecto de Ley de prevención de las pérdidas y el desperdicio alimentario.
Enmiendas a la disposición final decimoterce"
101,61,121/000004,0.60,orden_dia,A,4,9,"Proyecto de Ley de prevención de las pérdidas y el desperdicio alimentario.
Enmiendas a la disposición final decimocuart"
101,62,121/000004,0.60,orden_dia,A,4,9,"Proyecto de Ley de prevención de las pérdidas y el desperdicio alimentario.
Enmiendas a los párrafos primero y segundo d"
101,63,121/000004,1.00,orden_dia,A,4,9,"Proyecto de Ley de prevención de las pérdidas y el desperdicio alimentario.
Enmiendas al"
101,64,121/000004,0.60,orden_dia,A,4,9,"Proyecto de Ley de prevención de las pérdidas y el desperdicio alimentario.
Enmiendas de supresión de la disposición fin"
101,65,121/000012,0.50,orden_dia,A,12,9,Votación de la solicitud de avocación por el Pleno de la Cámara de la deliberación y votación final del Proyecto de Ley 
102,1,121/000046,0.54,orden_dia,A,46,6,Votación de la enmienda a la totalidad de devolución al Proyecto de Ley de transparencia e integridad de las actividades
102,2,122/000149,0.95,orden_dia,B,172,6,"Proposición de Ley del Grupo Parlamentario Popular en el Congreso, Orgánica para garantizar el funcionamiento de las sec"
102,3,122/000170,0.93,orden_dia,B,193,6,"Proposición de Ley del Grupo Parlamentario Socialista, por la que se modifica la Ley 1/2005, de 9 de marzo, por la que s"
103,1,,0.46,,,,30,"Proposición no de Ley del  Grupo Parlamentario Vasco (EAJ-PNV), relativa al acceso al bono social.
Se vota en los términ"
103,2,162/000438,0.88,orden_dia,D,292,30,"Proposición no de Ley del Grupo Parlamentario Socialista, relativa a la posición de España y la Unión Europea respecto a"
103,3,173/000088,0.81,orden_dia,,,30,"Moción consecuencia de interpelación urgente del Grupo Parlamentario VOX, sobre las medidas que pretende adoptar el Gobi"
103,4,173/000089,0.81,orden_dia,,,30,"Moción consecuencia de interpelación urgente del Grupo Parlamentario Republicano, sobre las causas y asunción de respons"
103,5,173/000089,0.81,orden_dia,,,30,"Moción consecuencia de interpelación urgente del Grupo Parlamentario Republicano, sobre las causas y asunción de respons"
103,6,173/000089,0.81,orden_dia,,,30,"Moción consecuencia de interpelación urgente del Grupo Parlamentario Republicano, sobre las causas y asunción de respons"
103,7,173/000089,0.81,orden_dia,,,30,"Moción consecuencia de interpelación urgente del Grupo Parlamentario Republicano, sobre las causas y asunción de respons"
103,8,173/000089,0.81,orden_dia,,,30,"Moción consecuencia de interpelación urgente del Grupo Parlamentario Republicano, sobre las causas y asunción de respons"
103,9,173/000089,0.81,orden_dia,,,30,"Moción consecuencia de interpelación urgente del Grupo Parlamentario Republicano, sobre las causas y asunción de respons"
103,10,173/000090,0.93,orden_dia,,,30,"Moción consecuencia de interpelación urgente del Grupo Parlamentario Popular en el Congreso, sobre la nueva programación"
103,11,173/000090,0.93,orden_dia,,,30,"Moción consecuencia de interpelación urgente del Grupo Parlamentario Popular en el Congreso, sobre la nueva programación"
103,12,173/000090,0.93,orden_dia,,,30,"Moción consecuencia de interpelación urgente del Grupo Parlamentario Popular en el Congreso, sobre la nueva programación"
103,13,173/000090,0.93,orden_dia,,,30,"Moción consecuencia de interpelación urgente del Grupo Parlamentario Popular en el Congreso, sobre la nueva programación"
104,1,125/000009,1.00,orden_dia,B,164,8,"Proposición de Ley  del Parlamento de Andalucía, relativa a la gratuidad de los productos ópticos y de salud visual."
104,2,410/000006,0.94,orden_dia,B,159,8,"Proposición del Grupo Parlamentario Popular en el Congreso, de reforma del Reglamento del Congreso de los Diputados rela"
104,3,121/000051,1.00,orden_dia,A,51,8,"Acuerdo de tramitación directa y en lectura única de Proyecto de Ley por la que se modifica la Ley 12/2002, de 23 de may"
106,1,122/000126,1.00,orden_dia,B,141,11,"Proposición de Ley Orgánica por la que se modifica la Ley Orgánica 1/2002, de 22 de marzo, reguladora del derecho de aso"
106,2,122/000126,1.00,orden_dia,B,141,11,"Proposición de Ley Orgánica por la que se modifica la Ley Orgánica 1/2002, de 22 de marzo, reguladora del derecho de aso"
106,3,122/000126,1.00,orden_dia,B,141,11,"Proposición de Ley Orgánica por la que se modifica la Ley Orgánica 1/2002, de 22 de marzo, reguladora del derecho de aso"
106,4,122/000126,1.00,orden_dia,B,141,11,"Proposición de Ley Orgánica por la que se modifica la Ley Orgánica 1/2002, de 22 de marzo, reguladora del derecho de aso"
106,5,122/000126,1.00,orden_dia,B,141,11,"Proposición de Ley Orgánica por la que se modifica la Ley Orgánica 1/2002, de 22 de marzo, reguladora del derecho de aso"
106,6,122/000126,1.00,orden_dia,B,141,11,"Proposición de Ley Orgánica por la que se modifica la Ley Orgánica 1/2002, de 22 de marzo, reguladora del derecho de aso"
106,7,122/000126,1.00,orden_dia,B,141,11,"Proposición de Ley Orgánica por la que se modifica la Ley Orgánica 1/2002, de 22 de marzo, reguladora del derecho de aso"
106,8,162/000350,0.93,orden_dia,D,227,11,"Proposición no de Ley del Grupo Parlamentario Popular en el Congreso, sobre el nuevo mapa concesional estatal de los ser"
106,9,162/000464,0.89,orden_dia,D,312,11,"Proposición no de Ley del Grupo Parlamentario Socialista, sobre reconocimiento y apoyo al pueblo gitano."
106,10,173/000091,0.71,orden_dia,,,11,"Moción consecuencia de interpelación urgente del Grupo Parlamentario Mixto (Sra. Valido García), sobre el impacto en la "
106,11,173/000092,0.86,orden_dia,,,11,"Moción consecuencia de interpelación urgente del Grupo Parlamentario VOX, sobre las medidas que pretende adoptar el Gobi"
106,12,173/000093,0.83,orden_dia,,,11,"Moción consecuencia de interpelación urgente del Grupo Parlamentario Popular en el Congreso, para que el Ministro de Agr"
106,13,130/000017,1.00,orden_dia,,,11,"Real Decreto-ley 3/2025, de 1 de abril, por el que se establece el programa de incentivos ligados a la movilidad eléctri"
106,14,130/000017,0.69,orden_dia,,,11,"Tramitación como Proyecto de Ley por el procedimiento de urgencia del Real Decreto-ley 3/2025, de 1 de abril, por el que"
106,15,130/000016,1.00,orden_dia,,,11,"Real Decreto-ley 2/2025, de 18 de marzo, por el que se aprueban medidas urgentes para la garantía del interés superior d"
106,16,130/000016,0.83,orden_dia,,,11,"Tramitación como Proyecto de Ley por el procedimiento de urgencia del Real Decreto-ley 2/2025, de 18 de marzo, por el qu"
106,17,122/000126,0.78,orden_dia,B,141,11,"Proposición de Ley Orgánica por la que se modifica la Ley Orgánica 1/2002, de 22 de marzo, reguladora del derecho de aso"
106,18,122/000126,0.78,orden_dia,B,141,11,"Proposición de Ley Orgánica por la que se modifica la Ley Orgánica 1/2002, de 22 de marzo, reguladora del derecho de aso"
106,19,121/000051,0.53,orden_dia,A,51,11,"Votación de la enmienda a la totalidad de devolución al Proyecto de Ley por la que se modifica la Ley 12/2002, de 23 de "
106,20,121/000051,0.53,orden_dia,A,51,11,"Votación de conjunto del texto del Proyecto de Ley por la que se modifica la Ley 12/2002, de 23 de mayo, por la que se a"
106,21,122/000130,0.87,orden_dia,B,147,11,Votación de la solicitud de avocación por el Pleno de la Cámara de la deliberación y votación final de la Proposición de
107,1,122/000143,0.95,orden_dia,B,162,7,"Proposición de Ley del Grupo Parlamentario Socialista, de modificación del Real Decreto Legislativo 8/2015, de 30 de oct"
107,2,122/000164,0.92,orden_dia,B,188,7,"Proposición de Ley del Grupo Parlamentario VOX, Orgánica de modificación de la Ley Orgánica 10/1995, de 23 de noviembre,"
107,3,121/000053,1.00,orden_dia,A,53,7,Acuerdo de tramitación directa y en lectura única del Proyecto de Ley Orgánica por la que se autoriza la ratificación de
109,1,121/000020,1.00,orden_dia,A,20,9,"Proyecto de Ley por la que se modifican la Ley 48/1960, de 21 de julio, sobre Navegación Aérea, y la Ley 21/2003, de 7 d"
109,2,121/000020,1.00,orden_dia,A,20,9,"Proyecto de Ley por la que se modifican la Ley 48/1960, de 21 de julio, sobre Navegación Aérea, y la Ley 21/2003, de 7 d"
109,3,121/000020,1.00,orden_dia,A,20,9,"Proyecto de Ley por la que se modifican la Ley 48/1960, de 21 de julio, sobre Navegación Aérea, y la Ley 21/2003, de 7 d"
109,4,121/000020,1.00,orden_dia,A,20,9,"Proyecto de Ley por la que se modifican la Ley 48/1960, de 21 de julio, sobre Navegación Aérea, y la Ley 21/2003, de 7 d"
109,5,121/000020,1.00,orden_dia,A,20,9,"Proyecto de Ley por la que se modifican la Ley 48/1960, de 21 de julio, sobre Navegación Aérea, y la Ley 21/2003, de 7 d"
109,6,121/000020,1.00,orden_dia,A,20,9,"Proyecto de Ley por la que se modifican la Ley 48/1960, de 21 de julio, sobre Navegación Aérea, y la Ley 21/2003, de 7 d"
109,7,162/000311,0.83,orden_dia,D,204,9,"Proposición no de Ley del Grupo Parlamentario VOX, en defensa de la libertad de expresión."
109,8,162/000348,0.92,orden_dia,D,227,9,"Proposición no de Ley del Grupo Parlamentario Popular en el Congreso, para una Estrategia Integral para una Transición E"
109,9,173/000094,0.79,orden_dia,,,9,"Moción consecuencia de interpelación urgente del Grupo Parlamentario VOX, sobre las medidas que pretende adoptar el Gobi"
109,10,173/000095,0.90,orden_dia,,,9,"Moción consecuencia de interpelación urgente del Grupo Parlamentario Popular en el Congreso, sobre los planes del Gobier"
109,11,173/000095,0.90,orden_dia,,,9,"Moción consecuencia de interpelación urgente del Grupo Parlamentario Popular en el Congreso, sobre los planes del Gobier"
109,12,173/000095,0.90,orden_dia,,,9,"Moción consecuencia de interpelación urgente del Grupo Parlamentario Popular en el Congreso, sobre los planes del Gobier"
109,13,121/000020,0.78,orden_dia,A,20,9,"Votación del dictamen del Proyecto de Ley por la que se modifican la Ley 48/1960, de 21 de julio, sobre Navegación Aérea"
109,14,130/000018,1.00,orden_dia,,,9,"Real Decreto-ley 4/2025, de 8 de abril, de medidas urgentes de respuesta a la amenaza arancelaria y de relanzamiento com"
109,15,130/000018,0.69,orden_dia,,,9,"Tramitación como Proyecto de Ley por el procedimiento de urgencia del Real Decreto-ley 4/2025, de 8 de abril, de medidas"
109,16,121/000053,0.62,orden_dia,A,53,9,Votación de conjunto del texto del Proyecto de Ley Orgánica por la que se autoriza la ratificación de cuatro enmiendas a
109,17,042/000024,1.00,orden_dia,,,9,Dictamen de la Comisión del Estatuto de los Diputados sobre declaración de actividades de Excmos. Sres. Diputados.
109,18,154/000006,1.00,orden_dia,D,198,9,"Solicitud de la Comisión de Igualdad, de prórroga de seis meses del plazo para la conclusión de los trabajos de la Subco"
110,1,125/000004,0.92,orden_dia,B,15,6,"Proposición de Ley de la Asamblea Regional de Murcia, relativa al mantenimiento del trasvase Tajo-Segura (corresponde al"
110,2,122/000137,0.92,orden_dia,B,155,6,"Proposición de Ley del Grupo Parlamentario Popular en el Congreso, de modificación de la Ley 39/1995, de 19 de diciembre"
111,1,162/000478,0.88,orden_dia,D,321,47,"Proposición no de Ley del Grupo Parlamentario Socialista, en defensa del Pacto Verde europeo."
111,2,162/000432,0.85,orden_dia,D,287,47,"Proposición no de Ley del Grupo Parlamentario Plurinacional SUMAR, para la creación de un impuesto que grave las emision"
111,3,173/000096,0.82,orden_dia,,,47,"Moción consecuencia de Interpelación urgente del Grupo Parlamentario Mixto (Sra. Belarra Urteaga), relativa a la posició"
111,4,173/000096,0.82,orden_dia,,,47,"Moción consecuencia de Interpelación urgente del Grupo Parlamentario Mixto (Sra. Belarra Urteaga), relativa a la posició"
111,5,173/000097,0.85,orden_dia,,,47,"Moción consecuencia de interpelación urgente del Grupo Parlamentario VOX, sobre las medidas que pretende adoptar el Gobi"
111,6,173/000098,0.91,orden_dia,,,47,"Moción consecuencia de interpelación urgente del Grupo Parlamentario Popular en el Congreso, sobre las causas del apagón"
111,7,110/000044,1.00,orden_dia,A,115,47,"Acuerdo Marco Avanzado entre la Unión Europea y sus Estados miembros, por una parte, y la República de Chile, por otra, "
111,8,110/000045,1.00,orden_dia,A,116,47,"Tratado de Amistad y Cooperación entre el Reino de España y la República Francesa, hecho en Barcelona el 19 de enero de "
111,9,110/000046,1.00,orden_dia,A,118,47,Acuerdo entre el Reino de España y la República Portuguesa para la construcción de un puente internacional sobre el río 
111,10,110/000050,1.00,orden_dia,A,127,47,"Renovación de la Reserva formulada por España al Convenio penal sobre la corrupción del Consejo de Europa, hecho en Estr"
111,11,110/000051,1.00,orden_dia,A,130,47,"Protocolo nº 16 al Convenio para la Protección de los Derechos Humanos y de las Libertades Fundamentales, hecho ad refer"
111,12,110/000048,1.00,orden_dia,A,120,47,Acuerdo entre el Reino de España y la República Portuguesa para la seguridad de la navegación y la náutica de recreo en 
112,1,410/000007,1.00,orden_dia,B,200,5,"Proposición de los Grupos Parlamentarios Socialista y Vasco (EAJ-PNV), de reforma del Reglamento del Congreso de los Dip"
112,2,122/000122,0.95,orden_dia,B,138,5,"Proposición de Ley de los Grupos Parlamentarios Plurinacional SUMAR y Mixto, por la que se reforma la Ley 53/2007, de 28"
112,3,162/000503,0.90,orden_dia,D,333,5,"Proposición no de Ley del Grupo Parlamentario Popular en el Congreso, sobre la atención a los pasajeros en caso de incid"
112,4,162/000482,0.88,orden_dia,D,321,5,"Proposición no de Ley del Grupo Parlamentario Socialista, relativa a impulsar la atracción y retención del talento cient"
112,5,173/000099,0.84,orden_dia,,,5,"Moción consecuencia de interpelación urgente del Grupo Parlamentario Popular en el Congreso, sobre la política del Gobie"
112,6,173/000099,0.84,orden_dia,,,5,"Moción consecuencia de interpelación urgente del Grupo Parlamentario Popular en el Congreso, sobre la política del Gobie"
112,7,173/000099,0.84,orden_dia,,,5,"Moción consecuencia de interpelación urgente del Grupo Parlamentario Popular en el Congreso, sobre la política del Gobie"
112,8,173/000099,0.84,orden_dia,,,5,"Moción consecuencia de interpelación urgente del Grupo Parlamentario Popular en el Congreso, sobre la política del Gobie"
112,9,173/000099,0.84,orden_dia,,,5,"Moción consecuencia de interpelación urgente del Grupo Parlamentario Popular en el Congreso, sobre la política del Gobie"
114,1,122/000176,0.95,orden_dia,B,202,6,"Proposición de Ley del Grupo Parlamentario Popular en el Congreso, relativa a incrementar las medidas de prevención en e"
114,2,122/000186,0.89,orden_dia,B,219,6,"Proposición de Ley del Grupo Parlamentario Socialista, Orgánica por la que se modifica la Ley Orgánica 2/2023, de 22 de "
115,1,162/000506,0.95,orden_dia,D,337,35,"Proposición no de Ley del Grupo Parlamentario Popular en el Congreso, relativa a financiar con máxima urgencia la ""Ley 3"
115,2,162/000439,0.55,orden_dia,D,292,35,"Proposición no de Ley del Grupo Parlamentario Socialista, de reconocimiento del movimiento vecinal.
Se vota en los térmi"
115,3,173/000100,0.79,orden_dia,,,35,"Moción consecuencia de interpelación urgente del Grupo Parlamentario VOX, sobre las medidas que pretende adoptar el Gobi"
115,4,173/000101,0.87,orden_dia,,,35,"Moción consecuencia de interpelación urgente del Grupo Parlamentario VOX, sobre las medidas que va a adoptar el Gobierno"
115,5,173/000102,0.89,orden_dia,,,35,"Moción consecuencia de interpelación urgente del Grupo Parlamentario Popular en el Congreso, sobre la implicación de la "
115,6,156/000009,0.97,orden_dia,,,35,"Solicitud del Sr. Tellado Filgueira y otros 130 Diputados, de creación de una Comisión de Investigación sobre la interru"
115,7,156/000010,0.95,orden_dia,,,35,"Solicitud de los Grupos Parlamentarios Socialista y Plurinacional SUMAR, de creación de una Comisión de Investigación so"
115,8,154/000005,1.00,orden_dia,D,150,35,"Solicitud de la Comisión de Educación, Formación Profesional y Deportes, de prórroga de seis meses del plazo para la con"
116,1,122/000181,0.96,orden_dia,B,207,6,"Proposición de Ley del Grupo Parlamentario Popular en el Congreso, relativa a la modificación de la Ley 22/1988, de 28 d"
116,2,410/000009,0.94,orden_dia,B,233,6,"Proposición del Grupo Parlamentario Socialista, de reforma del Reglamento del Congreso para incorporar un nuevo Título X"
118,1,162/000477,0.86,orden_dia,D,321,8,"Proposición no de Ley del Grupo Parlamentario Popular en el Congreso, para ajustar el IRPF por la inflación."
118,2,162/000516,0.91,orden_dia,D,347,8,"Proposición no de Ley del Grupo Parlamentario VOX, relativa a la defensa del olivar en el contexto de la sobreinstalació"
118,3,162/000516,0.91,orden_dia,D,347,8,"Proposición no de Ley del Grupo Parlamentario VOX, relativa a la defensa del olivar en el contexto de la sobreinstalació"
118,4,162/000516,0.91,orden_dia,D,347,8,"Proposición no de Ley del Grupo Parlamentario VOX, relativa a la defensa del olivar en el contexto de la sobreinstalació"
118,5,162/000516,0.91,orden_dia,D,347,8,"Proposición no de Ley del Grupo Parlamentario VOX, relativa a la defensa del olivar en el contexto de la sobreinstalació"
118,6,162/000516,0.91,orden_dia,D,347,8,"Proposición no de Ley del Grupo Parlamentario VOX, relativa a la defensa del olivar en el contexto de la sobreinstalació"
118,7,173/000103,0.71,orden_dia,,,8,"Moción consecuencia de interpelación urgente del Grupo Parlamentario Mixto (Sra. Belarra Urteaga), relativa a la posició"
118,8,173/000104,0.83,orden_dia,,,8,"Moción consecuencia de interpelación urgente del Grupo Parlamentario VOX, sobre cómo va a recuperar el Gobierno una polí"
118,9,173/000104,0.83,orden_dia,,,8,"Moción consecuencia de interpelación urgente del Grupo Parlamentario VOX, sobre cómo va a recuperar el Gobierno una polí"
118,10,173/000104,0.83,orden_dia,,,8,"Moción consecuencia de interpelación urgente del Grupo Parlamentario VOX, sobre cómo va a recuperar el Gobierno una polí"
118,11,173/000104,0.83,orden_dia,,,8,"Moción consecuencia de interpelación urgente del Grupo Parlamentario VOX, sobre cómo va a recuperar el Gobierno una polí"
118,12,173/000105,0.85,orden_dia,,,8,"Moción consecuencia de interpelación urgente del Grupo Parlamentario Republicano,  sobre las medidas que el Gobierno tie"
118,13,173/000106,0.92,orden_dia,,,8,"Moción consecuencia de interpelación urgente del Grupo Parlamentario Popular en el Congreso, para que la Vicepresidenta "
118,14,173/000106,0.92,orden_dia,,,8,"Moción consecuencia de interpelación urgente del Grupo Parlamentario Popular en el Congreso, para que la Vicepresidenta "
118,15,173/000106,0.92,orden_dia,,,8,"Moción consecuencia de interpelación urgente del Grupo Parlamentario Popular en el Congreso, para que la Vicepresidenta "
118,16,173/000106,0.92,orden_dia,,,8,"Moción consecuencia de interpelación urgente del Grupo Parlamentario Popular en el Congreso, para que la Vicepresidenta "
118,17,173/000106,0.92,orden_dia,,,8,"Moción consecuencia de interpelación urgente del Grupo Parlamentario Popular en el Congreso, para que la Vicepresidenta "
118,18,121/000059,0.76,orden_dia,A,59,8,Votación conjunta de las enmiendas a la totalidad de devolución al Proyecto de Ley Orgánica por la que se modifica la Le
119,1,122/000179,0.92,orden_dia,B,206,6,"Proposición de Ley del Grupo Parlamentario Popular en el Congreso, para garantizar la aportación de la energía nuclear e"
119,2,122/000163,0.94,orden_dia,B,187,6,"Proposición de Ley del Grupo Parlamentario VOX, Orgánica por la que se modifica la Ley Orgánica 10/1995, de 23 de noviem"
121,1,122/000126,1.00,orden_dia,B,141,9,"Proposición de Ley Orgánica de modificación del artículo 515 de la Ley Orgánica 10/1995, de 23 de noviembre, del Código "
121,2,162/000521,0.88,orden_dia,D,349,9,"Proposición no de Ley del Grupo Parlamentario Popular en el Congreso, en defensa de los contrapesos democráticos."
121,3,162/000496,0.93,orden_dia,D,326,9,"Proposición no de Ley del Grupo Parlamentario Socialista, relativa a la condena de la prohibición de la marcha del orgul"
121,4,173/000107,0.61,orden_dia,,,9,"Moción consecuencia de interpelación urgente del Grupo Parlamentario Euskal Herria Bildu, relativa a las necesidades de "
121,5,173/000108,0.73,orden_dia,,,9,"Moción consecuencia de interpelación urgente del Grupo Parlamentario VOX, sobre las consecuencias de la implantación de "
121,6,173/000109,0.78,orden_dia,,,9,"Moción consecuencia de interpelación urgente del Grupo Parlamentario Popular en el Congreso, sobre los ataques que está "
121,7,173/000109,0.78,orden_dia,,,9,"Moción consecuencia de interpelación urgente del Grupo Parlamentario Popular en el Congreso, sobre los ataques que está "
121,8,173/000109,0.78,orden_dia,,,9,"Moción consecuencia de interpelación urgente del Grupo Parlamentario Popular en el Congreso, sobre los ataques que está "
121,9,122/000143,0.75,orden_dia,B,162,9,Votación de la enmienda a la totalidad de texto alternativo a la Proposición de Ley de modificación del Real Decreto Leg
121,10,154/000008,1.00,orden_dia,D,262,9,"Solicitud de la Comisión de Juventud e Infancia, de prórroga del plazo para la conclusión de los trabajos de la Subcomis"
122,1,410/000008,0.91,orden_dia,B,217,7,"Proposición del Grupo Parlamentario Popular en el Congreso, de reforma del Reglamento del Congreso de los Diputados rela"
122,2,122/000201,0.95,orden_dia,B,240,7,"Proposición de Ley del Grupo Parlamentario Socialista, Orgánica por la que se modifica la Ley Orgánica 10/1995, de 23 de"
122,3,121/000061,1.00,orden_dia,A,61,7,"Acuerdo de tramitación directa y en lectura única del Proyecto de Ley por la que se modifica la Ley 28/1990, de 26 de di"
124,1,162/000533,0.60,orden_dia,D,356,12,"Proposición no de Ley del Grupo Parlamentario Euskal Herria Bildu, relativa a la recuperación de la memoria histórica en"
124,2,162/000527,0.92,orden_dia,D,352,12,"Proposición no de Ley del Grupo Parlamentario Popular en el Congreso, relativa a la rendición de cuentas del Plan Indust"
124,3,162/000527,0.92,orden_dia,D,352,12,"Proposición no de Ley del Grupo Parlamentario Popular en el Congreso, relativa a la rendición de cuentas del Plan Indust"
124,4,162/000527,0.92,orden_dia,D,352,12,"Proposición no de Ley del Grupo Parlamentario Popular en el Congreso, relativa a la rendición de cuentas del Plan Indust"
124,5,162/000527,0.92,orden_dia,D,352,12,"Proposición no de Ley del Grupo Parlamentario Popular en el Congreso, relativa a la rendición de cuentas del Plan Indust"
124,6,173/000110,0.82,orden_dia,,,12,"Moción consecuencia de interpelación urgente del Grupo Parlamentario VOX, sobre las acciones que va a adoptar el Gobiern"
124,7,173/000111,0.73,orden_dia,,,12,"Moción consecuencia de interpelación urgente del Grupo Parlamentario Junts per Catalunya, sobre la política fiscal y pre"
124,8,173/000112,0.86,orden_dia,,,12,"Moción consecuencia de interpelación urgente del Grupo Parlamentario Popular en el Congreso, sobre las diferentes tramas"
124,9,173/000112,0.86,orden_dia,,,12,"Moción consecuencia de interpelación urgente del Grupo Parlamentario Popular en el Congreso, sobre las diferentes tramas"
124,10,173/000112,0.86,orden_dia,,,12,"Moción consecuencia de interpelación urgente del Grupo Parlamentario Popular en el Congreso, sobre las diferentes tramas"
124,11,130/000019,1.00,orden_dia,,,12,"Real Decreto-ley 5/2025, de 10 de junio, de medidas de promoción del uso del transporte público colectivo por parte de l"
124,12,130/000019,0.76,orden_dia,,,12,"Tramitación como Proyecto de Ley por el procedimiento de urgencia del Real Decreto-ley 5/2025, de 10 de junio, de medida"
124,13,121/000061,0.61,orden_dia,A,61,12,"Votación de la enmienda a la totalidad de devolución al Proyecto de Ley por la que se modifica la Ley 28/1990, de 26 de "
124,14,121/000061,0.62,orden_dia,A,61,12,"Votación de conjunto del texto del Proyecto de Ley por la que se modifica la Ley 28/1990, de 26 de diciembre, por la que"
124,15,110/000053,1.00,orden_dia,A,135,12,Acuerdo entre el Reino de España y el Reino Unido de Gran Bretaña e Irlanda del Norte sobre el libre ejercicio de activi
124,16,110/000054,1.00,orden_dia,A,142,12,"Convenio relativo a la revisión del Convenio sobre la protección de la maternidad (revisado), 1952, hecho en Ginebra el "
124,17,110/000055,1.00,orden_dia,A,147,12,"Acuerdo europeo sobre grandes líneas de transporte internacional combinado e instalaciones conexas (AGTC), enmendado, he"
124,18,042/000025,1.00,orden_dia,,,12,Dictamen de la Comisión del Estatuto de los Diputados sobre declaración de actividades de los Excmos. Sres. Diputados.
124,19,154/000002,1.00,orden_dia,D,115,12,"Solicitud de la Comisión de Sanidad, de prórroga del plazo para la conclusión de los trabajos de la Subcomisión para mej"
125,1,410/000007,0.50,orden_dia,B,200,1,"Proposición de reforma del Reglamento del Congreso de los Diputados.
Enmienda a la totalidad de texto alternativo presen"
125,2,,0.46,,,,1,"Proposición de reforma del Reglamento del Congreso de los Diputados.
Enmienda a la totalidad de texto alternativo presen"
128,1,410/000005,1.00,orden_dia,B,73,8,Proposición de reforma del Reglamento del Congreso de los Diputados.
128,2,410/000005,1.00,orden_dia,B,73,8,Proposición de reforma del Reglamento del Congreso de los Diputados.
128,3,410/000007,0.62,orden_dia,B,200,8,"Proposición de reforma del Reglamento del Congreso de los Diputados.
Enmienda de corrección técnica presentada por el Gr"
128,4,121/000022,0.92,orden_dia,A,22,8,Proyecto de Ley por la que se modifican el texto refundido de la Ley sobre responsabilidad civil y seguro en la circulac
128,5,121/000054,0.73,orden_dia,A,54,8,"Proyecto de Ley por la que se crea la Agencia Estatal de Salud Pública y se modifica la Ley 33/2011, de 4 de octubre, Ge"
128,6,121/000054,0.73,orden_dia,A,54,8,"Proyecto de Ley por la que se crea la Agencia Estatal de Salud Pública y se modifica la Ley 33/2011, de 4 de octubre, Ge"
128,7,121/000054,0.73,orden_dia,A,54,8,"Proyecto de Ley por la que se crea la Agencia Estatal de Salud Pública y se modifica la Ley 33/2011, de 4 de octubre, Ge"
128,8,121/000054,0.73,orden_dia,A,54,8,"Proyecto de Ley por la que se crea la Agencia Estatal de Salud Pública y se modifica la Ley 33/2011, de 4 de octubre, Ge"
128,9,121/000054,0.73,orden_dia,A,54,8,"Proyecto de Ley por la que se crea la Agencia Estatal de Salud Pública y se modifica la Ley 33/2011, de 4 de octubre, Ge"
128,10,122/000146,1.00,orden_dia,B,168,8,"Proposición de Ley de modificación de la Ley 19/1994, de 6 de julio, de modificación del Régimen Económico y Fiscal de C"
128,11,410/000005,0.71,orden_dia,B,73,8,"Proposición de reforma del Reglamento del Congreso de los Diputados.
Votación del dictamen."
128,12,410/000007,0.62,orden_dia,B,200,8,"Proposición de reforma del Reglamento del Congreso de los Diputados.
Votación final de totalidad, a los efectos de la di"
128,13,410/000005,0.71,orden_dia,B,73,8,"Proposición de reforma del Reglamento del Congreso de los Diputados.
Votación del dictamen."
128,14,410/000007,0.62,orden_dia,B,200,8,"Proposición de reforma del Reglamento del Congreso de los Diputados.
Votación final de totalidad, a los efectos de la di"
128,15,130/000020,1.00,orden_dia,,,8,"Real Decreto-ley 6/2025, de 17 de junio, por el que se adoptan medidas relativas a los recursos de los sistemas de finan"
128,16,130/000020,0.69,orden_dia,,,8,"Tramitación como Proyecto de Ley por el procedimiento de urgencia del Real Decreto-ley 6/2025, de 17 de junio, por el qu"
128,17,130/000021,1.00,orden_dia,,,8,"Real Decreto-ley 7/2025, de 24 de junio, por el que se aprueban medidas urgentes para el refuerzo del sistema eléctrico."
128,18,130/000022,1.00,orden_dia,,,8,"Real Decreto-ley 8/2025, de 8 de julio, por el que se declaran diversas iniciativas y programas como acontecimientos de "
128,19,130/000022,0.77,orden_dia,,,8,"Tramitación como Proyecto de Ley por el procedimiento de urgencia del Real Decreto-ley 8/2025, de 8 de julio, por el que"
129,1,122/000189,0.92,orden_dia,B,222,6,"Proposición de Ley del Grupo Parlamentario Popular en el Congreso, relativa a la escolarización del alumnado con necesid"
129,2,122/000215,0.93,orden_dia,B,257,6,"Proposición de Ley del Grupo Parlamentario Socialista, para el impulso de la inclusión laboral de las personas con disca"
129,3,162/000566,1.00,orden_dia,D,384,6,"Real Decreto-ley 9/2025, de 29 de julio, por el que se amplía el permiso de nacimiento y cuidado, mediante la modificaci"
129,4,162/000566,0.92,orden_dia,D,384,6,"Tramitación como Proyecto de Ley por el procedimiento de urgencia del Real Decreto-ley 9/2025, de 29 de julio, por el qu"
130,1,162/000566,0.92,orden_dia,D,384,30,"Proposición no de Ley del Grupo Parlamentario Popular en el Congreso, relativa a garantizar la igualdad de los españoles"
130,2,162/000566,0.92,orden_dia,D,384,30,"Proposición no de Ley del Grupo Parlamentario Popular en el Congreso, relativa a garantizar la igualdad de los españoles"
130,3,162/000566,0.92,orden_dia,D,384,30,"Proposición no de Ley del Grupo Parlamentario Popular en el Congreso, relativa a garantizar la igualdad de los españoles"
130,4,162/000566,0.92,orden_dia,D,384,30,"Proposición no de Ley del Grupo Parlamentario Popular en el Congreso, relativa a garantizar la igualdad de los españoles"
130,5,162/000566,0.92,orden_dia,D,384,30,"Proposición no de Ley del Grupo Parlamentario Popular en el Congreso, relativa a garantizar la igualdad de los españoles"
130,6,162/000556,0.86,orden_dia,D,379,30,"Proposición no de Ley del Grupo Parlamentario Socialista, sobre el impulso de la Agenda 2030."
130,7,173/000113,0.80,orden_dia,,,30,"Moción consecuencia de interpelación urgente del Grupo Parlamentario VOX, sobre las medidas que va a adoptar el Gobierno"
130,8,173/000114,0.87,orden_dia,,,30,"Moción consecuencia de interpelación urgente del Grupo Parlamentario Popular en el Congreso, sobre las múltiples tramas "
130,9,121/000052,0.67,orden_dia,A,52,30,Votación de la enmienda a la totalidad de devolución al Proyecto de Ley Orgánica para la protección de las personas meno
130,10,121/000058,0.80,orden_dia,A,58,30,Votación conjunta de las enmiendas a la totalidad de devolución al Proyecto de Ley para la reducción de la duración máxi
130,11,250/000006,1.00,orden_dia,A,162,30,Dictamen de la Comisión Mixta para las Relaciones con el Tribunal de Cuentas en relación con la Declaración sobre la Cue
131,1,122/000191,0.95,orden_dia,B,224,7,"Proposición de Ley del Grupo Parlamentario VOX, Orgánica de modificación de la Ley Orgánica 4/2000, de 11 de enero, sobr"
131,2,122/000086,0.89,orden_dia,B,99,7,"Proposición de Ley del Grupo Parlamentario Plurinacional SUMAR, de creación de la Oficina de prevención de la corrupción"
132,1,162/000552,1.00,orden_dia,D,379,32,Votación del
132,2,162/000552,0.86,orden_dia,D,379,32,"Proposición no de Ley del Grupo Parlamentario VOX, relativa al incremento de la inseguridad en España."
132,3,162/000253,0.91,orden_dia,D,156,32,"Proposición no de Ley del Grupo Parlamentario Plurinacional SUMAR, relativa al establecimiento por ley de un despido rea"
132,4,173/000115,0.88,orden_dia,,,32,"Moción consecuencia de interpelación urgente del Grupo Parlamentario Mixto (Sr. Catalán Higueras), sobre los trámites, p"
132,5,173/000116,0.86,orden_dia,,,32,"Moción consecuencia de interpelación urgente del Grupo Parlamentario Mixto (Sr. Rego Candamil), relativa a las actuacion"
132,6,173/000116,0.86,orden_dia,,,32,"Moción consecuencia de interpelación urgente del Grupo Parlamentario Mixto (Sr. Rego Candamil), relativa a las actuacion"
132,7,173/000116,0.86,orden_dia,,,32,"Moción consecuencia de interpelación urgente del Grupo Parlamentario Mixto (Sr. Rego Candamil), relativa a las actuacion"
132,8,173/000116,0.86,orden_dia,,,32,"Moción consecuencia de interpelación urgente del Grupo Parlamentario Mixto (Sr. Rego Candamil), relativa a las actuacion"
132,9,173/000116,0.86,orden_dia,,,32,"Moción consecuencia de interpelación urgente del Grupo Parlamentario Mixto (Sr. Rego Candamil), relativa a las actuacion"
132,10,173/000116,0.86,orden_dia,,,32,"Moción consecuencia de interpelación urgente del Grupo Parlamentario Mixto (Sr. Rego Candamil), relativa a las actuacion"
132,11,173/000116,0.86,orden_dia,,,32,"Moción consecuencia de interpelación urgente del Grupo Parlamentario Mixto (Sr. Rego Candamil), relativa a las actuacion"
132,12,173/000116,0.86,orden_dia,,,32,"Moción consecuencia de interpelación urgente del Grupo Parlamentario Mixto (Sr. Rego Candamil), relativa a las actuacion"
132,13,173/000116,0.86,orden_dia,,,32,"Moción consecuencia de interpelación urgente del Grupo Parlamentario Mixto (Sr. Rego Candamil), relativa a las actuacion"
132,14,173/000116,0.86,orden_dia,,,32,"Moción consecuencia de interpelación urgente del Grupo Parlamentario Mixto (Sr. Rego Candamil), relativa a las actuacion"
132,15,173/000117,0.88,orden_dia,,,32,"Moción consecuencia de interpelación urgente del Grupo Parlamentario VOX, sobre cuál es la política del Gobierno en mate"
132,16,173/000118,0.87,orden_dia,,,32,"Moción consecuencia de interpelación urgente del Grupo Parlamentario Popular en el Congreso, sobre la situación de emerg"
132,17,173/000118,0.87,orden_dia,,,32,"Moción consecuencia de interpelación urgente del Grupo Parlamentario Popular en el Congreso, sobre la situación de emerg"
132,18,173/000118,0.87,orden_dia,,,32,"Moción consecuencia de interpelación urgente del Grupo Parlamentario Popular en el Congreso, sobre la situación de emerg"
132,19,173/000118,0.87,orden_dia,,,32,"Moción consecuencia de interpelación urgente del Grupo Parlamentario Popular en el Congreso, sobre la situación de emerg"
132,20,121/000020,0.89,orden_dia,A,20,32,"Proyecto de Ley por la que se modifican la Ley 48/1960, de 21 de julio, sobre Navegación Aérea, y la Ley 21/2003, de 7 d"
132,21,121/000020,0.67,orden_dia,A,20,32,"Proyecto de Ley por la que se modifican la Ley 48/1960, de 21 de julio, sobre Navegación Aérea, y la Ley 21/2003, de 7 d"
132,22,121/000020,0.67,orden_dia,A,20,32,"Proyecto de Ley por la que se modifican la Ley 48/1960, de 21 de julio, sobre Navegación Aérea, y la Ley 21/2003, de 7 d"
132,23,121/000020,0.67,orden_dia,A,20,32,"Proyecto de Ley por la que se modifican la Ley 48/1960, de 21 de julio, sobre Navegación Aérea, y la Ley 21/2003, de 7 d"
132,24,121/000020,0.73,orden_dia,A,20,32,"Proyecto de Ley por la que se modifican la Ley 48/1960, de 21 de julio, sobre Navegación Aérea, y la Ley 21/2003, de 7 d"
132,25,121/000020,0.67,orden_dia,A,20,32,"Proyecto de Ley por la que se modifican la Ley 48/1960, de 21 de julio, sobre Navegación Aérea, y la Ley 21/2003, de 7 d"
132,26,154/000002,1.00,orden_dia,,,32,"Informe de la Subcomisión para mejorar la protección, la promoción y la atención integral de la salud mental."
132,27,121/000046,0.54,orden_dia,A,46,32,Votación de la solicitud de avocación por el Pleno de la Cámara de la deliberación y votación final del Proyecto de Ley 
133,1,122/000172,1.00,orden_dia,B,195,6,"Proposición de Ley de los Grupos Parlamentarios Socialista y Junts per Catalunya, Orgánica de delegación en la Comunidad"
133,2,122/000187,0.89,orden_dia,B,220,6,"Proposición de Ley del Grupo Parlamentario Vasco (EAJ-PNV), Orgánica de reforma de la Ley Orgánica 2/1979, de 3 de octub"
134,1,162/000563,0.93,orden_dia,D,384,28,"Proposición no de Ley del Grupo Parlamentario Junts per Catalunya, sobre la modificación del artículo 30.2 del RD 295/20"
134,2,162/000145,0.85,orden_dia,D,97,28,"Proposición no de Ley Del Grupo Parlamentario Mixto (Sr. Rego Candamil), relativa a la transferencia de activos inmobili"
134,3,173/000119,0.83,orden_dia,,,28,"Moción consecuencia de interpelación urgente del Grupo Parlamentario Mixto (Sra. Valido García), sobre los controles que"
134,4,173/000119,0.83,orden_dia,,,28,"Moción consecuencia de interpelación urgente del Grupo Parlamentario Mixto (Sra. Valido García), sobre los controles que"
134,5,173/000119,0.83,orden_dia,,,28,"Moción consecuencia de interpelación urgente del Grupo Parlamentario Mixto (Sra. Valido García), sobre los controles que"
134,6,173/000119,0.83,orden_dia,,,28,"Moción consecuencia de interpelación urgente del Grupo Parlamentario Mixto (Sra. Valido García), sobre los controles que"
134,7,173/000119,0.83,orden_dia,,,28,"Moción consecuencia de interpelación urgente del Grupo Parlamentario Mixto (Sra. Valido García), sobre los controles que"
134,8,173/000120,0.92,orden_dia,,,28,"Moción consecuencia de interpelación urgente del Grupo Parlamentario VOX, sobre cuál es la estrategia que va a adoptar e"
134,9,173/000121,0.86,orden_dia,,,28,"Moción consecuencia de interpelación urgente del Grupo Parlamentario Popular en el Congreso, sobre la defensa de la Mini"
134,10,122/000143,0.78,orden_dia,B,162,28,Votación de la solicitud de avocación por el Pleno de la Cámara de la deliberación y votación final de la Proposición de
135,1,120/000009,1.00,orden_dia,B,214,5,"Proposición de Ley para la derogación de la Ley 18/2013, de 12 de noviembre, para la regulación de la Tauromaquia como p"
135,2,122/000214,0.92,orden_dia,B,256,5,"Proposición de Ley del Grupo Parlamentario Euskal Herria Bildu, sobre control y regulación de la publicidad y contrataci"
136,1,121/000009,1.00,orden_dia,A,9,32,Proyecto de Ley de Movilidad Sostenible.
136,2,121/000009,1.00,orden_dia,A,9,32,Proyecto de Ley de Movilidad Sostenible.
136,3,121/000009,1.00,orden_dia,A,9,32,Proyecto de Ley de Movilidad Sostenible.
136,4,121/000009,1.00,orden_dia,A,9,32,Proyecto de Ley de Movilidad Sostenible.
136,5,121/000009,1.00,orden_dia,A,9,32,Proyecto de Ley de Movilidad Sostenible.
136,6,121/000009,1.00,orden_dia,A,9,32,Proyecto de Ley de Movilidad Sostenible.
136,7,121/000009,1.00,orden_dia,A,9,32,Proyecto de Ley de Movilidad Sostenible.
136,8,121/000009,1.00,orden_dia,A,9,32,Proyecto de Ley de Movilidad Sostenible.
136,9,121/000009,1.00,orden_dia,A,9,32,Proyecto de Ley de Movilidad Sostenible.
136,10,121/000009,1.00,orden_dia,A,9,32,Proyecto de Ley de Movilidad Sostenible.
136,11,121/000009,1.00,orden_dia,A,9,32,Proyecto de Ley de Movilidad Sostenible.
136,12,121/000009,1.00,orden_dia,A,9,32,Proyecto de Ley de Movilidad Sostenible.
136,13,121/000009,1.00,orden_dia,A,9,32,Proyecto de Ley de Movilidad Sostenible.
136,14,121/000009,1.00,orden_dia,A,9,32,Proyecto de Ley de Movilidad Sostenible.
136,15,121/000009,1.00,orden_dia,A,9,32,Proyecto de Ley de Movilidad Sostenible.
136,16,121/000009,1.00,orden_dia,A,9,32,Proyecto de Ley de Movilidad Sostenible.
136,17,121/000009,1.00,orden_dia,A,9,32,Proyecto de Ley de Movilidad Sostenible.
136,18,121/000009,1.00,orden_dia,A,9,32,Proyecto de Ley de Movilidad Sostenible.
136,19,121/000009,1.00,orden_dia,A,9,32,Proyecto de Ley de Movilidad Sostenible.
136,20,121/000009,1.00,orden_dia,A,9,32,Proyecto de Ley de Movilidad Sostenible.
136,21,121/000009,1.00,orden_dia,A,9,32,Proyecto de Ley de Movilidad Sostenible.
136,22,121/000009,1.00,orden_dia,A,9,32,Proyecto de Ley de Movilidad Sostenible.
136,23,121/000009,1.00,orden_dia,A,9,32,Proyecto de Ley de Movilidad Sostenible.
136,24,121/000009,1.00,orden_dia,A,9,32,Proyecto de Ley de Movilidad Sostenible.
136,25,121/000009,1.00,orden_dia,A,9,32,Proyecto de Ley de Movilidad Sostenible.
136,26,121/000009,1.00,orden_dia,A,9,32,Proyecto de Ley de Movilidad Sostenible.
136,27,121/000009,1.00,orden_dia,A,9,32,Proyecto de Ley de Movilidad Sostenible.
136,28,121/000009,1.00,orden_dia,A,9,32,Proyecto de Ley de Movilidad Sostenible.
136,29,121/000009,1.00,orden_dia,A,9,32,Proyecto de Ley de Movilidad Sostenible.
136,30,121/000009,1.00,orden_dia,A,9,32,Proyecto de Ley de Movilidad Sostenible.
136,31,121/000009,1.00,orden_dia,A,9,32,Proyecto de Ley de Movilidad Sostenible.
136,32,121/000009,1.00,orden_dia,A,9,32,Proyecto de Ley de Movilidad Sostenible.
136,33,121/000009,1.00,orden_dia,A,9,32,Proyecto de Ley de Movilidad Sostenible.
136,34,121/000009,1.00,orden_dia,A,9,32,Proyecto de Ley de Movilidad Sostenible.
136,35,121/000009,1.00,orden_dia,A,9,32,Proyecto de Ley de Movilidad Sostenible.
136,36,121/000009,1.00,orden_dia,A,9,32,Proyecto de Ley de Movilidad Sostenible.
136,37,121/000009,1.00,orden_dia,A,9,32,Proyecto de Ley de Movilidad Sostenible.
136,38,121/000009,1.00,orden_dia,A,9,32,Proyecto de Ley de Movilidad Sostenible.
136,39,121/000009,1.00,orden_dia,A,9,32,Proyecto de Ley de Movilidad Sostenible.
136,40,121/000009,1.00,orden_dia,A,9,32,Proyecto de Ley de Movilidad Sostenible.
136,41,121/000009,1.00,orden_dia,A,9,32,Proyecto de Ley de Movilidad Sostenible.
136,42,121/000009,1.00,orden_dia,A,9,32,Proyecto de Ley de Movilidad Sostenible.
136,43,121/000009,1.00,orden_dia,A,9,32,Proyecto de Ley de Movilidad Sostenible.
136,44,121/000009,1.00,orden_dia,A,9,32,Proyecto de Ley de Movilidad Sostenible.
136,45,121/000009,1.00,orden_dia,A,9,32,Proyecto de Ley de Movilidad Sostenible.
136,46,121/000009,1.00,orden_dia,A,9,32,Proyecto de Ley de Movilidad Sostenible.
136,47,121/000009,1.00,orden_dia,A,9,32,Proyecto de Ley de Movilidad Sostenible.
136,48,121/000009,1.00,orden_dia,A,9,32,Proyecto de Ley de Movilidad Sostenible.
136,49,121/000009,1.00,orden_dia,A,9,32,Proyecto de Ley de Movilidad Sostenible.
136,50,121/000009,1.00,orden_dia,A,9,32,Proyecto de Ley de Movilidad Sostenible.
136,51,121/000009,1.00,orden_dia,A,9,32,Proyecto de Ley de Movilidad Sostenible.
136,52,121/000009,1.00,orden_dia,A,9,32,Proyecto de Ley de Movilidad Sostenible.
136,53,121/000009,1.00,orden_dia,A,9,32,Proyecto de Ley de Movilidad Sostenible.
136,54,121/000009,1.00,orden_dia,A,9,32,Proyecto de Ley de Movilidad Sostenible.
136,55,121/000009,1.00,orden_dia,A,9,32,Proyecto de Ley de Movilidad Sostenible.
136,56,121/000009,1.00,orden_dia,A,9,32,Proyecto de Ley de Movilidad Sostenible.
136,57,121/000009,1.00,orden_dia,A,9,32,Proyecto de Ley de Movilidad Sostenible.
136,58,121/000009,1.00,orden_dia,A,9,32,Proyecto de Ley de Movilidad Sostenible.
136,59,121/000009,1.00,orden_dia,A,9,32,Proyecto de Ley de Movilidad Sostenible.
136,60,121/000009,1.00,orden_dia,A,9,32,Proyecto de Ley de Movilidad Sostenible.
136,61,121/000009,1.00,orden_dia,A,9,32,Proyecto de Ley de Movilidad Sostenible.
136,62,121/000009,1.00,orden_dia,A,9,32,Proyecto de Ley de Movilidad Sostenible.
136,63,121/000009,1.00,orden_dia,A,9,32,Proyecto de Ley de Movilidad Sostenible.
136,64,121/000009,1.00,orden_dia,A,9,32,Proyecto de Ley de Movilidad Sostenible.
136,65,121/000009,1.00,orden_dia,A,9,32,Proyecto de Ley de Movilidad Sostenible.
136,66,121/000009,1.00,orden_dia,A,9,32,Proyecto de Ley de Movilidad Sostenible.
136,67,121/000009,1.00,orden_dia,A,9,32,Proyecto de Ley de Movilidad Sostenible.
136,68,121/000009,1.00,orden_dia,A,9,32,Proyecto de Ley de Movilidad Sostenible.
136,69,121/000009,1.00,orden_dia,A,9,32,Proyecto de Ley de Movilidad Sostenible.
136,70,121/000009,1.00,orden_dia,A,9,32,Proyecto de Ley de Movilidad Sostenible.
136,71,121/000009,1.00,orden_dia,A,9,32,Proyecto de Ley de Movilidad Sostenible.
136,72,121/000009,1.00,orden_dia,A,9,32,Proyecto de Ley de Movilidad Sostenible.
136,73,121/000009,1.00,orden_dia,A,9,32,Proyecto de Ley de Movilidad Sostenible.
136,74,121/000009,1.00,orden_dia,A,9,32,Proyecto de Ley de Movilidad Sostenible.
136,75,121/000009,1.00,orden_dia,A,9,32,Proyecto de Ley de Movilidad Sostenible.
136,76,121/000009,1.00,orden_dia,A,9,32,Proyecto de Ley de Movilidad Sostenible.
136,77,,0.43,,,,32,"Proyecto de Ley de Movilidad Sostenible.
Enmienda transaccional en Comisión nº 19 a la enmienda número 526."
136,78,,0.43,,,,32,"Proyecto de Ley de Movilidad Sostenible.
Enmienda transaccional en Comisión nº 20 a la enmienda número 590."
136,79,,0.43,,,,32,"Proyecto de Ley de Movilidad Sostenible.
Enmienda transaccional en Comisión nº 21 a la enmienda número 611."
136,80,,0.43,,,,32,"Proyecto de Ley de Movilidad Sostenible.
Enmienda transaccional en Comisión nº 22 a la enmienda número 535."
136,81,,0.43,,,,32,"Proyecto de Ley de Movilidad Sostenible.
Enmienda transaccional en Comisión nº 23 a la enmienda número 532."
136,82,,0.43,,,,32,"Proyecto de Ley de Movilidad Sostenible.
Enmienda transaccional en Comisión nº 24 a la enmienda número 549."
136,83,,0.43,,,,32,"Proyecto de Ley de Movilidad Sostenible.
Enmienda transaccional en Comisión nº 25 a la enmienda número 587."
136,84,,0.43,,,,32,"Proyecto de Ley de Movilidad Sostenible.
Enmienda transaccional en Comisión nº 26 a la enmienda número 607."
136,85,121/000009,1.00,orden_dia,A,9,32,Proyecto de Ley de Movilidad Sostenible.
136,86,121/000009,1.00,orden_dia,A,9,32,Proyecto de Ley de Movilidad Sostenible.
136,87,162/000580,1.00,orden_dia,D,399,32,"Real Decreto-ley 10/2025, de 23 de septiembre, por el que se adoptan medidas urgentes contra el genocidio en Gaza y de a"
136,88,162/000580,0.79,orden_dia,D,399,32,"Tramitación como Proyecto de Ley por el procedimiento de urgencia del Real Decreto-ley 10/2025, de 23 de septiembre, por"
136,89,162/000580,0.92,orden_dia,D,399,32,"Proposición no de Ley del Grupo Parlamentario Republicano, de medidas fiscales, regulatorias y de adquisición pública pa"
136,90,162/000580,0.92,orden_dia,D,399,32,"Proposición no de Ley del Grupo Parlamentario Republicano, de medidas fiscales, regulatorias y de adquisición pública pa"
136,91,162/000580,0.92,orden_dia,D,399,32,"Proposición no de Ley del Grupo Parlamentario Republicano, de medidas fiscales, regulatorias y de adquisición pública pa"
136,92,162/000580,0.92,orden_dia,D,399,32,"Proposición no de Ley del Grupo Parlamentario Republicano, de medidas fiscales, regulatorias y de adquisición pública pa"
136,93,162/000580,0.92,orden_dia,D,399,32,"Proposición no de Ley del Grupo Parlamentario Republicano, de medidas fiscales, regulatorias y de adquisición pública pa"
136,94,162/000580,0.92,orden_dia,D,399,32,"Proposición no de Ley del Grupo Parlamentario Republicano, de medidas fiscales, regulatorias y de adquisición pública pa"
136,95,162/000580,0.92,orden_dia,D,399,32,"Proposición no de Ley del Grupo Parlamentario Republicano, de medidas fiscales, regulatorias y de adquisición pública pa"
136,96,162/000580,0.92,orden_dia,D,399,32,"Proposición no de Ley del Grupo Parlamentario Republicano, de medidas fiscales, regulatorias y de adquisición pública pa"
136,97,162/000580,0.92,orden_dia,D,399,32,"Proposición no de Ley del Grupo Parlamentario Republicano, de medidas fiscales, regulatorias y de adquisición pública pa"
136,98,162/000581,0.89,orden_dia,D,399,32,"Proposición no de Ley del Grupo Parlamentario Popular en el Congreso, para recuperar la calidad y la confianza en el tre"
136,99,173/000122,0.82,orden_dia,,,32,"Moción consecuencia de interpelación urgente del Grupo Parlamentario VOX, sobre la necesidad de garantizar la enseñanza "
136,100,173/000123,0.85,orden_dia,,,32,"Moción consecuencia de interpelación urgente del Grupo Parlamentario Mixto (Sra. Belarra Urteaga), relativa a los planes"
136,101,173/000123,0.85,orden_dia,,,32,"Moción consecuencia de interpelación urgente del Grupo Parlamentario Mixto (Sra. Belarra Urteaga), relativa a los planes"
136,102,173/000123,0.85,orden_dia,,,32,"Moción consecuencia de interpelación urgente del Grupo Parlamentario Mixto (Sra. Belarra Urteaga), relativa a los planes"
136,103,173/000123,0.85,orden_dia,,,32,"Moción consecuencia de interpelación urgente del Grupo Parlamentario Mixto (Sra. Belarra Urteaga), relativa a los planes"
136,104,173/000123,0.85,orden_dia,,,32,"Moción consecuencia de interpelación urgente del Grupo Parlamentario Mixto (Sra. Belarra Urteaga), relativa a los planes"
136,105,173/000123,0.85,orden_dia,,,32,"Moción consecuencia de interpelación urgente del Grupo Parlamentario Mixto (Sra. Belarra Urteaga), relativa a los planes"
136,106,173/000123,0.85,orden_dia,,,32,"Moción consecuencia de interpelación urgente del Grupo Parlamentario Mixto (Sra. Belarra Urteaga), relativa a los planes"
136,107,173/000124,0.93,orden_dia,,,32,"Moción consecuencia de interpelación urgente del Grupo Parlamentario Popular en el Congreso, sobre las actuaciones que p"
136,108,173/000124,0.93,orden_dia,,,32,"Moción consecuencia de interpelación urgente del Grupo Parlamentario Popular en el Congreso, sobre las actuaciones que p"
136,109,173/000124,0.93,orden_dia,,,32,"Moción consecuencia de interpelación urgente del Grupo Parlamentario Popular en el Congreso, sobre las actuaciones que p"
136,110,173/000124,0.93,orden_dia,,,32,"Moción consecuencia de interpelación urgente del Grupo Parlamentario Popular en el Congreso, sobre las actuaciones que p"
136,111,173/000124,0.93,orden_dia,,,32,"Moción consecuencia de interpelación urgente del Grupo Parlamentario Popular en el Congreso, sobre las actuaciones que p"
136,112,173/000124,0.93,orden_dia,,,32,"Moción consecuencia de interpelación urgente del Grupo Parlamentario Popular en el Congreso, sobre las actuaciones que p"
136,113,173/000124,0.93,orden_dia,,,32,"Moción consecuencia de interpelación urgente del Grupo Parlamentario Popular en el Congreso, sobre las actuaciones que p"
136,114,173/000124,0.93,orden_dia,,,32,"Moción consecuencia de interpelación urgente del Grupo Parlamentario Popular en el Congreso, sobre las actuaciones que p"
136,115,173/000124,0.93,orden_dia,,,32,"Moción consecuencia de interpelación urgente del Grupo Parlamentario Popular en el Congreso, sobre las actuaciones que p"
136,116,121/000009,0.60,orden_dia,A,9,32,Votación del dictamen del Proyecto de Ley de Movilidad Sostenible.
136,117,121/000040,0.56,orden_dia,A,40,32,Votación de la solicitud de avocación por el Pleno de la Cámara de la deliberación y votación final del Proyecto de Ley 
137,1,122/000159,0.92,orden_dia,B,182,6,"Proposición de Ley del Grupo Parlamentario Mixto, para la reducción de la duración máxima de la jornada ordinaria de tra"
137,2,122/000203,0.88,orden_dia,B,243,6,"Proposición de Ley del Grupo Parlamentario Popular en el Congreso, de Conciliación y Corresponsabilidad Familiar."
139,1,162/000553,0.92,orden_dia,D,379,10,"Proposición no de Ley del Grupo Parlamentario Socialista, sobre la aplicación del baremo de valoración de la discapacida"
139,2,162/000554,0.93,orden_dia,D,379,10,"Proposición no de Ley del Grupo Parlamentario Popular en el Congreso, relativa a la urgente necesidad de reactivar los p"
139,3,173/000125,0.83,orden_dia,,,10,"Moción consecuencia de interpelación urgente del Grupo Parlamentario Popular en el Congreso, sobre el cumplimiento por p"
139,4,173/000125,0.83,orden_dia,,,10,"Moción consecuencia de interpelación urgente del Grupo Parlamentario Popular en el Congreso, sobre el cumplimiento por p"
139,5,173/000125,0.83,orden_dia,,,10,"Moción consecuencia de interpelación urgente del Grupo Parlamentario Popular en el Congreso, sobre el cumplimiento por p"
139,6,173/000126,0.83,orden_dia,,,10,"Moción consecuencia de interpelación urgente del Grupo Parlamentario VOX, sobre la estrategia que desarrollará el Gobier"
139,7,173/000126,0.83,orden_dia,,,10,"Moción consecuencia de interpelación urgente del Grupo Parlamentario VOX, sobre la estrategia que desarrollará el Gobier"
139,8,173/000127,0.73,orden_dia,,,10,"Moción consecuencia de interpelación urgente del Grupo Parlamentario Mixto (Sr. Rego Candamil), sobre las medidas necesa"
139,9,173/000127,0.73,orden_dia,,,10,"Moción consecuencia de interpelación urgente del Grupo Parlamentario Mixto (Sr. Rego Candamil), sobre las medidas necesa"
139,10,173/000127,0.73,orden_dia,,,10,"Moción consecuencia de interpelación urgente del Grupo Parlamentario Mixto (Sr. Rego Candamil), sobre las medidas necesa"
139,11,173/000127,0.73,orden_dia,,,10,"Moción consecuencia de interpelación urgente del Grupo Parlamentario Mixto (Sr. Rego Candamil), sobre las medidas necesa"
139,12,173/000127,0.73,orden_dia,,,10,"Moción consecuencia de interpelación urgente del Grupo Parlamentario Mixto (Sr. Rego Candamil), sobre las medidas necesa"
139,13,173/000127,0.73,orden_dia,,,10,"Moción consecuencia de interpelación urgente del Grupo Parlamentario Mixto (Sr. Rego Candamil), sobre las medidas necesa"
139,14,173/000127,0.73,orden_dia,,,10,"Moción consecuencia de interpelación urgente del Grupo Parlamentario Mixto (Sr. Rego Candamil), sobre las medidas necesa"
139,15,173/000127,0.73,orden_dia,,,10,"Moción consecuencia de interpelación urgente del Grupo Parlamentario Mixto (Sr. Rego Candamil), sobre las medidas necesa"
139,16,173/000127,0.73,orden_dia,,,10,"Moción consecuencia de interpelación urgente del Grupo Parlamentario Mixto (Sr. Rego Candamil), sobre las medidas necesa"
139,17,173/000127,0.73,orden_dia,,,10,"Moción consecuencia de interpelación urgente del Grupo Parlamentario Mixto (Sr. Rego Candamil), sobre las medidas necesa"
139,18,121/000060,0.82,orden_dia,A,60,10,"Votación de la enmienda a la totalidad de devolución al Proyecto de Ley por la que se modifican la Ley 58/2003, de 17 de"
139,19,410/000009,0.89,orden_dia,B,233,10,Votación de la enmienda a la totalidad de texto alternativo a la Proposición de reforma del Reglamento del Congreso para
139,20,042/000031,1.00,orden_dia,,,10,Dictamen de la Comisión del Estatuto sobre declaración de actividades de los Excmos. Sres. Diputados.
140,1,122/000194,0.89,orden_dia,B,227,6,"Proposición de Ley del Grupo Parlamentario Popular en el Congreso, de compensación económica para las personas celíacas."
140,2,122/000220,0.91,orden_dia,B,265,6,"Proposición de Ley del Grupo Parlamentario Socialista, para la regulación del voto telemático en las sesiones de los órg"
141,1,162/000531,0.92,orden_dia,D,356,34,"Proposición no de Ley del Grupo Parlamentario Socialista, de desarrollo de medidas que incentiven el teletrabajo para fi"
141,2,162/000591,0.95,orden_dia,D,407,34,"Proposición no de Ley del Grupo Parlamentario Popular en el Congreso, para instar al Gobierno a realizar una auditoría i"
141,3,173/000128,0.90,orden_dia,,,34,"Moción consecuencia de interpelación urgente del Grupo Parlamentario Mixto (Sra. Belarra Urteaga), relativa a la posició"
141,4,173/000129,0.82,orden_dia,,,34,"Moción consecuencia de interpelación urgente del Grupo Parlamentario VOX, para explicar las medidas que ha impulsado el "
141,5,173/000130,0.82,orden_dia,,,34,"Moción consecuencia de interpelación urgente del Grupo Parlamentario Popular en el Congreso, sobre el impacto al alza de"
141,6,173/000130,0.82,orden_dia,,,34,"Moción consecuencia de interpelación urgente del Grupo Parlamentario Popular en el Congreso, sobre el impacto al alza de"
141,7,173/000130,0.82,orden_dia,,,34,"Moción consecuencia de interpelación urgente del Grupo Parlamentario Popular en el Congreso, sobre el impacto al alza de"
141,8,173/000130,0.82,orden_dia,,,34,"Moción consecuencia de interpelación urgente del Grupo Parlamentario Popular en el Congreso, sobre el impacto al alza de"
141,9,110/000056,1.00,orden_dia,A,149,34,"Enmienda al Acuerdo de préstamo entre el Reino de España y el Fondo Monetario Internacional, hecha en Madrid y Washingto"
141,10,110/000057,1.00,orden_dia,A,158,34,Convenio entre el Reino de España y el Estado Plurinacional de Bolivia sobre cooperación en materia de lucha contra la d
141,11,110/000058,1.00,orden_dia,A,165,34,Convenio sobre las enmiendas a ciertas normas consiguientes al reconocimiento de un entorno de trabajo seguro y saludabl
141,12,110/000060,1.00,orden_dia,A,169,34,Acuerdo Internacional entre el Reino de España y la República de Irak en materia de cooperación en el ámbito de la segur
141,13,110/000061,1.00,orden_dia,A,171,34,"Acuerdo de Asociación entre la Unión Europea y sus Estados miembros, por una parte, y los miembros de la Organización de"
141,14,152/000001,1.00,orden_dia,D,55,34,Solicitud de prórroga por un año del plazo para la realización del Dictamen de la Comisión de Investigación sobre la den
142,1,122/000182,0.92,orden_dia,B,208,6,"Proposición de Ley del Grupo Parlamentario Popular en el Congreso, relativa a la modificación de la Ley 50/1981, de 30 d"
142,2,122/000225,0.90,orden_dia,B,270,6,"Proposición de Ley del Grupo Parlamentario Socialista, sobre el buen uso de las zonas de estacionamiento reservadas a la"
142,3,162/000548,0.86,orden_dia,D,375,6,"Proposición no de Ley del Grupo Parlamentario Socialista, para regular el uso de la palabra cáncer."
142,4,162/000606,0.95,orden_dia,D,412,6,"Proposición no de Ley del Grupo Parlamentario VOX, relativa al rechazo de la integración de la Política Agraria Común (P"
142,5,162/000606,0.95,orden_dia,D,412,6,"Proposición no de Ley del Grupo Parlamentario VOX, relativa al rechazo de la integración de la Política Agraria Común (P"
142,6,162/000606,0.95,orden_dia,D,412,6,"Proposición no de Ley del Grupo Parlamentario VOX, relativa al rechazo de la integración de la Política Agraria Común (P"
142,7,162/000606,0.95,orden_dia,D,412,6,"Proposición no de Ley del Grupo Parlamentario VOX, relativa al rechazo de la integración de la Política Agraria Común (P"
142,8,162/000606,0.95,orden_dia,D,412,6,"Proposición no de Ley del Grupo Parlamentario VOX, relativa al rechazo de la integración de la Política Agraria Común (P"
142,9,173/000131,0.88,orden_dia,,,6,"Moción consecuencia de interpelación urgente del Grupo Parlamentario VOX, sobre qué medidas está poniendo en marcha el G"
142,10,173/000131,0.88,orden_dia,,,6,"Moción consecuencia de interpelación urgente del Grupo Parlamentario VOX, sobre qué medidas está poniendo en marcha el G"
142,11,173/000131,0.88,orden_dia,,,6,"Moción consecuencia de interpelación urgente del Grupo Parlamentario VOX, sobre qué medidas está poniendo en marcha el G"
142,12,173/000131,0.88,orden_dia,,,6,"Moción consecuencia de interpelación urgente del Grupo Parlamentario VOX, sobre qué medidas está poniendo en marcha el G"
142,13,173/000131,0.88,orden_dia,,,6,"Moción consecuencia de interpelación urgente del Grupo Parlamentario VOX, sobre qué medidas está poniendo en marcha el G"
142,14,173/000131,0.88,orden_dia,,,6,"Moción consecuencia de interpelación urgente del Grupo Parlamentario VOX, sobre qué medidas está poniendo en marcha el G"
142,15,173/000131,0.88,orden_dia,,,6,"Moción consecuencia de interpelación urgente del Grupo Parlamentario VOX, sobre qué medidas está poniendo en marcha el G"
142,16,173/000131,0.88,orden_dia,,,6,"Moción consecuencia de interpelación urgente del Grupo Parlamentario VOX, sobre qué medidas está poniendo en marcha el G"
142,17,173/000132,0.89,orden_dia,,,6,"Moción consecuencia de interpelación urgente del Grupo Parlamentario Popular en el Congreso, sobre las prioridades del G"
142,18,173/000132,0.89,orden_dia,,,6,"Moción consecuencia de interpelación urgente del Grupo Parlamentario Popular en el Congreso, sobre las prioridades del G"
142,19,173/000132,0.89,orden_dia,,,6,"Moción consecuencia de interpelación urgente del Grupo Parlamentario Popular en el Congreso, sobre las prioridades del G"
142,20,173/000132,0.89,orden_dia,,,6,"Moción consecuencia de interpelación urgente del Grupo Parlamentario Popular en el Congreso, sobre las prioridades del G"
142,21,173/000132,0.89,orden_dia,,,6,"Moción consecuencia de interpelación urgente del Grupo Parlamentario Popular en el Congreso, sobre las prioridades del G"
142,22,173/000132,0.89,orden_dia,,,6,"Moción consecuencia de interpelación urgente del Grupo Parlamentario Popular en el Congreso, sobre las prioridades del G"
142,23,173/000132,0.89,orden_dia,,,6,"Moción consecuencia de interpelación urgente del Grupo Parlamentario Popular en el Congreso, sobre las prioridades del G"
142,24,173/000132,0.89,orden_dia,,,6,"Moción consecuencia de interpelación urgente del Grupo Parlamentario Popular en el Congreso, sobre las prioridades del G"
142,25,173/000132,0.89,orden_dia,,,6,"Moción consecuencia de interpelación urgente del Grupo Parlamentario Popular en el Congreso, sobre las prioridades del G"
144,1,127/000002,0.83,orden_dia,B,242,6,Propuesta de reforma del Estatuto de Autonomía para Castilla-La Mancha.
144,2,122/000218,0.89,orden_dia,B,263,6,"Proposición de Ley  del Grupo Parlamentario Republicano, de medidas fiscales para combatir la especulación inmobiliaria."
146,1,121/000012,1.00,orden_dia,A,12,8,Proyecto de Ley por la que se regulan los servicios de atención a la clientela.
146,2,121/000012,1.00,orden_dia,A,12,8,Proyecto de Ley por la que se regulan los servicios de atención a la clientela.
146,3,121/000012,1.00,orden_dia,A,12,8,Proyecto de Ley por la que se regulan los servicios de atención a la clientela.
146,4,121/000012,1.00,orden_dia,A,12,8,Proyecto de Ley por la que se regulan los servicios de atención a la clientela.
146,5,121/000012,1.00,orden_dia,A,12,8,Proyecto de Ley por la que se regulan los servicios de atención a la clientela.
146,6,121/000012,1.00,orden_dia,A,12,8,Proyecto de Ley por la que se regulan los servicios de atención a la clientela.
146,7,121/000012,1.00,orden_dia,A,12,8,Proyecto de Ley por la que se regulan los servicios de atención a la clientela.
146,8,121/000012,1.00,orden_dia,A,12,8,Proyecto de Ley por la que se regulan los servicios de atención a la clientela.
146,9,121/000012,1.00,orden_dia,A,12,8,Proyecto de Ley por la que se regulan los servicios de atención a la clientela.
146,10,121/000012,1.00,orden_dia,A,12,8,Proyecto de Ley por la que se regulan los servicios de atención a la clientela.
146,11,121/000012,1.00,orden_dia,A,12,8,Proyecto de Ley por la que se regulan los servicios de atención a la clientela.
146,12,121/000012,1.00,orden_dia,A,12,8,Proyecto de Ley por la que se regulan los servicios de atención a la clientela.
146,13,121/000012,1.00,orden_dia,A,12,8,Proyecto de Ley por la que se regulan los servicios de atención a la clientela.
146,14,121/000012,1.00,orden_dia,A,12,8,Proyecto de Ley por la que se regulan los servicios de atención a la clientela.
146,15,121/000012,1.00,orden_dia,A,12,8,Proyecto de Ley por la que se regulan los servicios de atención a la clientela.
146,16,121/000012,1.00,orden_dia,A,12,8,Proyecto de Ley por la que se regulan los servicios de atención a la clientela.
146,17,121/000012,1.00,orden_dia,A,12,8,Proyecto de Ley por la que se regulan los servicios de atención a la clientela.
146,18,121/000012,1.00,orden_dia,A,12,8,Proyecto de Ley por la que se regulan los servicios de atención a la clientela.
146,19,121/000012,1.00,orden_dia,A,12,8,Proyecto de Ley por la que se regulan los servicios de atención a la clientela.
146,20,121/000012,1.00,orden_dia,A,12,8,Proyecto de Ley por la que se regulan los servicios de atención a la clientela.
146,21,121/000012,1.00,orden_dia,A,12,8,Proyecto de Ley por la que se regulan los servicios de atención a la clientela.
146,22,121/000012,1.00,orden_dia,A,12,8,Proyecto de Ley por la que se regulan los servicios de atención a la clientela.
146,23,121/000012,1.00,orden_dia,A,12,8,Proyecto de Ley por la que se regulan los servicios de atención a la clientela.
146,24,121/000012,1.00,orden_dia,A,12,8,Proyecto de Ley por la que se regulan los servicios de atención a la clientela.
146,25,121/000012,1.00,orden_dia,A,12,8,Proyecto de Ley por la que se regulan los servicios de atención a la clientela.
146,26,121/000012,1.00,orden_dia,A,12,8,Proyecto de Ley por la que se regulan los servicios de atención a la clientela.
146,27,121/000012,1.00,orden_dia,A,12,8,Proyecto de Ley por la que se regulan los servicios de atención a la clientela.
146,28,121/000012,1.00,orden_dia,A,12,8,Proyecto de Ley por la que se regulan los servicios de atención a la clientela.
146,29,121/000012,1.00,orden_dia,A,12,8,Proyecto de Ley por la que se regulan los servicios de atención a la clientela.
146,30,121/000012,1.00,orden_dia,A,12,8,Proyecto de Ley por la que se regulan los servicios de atención a la clientela.
146,31,121/000012,0.62,orden_dia,A,12,8,"Proyecto de Ley por la que se regulan los servicios de atención a la clientela.
Enmienda transaccional en Comisión nº 1."
146,32,121/000012,0.62,orden_dia,A,12,8,"Proyecto de Ley por la que se regulan los servicios de atención a la clientela.
Enmienda transaccional en Comisión nº 2."
146,33,121/000012,0.62,orden_dia,A,12,8,"Proyecto de Ley por la que se regulan los servicios de atención a la clientela.
Enmienda transaccional en Comisión nº 7."
146,34,121/000012,1.00,orden_dia,A,12,8,Proyecto de Ley por la que se regulan los servicios de atención a la clientela.
146,35,121/000012,1.00,orden_dia,A,12,8,Proyecto de Ley por la que se regulan los servicios de atención a la clientela.
146,36,121/000012,1.00,orden_dia,A,12,8,Proyecto de Ley por la que se regulan los servicios de atención a la clientela.
146,37,121/000012,1.00,orden_dia,A,12,8,Proyecto de Ley por la que se regulan los servicios de atención a la clientela.
146,38,121/000012,1.00,orden_dia,A,12,8,Proyecto de Ley por la que se regulan los servicios de atención a la clientela.
146,39,121/000012,1.00,orden_dia,A,12,8,Proyecto de Ley por la que se regulan los servicios de atención a la clientela.
146,40,121/000012,1.00,orden_dia,A,12,8,Proyecto de Ley por la que se regulan los servicios de atención a la clientela.
146,41,121/000012,1.00,orden_dia,A,12,8,Proyecto de Ley por la que se regulan los servicios de atención a la clientela.
146,42,121/000012,1.00,orden_dia,A,12,8,Proyecto de Ley por la que se regulan los servicios de atención a la clientela.
146,43,121/000012,1.00,orden_dia,A,12,8,Proyecto de Ley por la que se regulan los servicios de atención a la clientela.
146,44,121/000012,1.00,orden_dia,A,12,8,Proyecto de Ley por la que se regulan los servicios de atención a la clientela.
146,45,121/000012,1.00,orden_dia,A,12,8,Proyecto de Ley por la que se regulan los servicios de atención a la clientela.
146,46,121/000012,0.62,orden_dia,A,12,8,"Proyecto de Ley por la que se regulan los servicios de atención a la clientela.
Enmienda transaccional en Comisión nº 3."
146,47,121/000012,0.62,orden_dia,A,12,8,"Proyecto de Ley por la que se regulan los servicios de atención a la clientela.
Enmienda transaccional en Comisión nº 4."
146,48,121/000012,0.62,orden_dia,A,12,8,"Proyecto de Ley por la que se regulan los servicios de atención a la clientela.
Enmienda transaccional en Comisión nº 8."
146,49,121/000012,0.62,orden_dia,A,12,8,"Proyecto de Ley por la que se regulan los servicios de atención a la clientela.
Enmienda transaccional en Comisión nº 9."
146,50,121/000012,0.62,orden_dia,A,12,8,"Proyecto de Ley por la que se regulan los servicios de atención a la clientela.
Enmienda transaccional en Comisión nº 10"
146,51,121/000012,0.62,orden_dia,A,12,8,"Proyecto de Ley por la que se regulan los servicios de atención a la clientela.
Enmienda transaccional en Comisión nº 11"
146,52,121/000012,1.00,orden_dia,A,12,8,Proyecto de Ley por la que se regulan los servicios de atención a la clientela.
146,53,,0.42,,,,8,"Proyecto de Ley por la que se regulan los servicios de atención a la clientela.
Enmienda de corrección técnica nº 1 pres"
146,54,,0.42,,,,8,"Proyecto de Ley por la que se regulan los servicios de atención a la clientela.
Enmienda de corrección técnica nº 2 pres"
146,55,,0.42,,,,8,"Proyecto de Ley por la que se regulan los servicios de atención a la clientela.
Enmienda de corrección técnica nº 3 pres"
146,56,,0.42,,,,8,"Proyecto de Ley por la que se regulan los servicios de atención a la clientela.
Enmienda de corrección técnica nº 4 pres"
146,57,162/000607,0.72,orden_dia,D,412,8,"Proposición no de Ley del Grupo Parlamentario Popular en el Congreso, para la modificación urgente de la regulación de l"
146,58,162/000615,0.92,orden_dia,D,417,8,"Proposición no de Ley del Grupo Parlamentario Socialista, sobre el 40 aniversario de la aprobación de la Ley General de "
146,59,173/000133,0.79,orden_dia,,,8,"Moción consecuencia de interpelación urgente del Grupo Parlamentario Mixto (Sr. Catalán Higueras), sobre la planificació"
146,60,173/000134,0.93,orden_dia,,,8,"Moción consecuencia de interpelación urgente del Grupo Parlamentario Mixto (Sra. Belarra Urteaga), relativa a los planes"
146,61,173/000135,0.73,orden_dia,,,8,"Moción consecuencia de interpelación urgente del Grupo Parlamentario VOX, sobre la estrategia fiscal del Gobierno para e"
146,62,173/000136,0.87,orden_dia,,,8,"Moción consecuencia de interpelación urgente del Grupo Parlamentario Popular en el Congreso, sobre la política fiscal de"
146,63,121/000012,0.71,orden_dia,A,12,8,Votación del dictamen del Proyecto de Ley por la que se regulan los servicios de atención a la clientela.
146,64,121/000009,0.80,orden_dia,A,9,8,"Proyecto de Ley de Movilidad Sostenible.
Enmiendas al Índice."
146,65,121/000009,0.57,orden_dia,A,9,8,"Proyecto de Ley de Movilidad Sostenible.
Enmiendas a los puntos A, B, C y D del Preámbulo, al artículo 1, al artículo 5,"
146,66,121/000009,0.57,orden_dia,A,9,8,"Proyecto de Ley de Movilidad Sostenible.
Enmiendas al punto E del Preámbulo, al punto B del artículo 32, al punto C del "
146,67,121/000009,0.50,orden_dia,A,9,8,"Proyecto de Ley de Movilidad Sostenible.
Enmienda al punto A del artículo 2."
146,68,121/000009,0.50,orden_dia,A,9,8,"Proyecto de Ley de Movilidad Sostenible.
Enmienda al punto B del artículo 2."
146,69,121/000009,0.57,orden_dia,A,9,8,"Proyecto de Ley de Movilidad Sostenible.
Enmiendas al artículo 4, al artículo 18, al artículo 42, al artículo 51, al art"
146,70,121/000009,0.80,orden_dia,A,9,8,"Proyecto de Ley de Movilidad Sostenible.
Enmiendas al artículo 7, al artículo 12 y al artículo 14."
146,71,121/000009,0.57,orden_dia,A,9,8,"Proyecto de Ley de Movilidad Sostenible.
Enmiendas a los puntos A y D del artículo 13, al artículo 82 y al punto B de la"
146,72,121/000009,0.50,orden_dia,A,9,8,"Proyecto de Ley de Movilidad Sostenible.
Enmienda al punto B del artículo 13."
146,73,121/000009,0.50,orden_dia,A,9,8,"Proyecto de Ley de Movilidad Sostenible.
Enmienda al punto C del artículo 13."
146,74,121/000009,0.80,orden_dia,A,9,8,"Proyecto de Ley de Movilidad Sostenible.
Enmiendas al artículo 15 y al artículo 96."
146,75,121/000009,0.60,orden_dia,A,9,8,"Proyecto de Ley de Movilidad Sostenible.
Enmienda al artículo 22."
146,76,121/000009,0.80,orden_dia,A,9,8,"Proyecto de Ley de Movilidad Sostenible.
Enmiendas al artículo 23 y al artículo 24."
146,77,121/000009,0.67,orden_dia,A,9,8,"Proyecto de Ley de Movilidad Sostenible.
Enmiendas al artículo 26, al artículo 55 y al punto A del artículo 60."
146,78,121/000009,0.57,orden_dia,A,9,8,"Proyecto de Ley de Movilidad Sostenible.
Enmiendas al artículo 33, al artículo 37, al artículo 38, a la disposición adic"
146,79,121/000009,0.60,orden_dia,A,9,8,"Proyecto de Ley de Movilidad Sostenible.
Enmienda al artículo 40."
146,80,121/000009,0.60,orden_dia,A,9,8,"Proyecto de Ley de Movilidad Sostenible.
Enmienda al artículo 41."
146,81,121/000009,0.60,orden_dia,A,9,8,"Proyecto de Ley de Movilidad Sostenible.
Enmienda al artículo 41."
146,82,121/000009,0.67,orden_dia,A,9,8,"Proyecto de Ley de Movilidad Sostenible.
Enmiendas al artículo 45, al artículo 46, al punto B del artículo 58, al artícu"
146,83,121/000009,0.57,orden_dia,A,9,8,"Proyecto de Ley de Movilidad Sostenible.
Enmiendas al artículo 47, a la disposición adicional sexta, a la disposición ad"
146,84,121/000009,0.60,orden_dia,A,9,8,"Proyecto de Ley de Movilidad Sostenible.
Enmienda al artículo 48."
146,85,121/000009,0.67,orden_dia,A,9,8,"Proyecto de Ley de Movilidad Sostenible.
Enmiendas al artículo 49, al artículo 63, al punto A del artículo 65, al artícu"
146,86,121/000009,0.60,orden_dia,A,9,8,"Proyecto de Ley de Movilidad Sostenible.
Enmienda al artículo 50."
146,87,121/000009,0.57,orden_dia,A,9,8,"Proyecto de Ley de Movilidad Sostenible.
Enmiendas al punto A del artículo 58 y a la disposición adicional cuadragésimo "
146,88,121/000009,0.60,orden_dia,A,9,8,"Proyecto de Ley de Movilidad Sostenible.
Enmienda al artículo 59."
146,89,121/000009,0.50,orden_dia,A,9,8,"Proyecto de Ley de Movilidad Sostenible.
Enmienda al punto B del artículo 60."
146,90,121/000009,0.50,orden_dia,A,9,8,"Proyecto de Ley de Movilidad Sostenible.
Enmienda al punto B del artículo 65."
146,91,121/000009,0.50,orden_dia,A,9,8,"Proyecto de Ley de Movilidad Sostenible.
Enmienda al artículo 95 bis (nuevo)."
146,92,121/000009,0.50,orden_dia,A,9,8,"Proyecto de Ley de Movilidad Sostenible.
Enmienda al artículo 110 (nuevo)."
146,93,121/000009,0.57,orden_dia,A,9,8,"Proyecto de Ley de Movilidad Sostenible.
Enmienda a la disposición adicional decimoquinta como consecuencia de la aproba"
146,94,121/000009,0.57,orden_dia,A,9,8,"Proyecto de Ley de Movilidad Sostenible.
Enmienda a la disposición adicional decimoquinta como consecuencia de la aproba"
146,95,,0.43,,,,8,"Proyecto de Ley de Movilidad Sostenible.
Enmienda a la disposición adicional decimoséptima."
146,96,,0.43,,,,8,"Proyecto de Ley de Movilidad Sostenible.
Enmienda a la disposición adicional vigésima."
146,97,,0.43,,,,8,"Proyecto de Ley de Movilidad Sostenible.
Enmienda a la disposición adicional trigésimo segunda (nueva)."
146,98,,0.43,,,,8,"Proyecto de Ley de Movilidad Sostenible.
Enmienda a la disposición adicional trigésimo quinta (nueva)."
146,99,,0.43,,,,8,"Proyecto de Ley de Movilidad Sostenible.
Enmienda a la disposición adicional trigésimo sexta (nueva)."
146,100,,0.43,,,,8,"Proyecto de Ley de Movilidad Sostenible.
Enmienda a la disposición adicional trigésimo séptima (nueva)."
146,101,,0.43,,,,8,"Proyecto de Ley de Movilidad Sostenible.
Enmienda a la disposición adicional trigésimo octava (nueva)."
146,102,,0.43,,,,8,"Proyecto de Ley de Movilidad Sostenible.
Enmienda a la disposición adicional cuadragésima (nueva)."
146,103,,0.43,,,,8,"Proyecto de Ley de Movilidad Sostenible.
Enmienda a la disposición adicional cuadragésimo primera (nueva)."
146,104,,0.43,,,,8,"Proyecto de Ley de Movilidad Sostenible.
Enmienda a la disposición adicional cuadragésimo segunda (nueva)."
146,105,,0.43,,,,8,"Proyecto de Ley de Movilidad Sostenible.
Enmienda a la disposición adicional cuadragésimo tercera (nueva)."
146,106,121/000009,0.57,orden_dia,A,9,8,"Proyecto de Ley de Movilidad Sostenible.
Enmiendas a la disposición adicional cuadragésimo cuarta (nueva) y a la disposi"
146,107,,0.43,,,,8,"Proyecto de Ley de Movilidad Sostenible.
Enmienda a la disposición adicional cuadragésimo séptima (nueva)."
146,108,,0.43,,,,8,"Proyecto de Ley de Movilidad Sostenible.
Enmienda a la disposición final segunda."
146,109,,0.43,,,,8,"Proyecto de Ley de Movilidad Sostenible.
Enmienda al punto A de la disposición final sexta."
146,110,,0.43,,,,8,"Proyecto de Ley de Movilidad Sostenible.
Enmienda a la disposición final decimosexta."
146,111,,0.43,,,,8,"Proyecto de Ley de Movilidad Sostenible.
Enmienda al punto A de la disposición final vigésima."
146,112,,0.43,,,,8,"Proyecto de Ley de Movilidad Sostenible.
Enmienda a la disposición final vigesimotercera (nueva)."
146,113,,0.43,,,,8,"Proyecto de Ley de Movilidad Sostenible.
Enmienda a la disposición final vigesimocuarta (nueva)."
146,114,,0.43,,,,8,"Proyecto de Ley de Movilidad Sostenible.
Enmienda a la disposición final vigesimoquinta (nueva)."
146,115,,0.43,,,,8,"Proyecto de Ley de Movilidad Sostenible.
Enmienda a la disposición final vigesimosexta (nueva)."
147,1,122/000175,0.94,orden_dia,B,201,6,"Proposición de Ley  del Grupo Parlamentario VOX, Orgánica por la que se modifica la Ley Orgánica 5/2000, de 12 de enero,"
147,2,122/000188,0.94,orden_dia,B,221,6,"Proposición de Ley del Grupo Parlamentario Popular en el Congreso, para garantizar la prestación de los servicios públic"
148,1,162/000461,0.69,orden_dia,D,312,28,"Proposición no de Ley del Grupo Parlamentario Plurinacional SUMAR, sobre el uso responsable de algoritmos en portales in"
148,2,162/000633,0.94,orden_dia,D,422,28,"Proposición no de Ley del Grupo Parlamentario Popular en el Congreso, para defender en el Consejo de la Unión Europea un"
148,3,173/000137,0.75,orden_dia,,,28,"Moción consecuencia de interpelación urgente del Grupo Parlamentario Mixto (Sra. Belarra Urteaga), relativa a los planes"
148,4,173/000138,0.83,orden_dia,,,28,"Moción consecuencia de interpelación urgente del Grupo Parlamentario VOX, sobre cuál es la política del Gobierno para ga"
148,5,173/000139,0.85,orden_dia,,,28,"Moción consecuencia de interpelación urgente del Grupo Parlamentario Popular en el Congreso, sobre los principios democr"
148,6,130/000025,1.00,orden_dia,,,28,"Real Decreto-ley 11/2025, de 21 de octubre, por el que se establecen medidas para el fortalecimiento del Sistema para la"
148,7,130/000025,0.86,orden_dia,,,28,"Tramitación como Proyecto de Ley por el procedimiento de urgencia del Real Decreto-ley 11/2025, de 21 de octubre, por el"
151,1,122/000233,0.91,orden_dia,B,277,12,Proposición de Ley del Grupo Parlamentario Socialista sobre programa de cribado neonatal del Sistema Nacional de Salud.
151,2,122/000178,0.88,orden_dia,B,205,12,"Proposición de Ley del Grupo Parlamentario Plurinacional SUMAR para la modificación de la Ley 12/2023, de 24 de mayo, po"
151,3,162/000616,0.91,orden_dia,D,417,12,"Proposición no de Ley del Grupo Parlamentario Socialista, para proteger a las víctimas contra los efectos del negacionis"
151,4,162/000589,0.93,orden_dia,D,407,12,"Proposición no de Ley del Grupo Parlamentario Popular en el Congreso, relativa a la digitalización y el mantenimiento de"
151,5,162/000589,0.93,orden_dia,D,407,12,"Proposición no de Ley del Grupo Parlamentario Popular en el Congreso, relativa a la digitalización y el mantenimiento de"
151,6,162/000589,0.93,orden_dia,D,407,12,"Proposición no de Ley del Grupo Parlamentario Popular en el Congreso, relativa a la digitalización y el mantenimiento de"
151,7,162/000589,0.93,orden_dia,D,407,12,"Proposición no de Ley del Grupo Parlamentario Popular en el Congreso, relativa a la digitalización y el mantenimiento de"
151,8,162/000589,0.93,orden_dia,D,407,12,"Proposición no de Ley del Grupo Parlamentario Popular en el Congreso, relativa a la digitalización y el mantenimiento de"
151,9,173/000140,0.80,orden_dia,,,12,"Moción consecuencia de interpelación urgente del Grupo Parlamentario VOX, sobre la estrategia del Gobierno para garantiz"
151,10,173/000140,0.80,orden_dia,,,12,"Moción consecuencia de interpelación urgente del Grupo Parlamentario VOX, sobre la estrategia del Gobierno para garantiz"
151,11,173/000141,0.86,orden_dia,,,12,"Moción consecuencia de interpelación urgente del Grupo Parlamentario Popular en el Congreso, sobre el fracaso en todos l"
151,12,110/000062,1.00,orden_dia,A,180,12,"Acuerdo de extradición entre el Reino de España y el Reino Hachemí de Jordania, hecho en Madrid el 5 de junio de 2025."
151,13,121/000060,0.88,orden_dia,A,60,12,Votación de la solicitud de avocación por el Pleno de la Cámara de la deliberación y votación final del Proyecto de Ley 
151,14,122/000136,0.58,orden_dia,B,154,12,Votación de la solicitud de avocación por el Pleno de la Cámara de la deliberación y votación final de la Proposición de
151,15,158/000014,1.00,orden_dia,D,431,12,"Propuesta de la Comisión de Sanidad, de creación de una Subcomisión relativa al estudio de la situación del sector veter"
151,16,130/000026,1.00,orden_dia,,,12,"Real Decreto-ley 12/2025, de 28 de octubre, por el que se adoptan medidas urgentes de reactivación, refuerzo y prevenció"
151,17,130/000026,0.86,orden_dia,,,12,"Tramitación como Proyecto de Ley por el procedimiento de urgencia del Real Decreto-ley 12/2025, de 28 de octubre, por el"
151,18,430/000007,0.90,orden_dia,D,438,12,Acuerdo del Gobierno por el que se fijan los objetivos de estabilidad presupuestaria y de deuda pública para el conjunto
152,1,125/000010,0.93,orden_dia,B,165,5,"Proposición de Ley del Parlamento de Cantabria, de modificación del Real Decreto Legislativo 5/2015, de 30 de octubre, p"
152,2,122/000204,0.92,orden_dia,B,244,5,"Proposición de Ley del Grupo Parlamentario Popular en el Congreso, en apoyo del sistema alimentario español como sector "
152,3,123/000001,0.92,orden_dia,B,287,5,"Proposición de Ley del Sr. Rufián Romero y otros 23 Diputados, Orgánica de garantía del plurilingüismo y de los derechos"
154,1,162/000647,0.91,orden_dia,D,441,17,"Proposición no de Ley del Grupo Parlamentario Popular en el Congreso, para ayudar a las familias ante la escalada del pr"
154,2,162/000539,0.92,orden_dia,D,361,17,"Proposición no de Ley del Grupo Parlamentario Socialista, relativa a garantizar la igualdad de oportunidades y no discri"
154,3,173/000142,0.81,orden_dia,,,17,"Moción consecuencia de interpelación urgente del Grupo Parlamentario VOX, sobre las medidas que va a tomar el Gobierno d"
154,4,173/000143,0.92,orden_dia,,,17,"Moción consecuencia de interpelación urgente  del Grupo Parlamentario Popular en el Congreso, para que el Ministro de la"
154,5,173/000144,0.67,orden_dia,,,17,"Moción consecuencia de interpelación urgente del Grupo Parlamentario Mixto (Sr. Rego Candamil), relativa a la mejora de "
154,6,173/000144,0.67,orden_dia,,,17,"Moción consecuencia de interpelación urgente del Grupo Parlamentario Mixto (Sr. Rego Candamil), relativa a la mejora de "
154,7,173/000144,0.67,orden_dia,,,17,"Moción consecuencia de interpelación urgente del Grupo Parlamentario Mixto (Sr. Rego Candamil), relativa a la mejora de "
154,8,173/000144,0.67,orden_dia,,,17,"Moción consecuencia de interpelación urgente del Grupo Parlamentario Mixto (Sr. Rego Candamil), relativa a la mejora de "
154,9,173/000144,0.67,orden_dia,,,17,"Moción consecuencia de interpelación urgente del Grupo Parlamentario Mixto (Sr. Rego Candamil), relativa a la mejora de "
154,10,130/000027,1.00,orden_dia,,,17,"Real Decreto-ley 13/2025, de 25 de noviembre, por el que se adoptan medidas complementarias urgentes para la recuperació"
154,11,130/000027,0.78,orden_dia,,,17,"Tramitación como Proyecto de Ley por el procedimiento de urgencia del Real Decreto-ley 13/2025, de 25 de noviembre, por "
154,12,130/000028,1.00,orden_dia,,,17,"Real Decreto-ley 14/2025, de 2 de diciembre, por el que se aprueban medidas urgentes en materia de retribuciones en el á"
154,13,130/000028,0.79,orden_dia,,,17,"Tramitación como Proyecto de Ley por el procedimiento de urgencia del Real Decreto-ley 14/2025, de 2 de diciembre, por e"
154,14,130/000029,1.00,orden_dia,,,17,"Real Decreto-ley 15/2025, de 2 de diciembre, por el que se adoptan medidas urgentes para favorecer la actividad inversor"
154,15,130/000029,0.91,orden_dia,,,17,"Tramitación como Proyecto de Ley por el procedimiento de urgencia del Real Decreto-ley 15/2025, de 2 de diciembre, por e"
154,16,121/000012,0.53,orden_dia,A,12,17,Proyecto de Ley por la que se regulan los servicios de atención al cliente (antes denominado Proyecto de Ley por la que 
154,17,121/000012,0.60,orden_dia,A,12,17,Proyecto de Ley por la que se regulan los servicios de atención al cliente (antes denominado Proyecto de Ley por la que 
154,18,121/000012,0.90,orden_dia,A,12,17,Proyecto de Ley por la que se regulan los servicios de atención al cliente (antes denominado Proyecto de Ley por la que 
154,19,121/000012,0.75,orden_dia,A,12,17,Proyecto de Ley por la que se regulan los servicios de atención al cliente (antes denominado Proyecto de Ley por la que 
154,20,121/000012,0.53,orden_dia,A,12,17,Proyecto de Ley por la que se regulan los servicios de atención al cliente (antes denominado Proyecto de Ley por la que 
154,21,121/000012,0.80,orden_dia,A,12,17,Proyecto de Ley por la que se regulan los servicios de atención al cliente (antes denominado Proyecto de Ley por la que 
154,22,121/000012,0.67,orden_dia,A,12,17,Proyecto de Ley por la que se regulan los servicios de atención al cliente (antes denominado Proyecto de Ley por la que 
154,23,121/000012,0.62,orden_dia,A,12,17,Proyecto de Ley por la que se regulan los servicios de atención al cliente (antes denominado Proyecto de Ley por la que 
154,24,121/000012,1.00,orden_dia,A,12,17,Proyecto de Ley por la que se regulan los servicios de atención al cliente (antes denominado Proyecto de Ley por la que 
154,25,121/000064,0.81,orden_dia,A,64,17,Votación de la enmienda a la totalidad de devolución al Proyecto de Ley por la que se modifican el Texto Refundido de la
154,26,122/000072,0.60,orden_dia,B,84,17,Votación de la solicitud de avocación por el Pleno de la Cámara de la deliberación y votación final de la Proposición de
154,27,122/000124,0.69,orden_dia,B,139,17,Votación de la solicitud de avocación por el Pleno de la Cámara de la deliberación y votación final de la Proposición de
154,28,122/000214,0.73,orden_dia,B,256,17,Votación de la solicitud de avocación por el Pleno de la Cámara de la deliberación y votación final de la Proposición de
154,29,430/000008,0.90,orden_dia,D,446,17,Acuerdo del Gobierno por el que se fijan los objetivos de estabilidad presupuestaria y de deuda pública para el conjunto
154,30,154/000008,1.00,orden_dia,D,262,17,"Solicitud de la Comisión de Juventud e Infancia, de prórroga del plazo para la conclusión de los trabajos de la Subcomis"
154,31,154/000006,1.00,orden_dia,D,198,17,"Solicitud de la Comisión de Igualdad, de prórroga de seis meses del plazo para la conclusión de los trabajos de la Subco"
156,1,130/000030,1.00,orden_dia,,,2,"Real Decreto-ley 16/2025, de 23 de diciembre, por el que se prorrogan determinadas medidas para hacer frente a situacion"
156,2,130/000031,1.00,orden_dia,,,2,"Real Decreto-ley 17/2025, de 23 de diciembre, de medidas de promoción del uso del transporte público mediante la bonific"
156,3,130/000031,0.79,orden_dia,,,2,"Tramitación como Proyecto de Ley por el procedimiento de urgencia del Real Decreto-ley 17/2025, de 23 de diciembre, de m"
157,1,101/000002,1.00,orden_dia,B,6,6,"Proposición del Parlamento de las Illes Balears, de Ley para la reforma del artículo 69.3 de la Constitución española a "
157,2,122/000241,0.90,orden_dia,B,286,6,"Proposición de Ley del Grupo Parlamentario Popular en el Congreso, para garantizar el cumplimiento de la Ley 47/2003, de"
159,1,122/000083,1.00,orden_dia,B,97,9,"Proposición de Ley Orgánica en materia de multirreincidencia, por la que se modifica la Ley Orgánica 10/1995, de 23 de n"
159,2,122/000083,1.00,orden_dia,B,97,9,"Proposición de Ley Orgánica en materia de multirreincidencia, por la que se modifica la Ley Orgánica 10/1995, de 23 de n"
159,3,122/000083,1.00,orden_dia,B,97,9,"Proposición de Ley Orgánica en materia de multirreincidencia, por la que se modifica la Ley Orgánica 10/1995, de 23 de n"
159,4,162/000680,0.60,orden_dia,D,467,9,"Proposición no de Ley del Grupo Parlamentario Popular en el Congreso, sobre actuaciones urgentes para corregir el caos f"
159,5,162/000685,0.86,orden_dia,D,467,9,"Proposición no de Ley del Grupo Parlamentario Socialista, para la defensa de la legalidad internacional."
159,6,162/000685,0.86,orden_dia,D,467,9,"Proposición no de Ley del Grupo Parlamentario Socialista, para la defensa de la legalidad internacional."
159,7,173/000145,0.80,orden_dia,,,9,"Moción consecuencia de interpelación urgente del Grupo Parlamentario VOX, sobre cuáles van a ser las medidas del Gobiern"
159,8,173/000146,0.88,orden_dia,,,9,"Moción consecuencia de interpelación urgente del Grupo Parlamentario Popular en el Congreso, para dar cuenta de la corru"
159,9,173/000147,0.69,orden_dia,,,9,"Moción consecuencia de interpelación urgente del Grupo Parlamentario Republicano, sobre la mejora de la protección socia"
159,10,173/000147,0.69,orden_dia,,,9,"Moción consecuencia de interpelación urgente del Grupo Parlamentario Republicano, sobre la mejora de la protección socia"
159,11,173/000147,0.69,orden_dia,,,9,"Moción consecuencia de interpelación urgente del Grupo Parlamentario Republicano, sobre la mejora de la protección socia"
159,12,173/000147,0.69,orden_dia,,,9,"Moción consecuencia de interpelación urgente del Grupo Parlamentario Republicano, sobre la mejora de la protección socia"
159,13,173/000147,0.69,orden_dia,,,9,"Moción consecuencia de interpelación urgente del Grupo Parlamentario Republicano, sobre la mejora de la protección socia"
159,14,173/000147,0.69,orden_dia,,,9,"Moción consecuencia de interpelación urgente del Grupo Parlamentario Republicano, sobre la mejora de la protección socia"
159,15,173/000147,0.69,orden_dia,,,9,"Moción consecuencia de interpelación urgente del Grupo Parlamentario Republicano, sobre la mejora de la protección socia"
159,16,173/000147,0.69,orden_dia,,,9,"Moción consecuencia de interpelación urgente del Grupo Parlamentario Republicano, sobre la mejora de la protección socia"
159,17,173/000147,0.69,orden_dia,,,9,"Moción consecuencia de interpelación urgente del Grupo Parlamentario Republicano, sobre la mejora de la protección socia"
159,18,173/000147,0.69,orden_dia,,,9,"Moción consecuencia de interpelación urgente del Grupo Parlamentario Republicano, sobre la mejora de la protección socia"
159,19,173/000147,0.69,orden_dia,,,9,"Moción consecuencia de interpelación urgente del Grupo Parlamentario Republicano, sobre la mejora de la protección socia"
159,20,173/000147,0.69,orden_dia,,,9,"Moción consecuencia de interpelación urgente del Grupo Parlamentario Republicano, sobre la mejora de la protección socia"
159,21,173/000147,0.69,orden_dia,,,9,"Moción consecuencia de interpelación urgente del Grupo Parlamentario Republicano, sobre la mejora de la protección socia"
159,22,122/000083,0.89,orden_dia,B,97,9,"Proposición de Ley Orgánica en materia de multirreincidencia, por la que se modifica la Ley Orgánica 10/1995, de 23 de n"
159,23,122/000083,0.89,orden_dia,B,97,9,"Proposición de Ley Orgánica en materia de multirreincidencia, por la que se modifica la Ley Orgánica 10/1995, de 23 de n"
159,24,152/000006,1.00,orden_dia,D,351,9,Modificación de los acuerdos de creación de Comisiones de Investigación como consecuencia de su unificación bajo el nomb
159,25,121/000064,0.73,orden_dia,A,64,9,Votación de la solicitud de avocación por el Pleno de la Cámara de la deliberación y votación final del Proyecto de Ley 
160,1,122/000234,0.91,orden_dia,B,278,6,"Proposición de Ley del Grupo Parlamentario Socialista, sobre la evaluación del impacto en el ámbito de la juventud de la"
160,2,122/000237,0.91,orden_dia,B,282,6,"Proposición de Ley del Grupo Parlamentario VOX, Orgánica para la protección de la dignidad de las mujeres y la seguridad"
161,1,162/000634,0.92,orden_dia,D,427,26,"Proposición no de Ley del Grupo Parlamentario VOX, relativa a la defensa de nuestro campo y del sector primario que gara"
161,2,162/000414,0.79,orden_dia,D,277,26,"Proposición no de Ley del Grupo Parlamentario Plurinacional SUMAR, sobre una nueva regulación para los créditos rápidos "
161,3,173/000148,0.69,orden_dia,,,26,"Moción consecuencia de interpelación urgente del Grupo Parlamentario Mixto (Sra. Valido García), sobre el impacto en la "
161,4,173/000149,0.83,orden_dia,,,26,"Moción consecuencia de interpelación urgente del Grupo Parlamentario VOX, sobre cuáles van a ser las medidas del Gobiern"
161,5,173/000150,0.85,orden_dia,,,26,"Moción consecuencia de interpelación urgente del Grupo Parlamentario Popular en el Congreso, sobre el evidente fracaso d"
161,6,173/000150,0.85,orden_dia,,,26,"Moción consecuencia de interpelación urgente del Grupo Parlamentario Popular en el Congreso, sobre el evidente fracaso d"
161,7,173/000150,0.85,orden_dia,,,26,"Moción consecuencia de interpelación urgente del Grupo Parlamentario Popular en el Congreso, sobre el evidente fracaso d"
161,8,173/000150,0.85,orden_dia,,,26,"Moción consecuencia de interpelación urgente del Grupo Parlamentario Popular en el Congreso, sobre el evidente fracaso d"
161,9,173/000150,0.85,orden_dia,,,26,"Moción consecuencia de interpelación urgente del Grupo Parlamentario Popular en el Congreso, sobre el evidente fracaso d"
161,10,173/000150,0.85,orden_dia,,,26,"Moción consecuencia de interpelación urgente del Grupo Parlamentario Popular en el Congreso, sobre el evidente fracaso d"
161,11,173/000150,0.85,orden_dia,,,26,"Moción consecuencia de interpelación urgente del Grupo Parlamentario Popular en el Congreso, sobre el evidente fracaso d"
161,12,173/000150,0.85,orden_dia,,,26,"Moción consecuencia de interpelación urgente del Grupo Parlamentario Popular en el Congreso, sobre el evidente fracaso d"
162,1,122/000100,0.93,orden_dia,B,113,5,"Proposición de Ley del Grupo Parlamentario Plurinacional SUMAR, para la garantía de los derechos de las personas trabaja"
162,2,122/000004,0.89,orden_dia,B,3,5,"Proposición de Ley del Grupo Parlamentario Vasco (EAJ-PNV), Orgánica de reforma de la Ley Orgánica 2/1979, de 3 de octub"
164,1,162/000597,0.72,orden_dia,D,407,11,"Proposición no de Ley del Grupo Parlamentario Mixto (Sra. Belarra Urteaga), para la garantía efectiva del derecho a la e"
164,2,162/000684,0.94,orden_dia,D,467,11,"Proposición no de Ley del Grupo Parlamentario Popular en el Congreso, para la ejecución efectiva de las órdenes de expul"
164,3,162/000684,0.94,orden_dia,D,467,11,"Proposición no de Ley del Grupo Parlamentario Popular en el Congreso, para la ejecución efectiva de las órdenes de expul"
164,4,162/000684,0.94,orden_dia,D,467,11,"Proposición no de Ley del Grupo Parlamentario Popular en el Congreso, para la ejecución efectiva de las órdenes de expul"
164,5,162/000684,0.94,orden_dia,D,467,11,"Proposición no de Ley del Grupo Parlamentario Popular en el Congreso, para la ejecución efectiva de las órdenes de expul"
164,6,162/000684,0.94,orden_dia,D,467,11,"Proposición no de Ley del Grupo Parlamentario Popular en el Congreso, para la ejecución efectiva de las órdenes de expul"
164,7,162/000684,0.94,orden_dia,D,467,11,"Proposición no de Ley del Grupo Parlamentario Popular en el Congreso, para la ejecución efectiva de las órdenes de expul"
164,8,162/000684,0.94,orden_dia,D,467,11,"Proposición no de Ley del Grupo Parlamentario Popular en el Congreso, para la ejecución efectiva de las órdenes de expul"
164,9,173/000151,0.80,orden_dia,,,11,"Moción consecuencia de interpelación urgente del Grupo Parlamentario Popular en el Congreso, sobre el impacto de la falt"
164,10,173/000151,0.84,orden_dia,,,11,"Moción consecuencia de interpelación urgente del Grupo Parlamentario Popular en el Congreso, sobre el impacto de la falt"
164,11,173/000152,0.77,orden_dia,,,11,"Moción consecuencia de interpelación urgente del Grupo Parlamentario Mixto (Sra. Micó Micó), relativa al deterioro y a l"
164,12,173/000152,0.77,orden_dia,,,11,"Moción consecuencia de interpelación urgente del Grupo Parlamentario Mixto (Sra. Micó Micó), relativa al deterioro y a l"
164,13,173/000152,0.77,orden_dia,,,11,"Moción consecuencia de interpelación urgente del Grupo Parlamentario Mixto (Sra. Micó Micó), relativa al deterioro y a l"
164,14,173/000152,0.77,orden_dia,,,11,"Moción consecuencia de interpelación urgente del Grupo Parlamentario Mixto (Sra. Micó Micó), relativa al deterioro y a l"
164,15,173/000152,0.77,orden_dia,,,11,"Moción consecuencia de interpelación urgente del Grupo Parlamentario Mixto (Sra. Micó Micó), relativa al deterioro y a l"
164,16,173/000152,0.77,orden_dia,,,11,"Moción consecuencia de interpelación urgente del Grupo Parlamentario Mixto (Sra. Micó Micó), relativa al deterioro y a l"
164,17,173/000152,0.77,orden_dia,,,11,"Moción consecuencia de interpelación urgente del Grupo Parlamentario Mixto (Sra. Micó Micó), relativa al deterioro y a l"
164,18,173/000152,0.77,orden_dia,,,11,"Moción consecuencia de interpelación urgente del Grupo Parlamentario Mixto (Sra. Micó Micó), relativa al deterioro y a l"
164,19,173/000153,0.64,orden_dia,,,11,"Moción consecuencia de interpelación urgente del Grupo Parlamentario VOX, sobre la política migratoria del Gobierno de E"
164,20,130/000032,1.00,orden_dia,,,11,"Real Decreto-ley 1/2026, de 27 de enero, de ayudas a las víctimas de los accidentes ferroviarios de Adamuz (Córdoba) y G"
164,21,130/000032,0.71,orden_dia,,,11,"Tramitación como Proyecto de Ley por el procedimiento de urgencia del Real Decreto-ley 1/2026, de 27 de enero, de ayudas"
164,22,130/000033,1.00,orden_dia,,,11,"Real Decreto-ley 2/2026, de 3 de febrero, por el que se adoptan medidas urgentes para hacer frente a situaciones de vuln"
164,23,130/000034,1.00,orden_dia,,,11,"Real Decreto-ley 3/2026, de 3 de febrero, para la revalorización de las pensiones públicas y otras medidas urgentes en m"
164,24,130/000034,0.79,orden_dia,,,11,"Tramitación como Proyecto de Ley por el procedimiento de urgencia del Real Decreto-ley 3/2026, de 3 de febrero, para la "
164,25,130/000035,1.00,orden_dia,,,11,"Real Decreto-ley 4/2026, de 10 de febrero, por el que se garantiza la accesibilidad equitativa a bienes y servicios en s"
164,26,042/000037,1.00,orden_dia,,,11,Dictamen de la Comisión del Estatuto sobre declaración de actividades de los Excmos. Sres. Diputados.
164,27,154/000005,1.00,orden_dia,D,150,11,"Solicitud de la Comisión de Educación, Formación Profesional y Deportes, de nueva prórroga de seis meses del plazo para "
165,1,122/000245,0.94,orden_dia,B,294,5,"Proposición de Ley del Grupo Parlamentario Mixto, para la modificación del Real Decreto Legislativo 5/2015, de 30 de oct"
165,2,122/000226,0.94,orden_dia,B,271,5,"Proposición de Ley del Grupo Parlamentario Popular en el Congreso, Orgánica de modificación de la Ley Orgánica 10/1995, "
166,1,162/000695,0.64,orden_dia,D,475,33,"Proposición no de Ley del Grupo Parlamentario Socialista, para la defensa de la libertad de información y expresión.
Se "
166,2,162/000717,0.94,orden_dia,D,490,33,"Proposición no de Ley del Grupo Parlamentario Popular en el Congreso, relativa a la defensa de los cristianos perseguido"
166,3,173/000154,0.77,orden_dia,,,33,"Moción consecuencia de interpelación urgente del Grupo Parlamentario Popular en el Congreso, sobre la política en materi"
166,4,173/000155,0.89,orden_dia,,,33,"Moción consecuencia de interpelación urgente del Grupo Parlamentario Euskal Herria Bildu, relativa a las diferentes alte"
166,5,130/000036,1.00,orden_dia,,,33,"Real Decreto-ley 5/2026, de 17 de febrero, por el que se adoptan medidas urgentes en respuesta a los daños causados por "
166,6,130/000036,0.82,orden_dia,,,33,"Tramitación como Proyecto de Ley por el procedimiento de urgencia del Real Decreto-ley 5/2026, de 17 de febrero, por el "
166,7,110/000063,1.00,orden_dia,A,191,33,"Acuerdo entre el Reino de España y la Organización de las Naciones Unidas para la Educación, la Ciencia y la Cultura rel"
166,8,110/000067,1.00,orden_dia,A,208,33,"Acuerdo entre la Unión Europea y la Comunidad Europea de la Energía Atómica, por una parte, y el Reino de España, por ot"
166,9,110/000064,1.00,orden_dia,A,192,33,Acuerdo por el que se modifica el Acuerdo entre el Reino de España y la República de Honduras sobre Transporte Aéreo y A
166,10,101/000002,1.00,orden_dia,B,6,33,Acuerdo de tramitación directa y en lectura única de la Proposición de reforma del artículo 69.3 de la Constitución espa
167,1,122/000257,0.93,orden_dia,B,307,6,"Proposición de Ley del Grupo Parlamentario Socialista, Orgánica de modificación del artículo 379.1 del Código Penal, sob"
167,2,122/000249,0.95,orden_dia,B,299,6,"Proposición de Ley del Grupo Parlamentario Popular en el Congreso, relativa a la modificación de la Ley 87/1978, de 28 d"
169,1,,0.25,,,,11,"Real Decreto-ley 7/2026, de 20 de marzo, por el que se aprueba el Plan Integral de Respuesta a la Crisis en Oriente Medi"
169,2,,0.40,,,,11,"Tramitación como Proyecto de Ley por el procedimiento de urgencia del Real Decreto-ley 7/2026, de 20 de marzo, por el qu"
169,3,122/000083,0.96,orden_dia,B,97,11,"Proposición de Ley Orgánica en materia de multirreincidencia, por la que se modifica la Ley Orgánica 10/1995, de 23 de n"
169,4,122/000083,0.83,orden_dia,B,97,11,"Proposición de Ley Orgánica en materia de multirreincidencia, por la que se modifica la Ley Orgánica 10/1995, de 23 de n"
169,5,122/000083,0.89,orden_dia,B,97,11,"Proposición de Ley Orgánica en materia de multirreincidencia, por la que se modifica la Ley Orgánica 10/1995, de 23 de n"
169,6,122/000083,0.89,orden_dia,B,97,11,"Proposición de Ley Orgánica en materia de multirreincidencia, por la que se modifica la Ley Orgánica 10/1995, de 23 de n"
169,7,122/000083,1.00,orden_dia,B,97,11,"Proposición de Ley Orgánica en materia de multirreincidencia, por la que se modifica la Ley Orgánica 10/1995, de 23 de n"
169,8,162/000727,0.95,orden_dia,D,493,11,"Proposición no de Ley del Grupo Parlamentario Junts per Catalunya, de medidas fiscales urgentes para hacer frente a la f"
169,9,162/000727,0.95,orden_dia,D,493,11,"Proposición no de Ley del Grupo Parlamentario Junts per Catalunya, de medidas fiscales urgentes para hacer frente a la f"
169,10,162/000727,0.95,orden_dia,D,493,11,"Proposición no de Ley del Grupo Parlamentario Junts per Catalunya, de medidas fiscales urgentes para hacer frente a la f"
169,11,162/000727,0.95,orden_dia,D,493,11,"Proposición no de Ley del Grupo Parlamentario Junts per Catalunya, de medidas fiscales urgentes para hacer frente a la f"
169,12,162/000727,0.95,orden_dia,D,493,11,"Proposición no de Ley del Grupo Parlamentario Junts per Catalunya, de medidas fiscales urgentes para hacer frente a la f"
169,13,162/000727,0.95,orden_dia,D,493,11,"Proposición no de Ley del Grupo Parlamentario Junts per Catalunya, de medidas fiscales urgentes para hacer frente a la f"
169,14,162/000727,0.95,orden_dia,D,493,11,"Proposición no de Ley del Grupo Parlamentario Junts per Catalunya, de medidas fiscales urgentes para hacer frente a la f"
169,15,162/000727,0.95,orden_dia,D,493,11,"Proposición no de Ley del Grupo Parlamentario Junts per Catalunya, de medidas fiscales urgentes para hacer frente a la f"
169,16,162/000727,0.95,orden_dia,D,493,11,"Proposición no de Ley del Grupo Parlamentario Junts per Catalunya, de medidas fiscales urgentes para hacer frente a la f"
169,17,162/000727,0.95,orden_dia,D,493,11,"Proposición no de Ley del Grupo Parlamentario Junts per Catalunya, de medidas fiscales urgentes para hacer frente a la f"
169,18,162/000727,0.95,orden_dia,D,493,11,"Proposición no de Ley del Grupo Parlamentario Junts per Catalunya, de medidas fiscales urgentes para hacer frente a la f"
169,19,162/000727,0.95,orden_dia,D,493,11,"Proposición no de Ley del Grupo Parlamentario Junts per Catalunya, de medidas fiscales urgentes para hacer frente a la f"
169,20,162/000727,0.95,orden_dia,D,493,11,"Proposición no de Ley del Grupo Parlamentario Junts per Catalunya, de medidas fiscales urgentes para hacer frente a la f"
169,21,162/000727,0.95,orden_dia,D,493,11,"Proposición no de Ley del Grupo Parlamentario Junts per Catalunya, de medidas fiscales urgentes para hacer frente a la f"
169,22,162/000727,0.95,orden_dia,D,493,11,"Proposición no de Ley del Grupo Parlamentario Junts per Catalunya, de medidas fiscales urgentes para hacer frente a la f"
169,23,162/000727,0.95,orden_dia,D,493,11,"Proposición no de Ley del Grupo Parlamentario Junts per Catalunya, de medidas fiscales urgentes para hacer frente a la f"
169,24,162/000727,0.95,orden_dia,D,493,11,"Proposición no de Ley del Grupo Parlamentario Junts per Catalunya, de medidas fiscales urgentes para hacer frente a la f"
169,25,162/000727,0.95,orden_dia,D,493,11,"Proposición no de Ley del Grupo Parlamentario Junts per Catalunya, de medidas fiscales urgentes para hacer frente a la f"
169,26,162/000727,0.95,orden_dia,D,493,11,"Proposición no de Ley del Grupo Parlamentario Junts per Catalunya, de medidas fiscales urgentes para hacer frente a la f"
169,27,162/000727,0.95,orden_dia,D,493,11,"Proposición no de Ley del Grupo Parlamentario Junts per Catalunya, de medidas fiscales urgentes para hacer frente a la f"
169,28,162/000727,0.95,orden_dia,D,493,11,"Proposición no de Ley del Grupo Parlamentario Junts per Catalunya, de medidas fiscales urgentes para hacer frente a la f"
169,29,162/000727,0.95,orden_dia,D,493,11,"Proposición no de Ley del Grupo Parlamentario Junts per Catalunya, de medidas fiscales urgentes para hacer frente a la f"
169,30,162/000728,0.80,orden_dia,D,493,11,"Proposición no de Ley del Grupo Parlamentario Vasco (EAJ-PNV), para reforzar la competitividad y la resiliencia de la in"
169,31,162/000728,0.80,orden_dia,D,493,11,"Proposición no de Ley del Grupo Parlamentario Vasco (EAJ-PNV), para reforzar la competitividad y la resiliencia de la in"
169,32,162/000728,0.80,orden_dia,D,493,11,"Proposición no de Ley del Grupo Parlamentario Vasco (EAJ-PNV), para reforzar la competitividad y la resiliencia de la in"
169,33,162/000728,0.80,orden_dia,D,493,11,"Proposición no de Ley del Grupo Parlamentario Vasco (EAJ-PNV), para reforzar la competitividad y la resiliencia de la in"
169,34,162/000728,0.80,orden_dia,D,493,11,"Proposición no de Ley del Grupo Parlamentario Vasco (EAJ-PNV), para reforzar la competitividad y la resiliencia de la in"
169,35,162/000728,0.80,orden_dia,D,493,11,"Proposición no de Ley del Grupo Parlamentario Vasco (EAJ-PNV), para reforzar la competitividad y la resiliencia de la in"
169,36,162/000728,0.80,orden_dia,D,493,11,"Proposición no de Ley del Grupo Parlamentario Vasco (EAJ-PNV), para reforzar la competitividad y la resiliencia de la in"
169,37,173/000156,0.80,orden_dia,,,11,"Moción consecuencia de interpelación urgente del Grupo Parlamentario Junts per Catalunya, sobre las dificultades fiscale"
169,38,173/000156,0.80,orden_dia,,,11,"Moción consecuencia de interpelación urgente del Grupo Parlamentario Junts per Catalunya, sobre las dificultades fiscale"
169,39,173/000156,0.80,orden_dia,,,11,"Moción consecuencia de interpelación urgente del Grupo Parlamentario Junts per Catalunya, sobre las dificultades fiscale"
169,40,173/000156,0.80,orden_dia,,,11,"Moción consecuencia de interpelación urgente del Grupo Parlamentario Junts per Catalunya, sobre las dificultades fiscale"
169,41,173/000156,0.80,orden_dia,,,11,"Moción consecuencia de interpelación urgente del Grupo Parlamentario Junts per Catalunya, sobre las dificultades fiscale"
169,42,173/000156,0.80,orden_dia,,,11,"Moción consecuencia de interpelación urgente del Grupo Parlamentario Junts per Catalunya, sobre las dificultades fiscale"
169,43,173/000156,0.80,orden_dia,,,11,"Moción consecuencia de interpelación urgente del Grupo Parlamentario Junts per Catalunya, sobre las dificultades fiscale"
169,44,173/000156,0.80,orden_dia,,,11,"Moción consecuencia de interpelación urgente del Grupo Parlamentario Junts per Catalunya, sobre las dificultades fiscale"
169,45,173/000156,0.80,orden_dia,,,11,"Moción consecuencia de interpelación urgente del Grupo Parlamentario Junts per Catalunya, sobre las dificultades fiscale"
169,46,173/000156,0.80,orden_dia,,,11,"Moción consecuencia de interpelación urgente del Grupo Parlamentario Junts per Catalunya, sobre las dificultades fiscale"
169,47,173/000157,0.89,orden_dia,,,11,"Moción consecuencia de interpelación urgente del Grupo Parlamentario Popular en el Congreso, para dar cuenta de las medi"
169,48,173/000157,0.89,orden_dia,,,11,"Moción consecuencia de interpelación urgente del Grupo Parlamentario Popular en el Congreso, para dar cuenta de las medi"
169,49,173/000157,0.89,orden_dia,,,11,"Moción consecuencia de interpelación urgente del Grupo Parlamentario Popular en el Congreso, para dar cuenta de las medi"
169,50,173/000157,0.89,orden_dia,,,11,"Moción consecuencia de interpelación urgente del Grupo Parlamentario Popular en el Congreso, para dar cuenta de las medi"
169,51,173/000158,0.91,orden_dia,,,11,"Moción consecuencia de interpelación urgente del Grupo Parlamentario VOX, sobre las medidas que va a adoptar el Gobierno"
169,52,173/000159,0.71,orden_dia,,,11,"Moción consecuencia de interpelación urgente del Grupo Parlamentario VOX, sobre la estrategia energética del Gobierno pa"
169,53,130/000037,1.00,orden_dia,,,11,"Real Decreto-ley 6/2026, de 3 de marzo, por el que se modifica la Ley 20/2022, de 19 de octubre, de Memoria Democrática,"
169,54,130/000037,0.81,orden_dia,,,11,"Tramitación como Proyecto de Ley por el procedimiento de urgencia del Real Decreto-ley 6/2026, de 3 de marzo, por el que"
169,55,101/000002,0.68,orden_dia,B,6,11,Votación de conjunto de la Proposición de reforma del artículo 69.3 de la Constitución española a los efectos de que la 
169,56,122/000083,0.79,orden_dia,B,97,11,"Votación de conjunto de la Proposición de Ley Orgánica en materia de multirreincidencia, por la que se modifica la Ley O"
169,57,121/000036,1.00,orden_dia,A,36,11,"Proyecto de Ley integral de impulso de la economía social.
Enmiendas al preámbulo; al artículo Segundo, apartado Tres, e"
169,58,121/000036,1.00,orden_dia,A,36,11,"Proyecto de Ley integral de impulso de la economía social.
Enmiendas al artículo Primero, apartado Cinco, en relación co"
169,59,121/000036,1.00,orden_dia,A,36,11,"Proyecto de Ley integral de impulso de la economía social.
Enmiendas al artículo Primero, apartado Catorce, en relación "
169,60,121/000036,1.00,orden_dia,A,36,11,"Proyecto de Ley integral de impulso de la economía social.
Enmiendas al artículo Segundo, apartado Dos, en relación con "
169,61,121/000036,1.00,orden_dia,A,36,11,"Proyecto de Ley integral de impulso de la economía social.
Enmiendas al artículo Segundo, apartado Tres, por el que se s"
169,62,121/000036,1.00,orden_dia,A,36,11,"Proyecto de Ley integral de impulso de la economía social.
Enmiendas al artículo Segundo, apartado Siete, en relación co"
169,63,121/000036,1.00,orden_dia,A,36,11,"Proyecto de Ley integral de impulso de la economía social.
Enmiendas al artículo Segundo, apartado Siete, en relación co"
169,64,121/000036,1.00,orden_dia,A,36,11,"Proyecto de Ley integral de impulso de la economía social.
Enmiendas de adición de una disposición final (nueva) en rela"
169,65,121/000036,1.00,orden_dia,A,36,11,Proyecto de Ley integral de impulso de la economía social.
170,1,130/000038,1.00,orden_dia,,,1,"Real Decreto-ley 7/2026, de 20 de marzo, por el que se aprueba el Plan Integral de Respuesta a la Crisis en Oriente Medi"
170,2,130/000038,0.67,orden_dia,,,1,"Tramitación como Proyecto de Ley por el procedimiento de urgencia del Real Decreto-ley 7/2026, de 20 de marzo, por el qu"
171,1,,0.00,,,,0,"Proposición de Ley del Grupo Parlamentario Junts per Catalunya, Orgánica sobre la regulación del uso de velos integrales"
171,2,,0.00,,,,0,"Proposición de Ley del Grupo Parlamentario Socialista, sobre la habilitación legal de la Comisión Nacional de los Mercad"
172,1,,0.00,,,,0,"Proposición no de Ley del Grupo Parlamentario Republicano, sobre el reconocimiento de las víctimas del Patronato de Prot"
172,2,,0.00,,,,0,"Proposición no de Ley del Grupo Parlamentario Socialista, para documentar el ""bibliocausto español"" y reconocer el compr"
172,3,,0.00,,,,0,"Proposición no de Ley del Grupo Parlamentario Socialista, para documentar el ""bibliocausto español"" y reconocer el compr"
172,4,,0.00,,,,0,"Proposición no de Ley del Grupo Parlamentario Socialista, para documentar el ""bibliocausto español"" y reconocer el compr"
172,5,,0.00,,,,0,"Moción consecuencia de interpelación urgente del Grupo Parlamentario Popular en el Congreso, sobre el estado de la infra"
172,6,,0.00,,,,0,"Moción consecuencia de interpelación urgente del Grupo Parlamentario Popular en el Congreso, sobre el estado de la infra"
172,7,,0.00,,,,0,"Moción consecuencia de interpelación urgente del Grupo Parlamentario Popular en el Congreso, sobre el estado de la infra"
172,8,,0.00,,,,0,"Moción consecuencia de interpelación urgente del Grupo Parlamentario Popular en el Congreso, sobre el estado de la infra"
172,9,,0.00,,,,0,"Moción consecuencia de interpelación urgente del Grupo Parlamentario Popular en el Congreso, sobre el estado de la infra"
172,10,,0.00,,,,0,"Moción consecuencia de interpelación urgente del Grupo Parlamentario Popular en el Congreso, sobre el estado de la infra"
172,11,,0.00,,,,0,"Moción consecuencia de interpelación urgente del Grupo Parlamentario Popular en el Congreso, sobre el estado de la infra"
172,12,,0.00,,,,0,"Moción consecuencia de interpelación urgente del Grupo Parlamentario Popular en el Congreso, sobre el estado de la infra"
172,13,,0.00,,,,0,"Moción consecuencia de interpelación urgente del Grupo Parlamentario Popular en el Congreso, sobre el estado de la infra"
172,14,,0.00,,,,0,"Moción consecuencia de interpelación urgente del Grupo Parlamentario Popular en el Congreso, sobre el estado de la infra"
172,15,,0.00,,,,0,"Moción consecuencia de interpelación urgente del Grupo Parlamentario Popular en el Congreso, sobre el estado de la infra"
172,16,,0.00,,,,0,Acuerdo entre el Reino de España y el Sultanato de Omán sobre exención recíproca de visados para titulares de pasaportes
172,17,,0.00,,,,0,Convenio entre el Reino de España y el Principado de Andorra para la realización de una interconexión eléctrica de 220 k
172,18,,0.00,,,,0,"Acuerdo de Sede entre el Reino de España y el Secretariado de la Unión por el Mediterráneo, hecho ad referendum en Barce"
173,1,,0.00,,,,0,"Proposición de Ley del Grupo Parlamentario Popular en el Congreso, de medidas administrativas y procesales para la segur"
173,2,,0.00,,,,0,"Proposición de Ley del Grupo Parlamentario Socialista, de modificación de la regulación sobre la crioconservación de ovo"
174,1,,0.00,,,,0,"Proposición no de Ley del Grupo Parlamentario Popular en el Congreso, para la adopción de medidas urgentes en la lucha c"
174,2,,0.00,,,,0,"Proposición no de Ley del Grupo Parlamentario Popular en el Congreso, para la adopción de medidas urgentes en la lucha c"
174,3,,0.00,,,,0,"Proposición no de Ley del Grupo Parlamentario Popular en el Congreso, para la adopción de medidas urgentes en la lucha c"
174,4,,0.00,,,,0,"Proposición no de Ley del Grupo Parlamentario Popular en el Congreso, para la adopción de medidas urgentes en la lucha c"
174,5,,0.00,,,,0,"Proposición no de Ley del Grupo Parlamentario Popular en el Congreso, para la adopción de medidas urgentes en la lucha c"
174,6,,0.00,,,,0,"Proposición no de Ley del Grupo Parlamentario Popular en el Congreso, para la adopción de medidas urgentes en la lucha c"
174,7,,0.00,,,,0,"Proposición no de Ley del Grupo Parlamentario Popular en el Congreso, para la adopción de medidas urgentes en la lucha c"
174,8,,0.00,,,,0,"Proposición no de Ley del Grupo Parlamentario Socialista, para impulsar la erradicación del matrimonio forzado a nivel g"
174,9,,0.00,,,,0,"Moción consecuencia de interpelación urgente del Grupo Parlamentario Mixto (Sra. Belarra Urteaga), relativa a los planes"
174,10,,0.00,,,,0,"Moción consecuencia de interpelación urgente del Grupo Parlamentario Mixto (Sra. Belarra Urteaga), relativa a los planes"
174,11,,0.00,,,,0,"Moción consecuencia de interpelación urgente del Grupo Parlamentario Mixto (Sra. Belarra Urteaga), relativa a los planes"
174,12,,0.00,,,,0,"Moción consecuencia de interpelación urgente del Grupo Parlamentario Mixto (Sra. Belarra Urteaga), relativa a los planes"
174,13,,0.00,,,,0,"Moción consecuencia de interpelación urgente del Grupo Parlamentario VOX, sobre cuáles van a ser las prioridades del Gob"
174,14,,0.00,,,,0,"Moción consecuencia de interpelación urgente del Grupo Parlamentario Popular en el Congreso, sobre el infierno fiscal al"
174,15,,0.00,,,,0,"Moción consecuencia de interpelación urgente del Grupo Parlamentario Popular en el Congreso, sobre el infierno fiscal al"
174,16,,0.00,,,,0,"Moción consecuencia de interpelación urgente del Grupo Parlamentario Popular en el Congreso, sobre el infierno fiscal al"
174,17,,0.00,,,,0,"Moción consecuencia de interpelación urgente del Grupo Parlamentario Mixto (Sr. Catalán Higueras), sobre cuándo se van a"
175,1,,0.00,,,,0,"Proposición de Ley del Grupo Parlamentario Republicano, para la constitución de un consorcio de inversiones entre la Adm"
175,2,,0.00,,,,0,"Proposición de Ley del Grupo Parlamentario VOX, de modificación del Código Civil, para la protección de los menores tute"
175,3,,0.00,,,,0,"Real Decreto-ley 8/2026, de 20 de marzo, de medidas en el alquiler en respuesta a las consecuencias económicas y sociale"
177,1,,0.00,,,,0,"Proposición no de Ley del Grupo Parlamentario VOX, relativa al colapso del Sistema Nacional de Salud provocado por el Go"
177,2,,0.00,,,,0,"Proposición no de Ley del Grupo Parlamentario Popular en el Congreso, relativa a los retrasos del Estado en infraestruct"
177,3,,0.00,,,,0,"Proposición no de Ley del Grupo Parlamentario Popular en el Congreso, relativa a los retrasos del Estado en infraestruct"
177,4,,0.00,,,,0,"Moción consecuencia de interpelación urgente del Grupo Parlamentario Mixto (Sra. Valido García), sobre el impacto de la "
177,5,,0.00,,,,0,"Moción consecuencia de interpelación urgente del Grupo Parlamentario Popular en el Congreso, sobre la política económica"
177,6,,0.00,,,,0,"Moción consecuencia de interpelación urgente del Grupo Parlamentario Popular en el Congreso, sobre la política económica"
177,7,,0.00,,,,0,"Moción consecuencia de interpelación urgente del Grupo Parlamentario Popular en el Congreso, sobre la política económica"
177,8,,0.00,,,,0,"Moción consecuencia de interpelación urgente del Grupo Parlamentario Popular en el Congreso, sobre la política económica"
177,9,,0.00,,,,0,"Moción consecuencia de interpelación urgente del Grupo Parlamentario VOX, sobre cuáles van a ser las prioridades del Gob"
177,10,,0.00,,,,0,"Real Decreto-ley 9/2026, de 14 de abril, de medidas urgentes en materia de transporte."
177,11,,0.00,,,,0,"Tramitación como Proyecto de Ley por el procedimiento de urgencia del Real Decreto-ley 9/2026, de 14 de abril, de medida"
177,12,,0.00,,,,0,Votación conjunta de las enmiendas a la totalidad de devolución al Proyecto de reforma del artículo 43 de la Constitució
179,1,122/000254,0.94,orden_dia,B,304,6,"Proposición de Ley del Grupo Parlamentario Popular en el Congreso, Orgánica contra la ocupación ilegal de inmuebles y pa"
179,2,122/000280,0.90,orden_dia,B,329,6,"Proposición de Ley del Grupo Parlamentario Socialista, Orgánica para la modificación de la Ley Orgánica 5/1985, de 19 de"
180,1,162/000770,0.93,orden_dia,D,523,30,"Proposición no de Ley del Grupo Parlamentario Socialista, relativa al parque público de vivienda y al refuerzo de la tra"
180,2,162/000770,0.93,orden_dia,D,523,30,"Proposición no de Ley del Grupo Parlamentario Socialista, relativa al parque público de vivienda y al refuerzo de la tra"
180,3,162/000770,0.93,orden_dia,D,523,30,"Proposición no de Ley del Grupo Parlamentario Socialista, relativa al parque público de vivienda y al refuerzo de la tra"
180,4,162/000770,0.93,orden_dia,D,523,30,"Proposición no de Ley del Grupo Parlamentario Socialista, relativa al parque público de vivienda y al refuerzo de la tra"
180,5,162/000498,0.79,orden_dia,D,326,30,"Proposición no de Ley del Grupo Parlamentario Plurinacional SUMAR, para frenar la especulación inmobiliaria y garantizar"
180,6,173/000170,0.52,orden_dia,,,30,"Moción consecuencia de interpelación urgente del Grupo Parlamentario Mixto (Sra. Belarra Urteaga), referida a la polític"
180,7,173/000171,0.82,orden_dia,,,30,"Moción consecuencia de interpelación urgente del Grupo Parlamentario Popular en el Congreso, sobre las políticas en mate"
180,8,173/000171,0.82,orden_dia,,,30,"Moción consecuencia de interpelación urgente del Grupo Parlamentario Popular en el Congreso, sobre las políticas en mate"
180,9,173/000171,0.82,orden_dia,,,30,"Moción consecuencia de interpelación urgente del Grupo Parlamentario Popular en el Congreso, sobre las políticas en mate"
180,10,173/000171,0.82,orden_dia,,,30,"Moción consecuencia de interpelación urgente del Grupo Parlamentario Popular en el Congreso, sobre las políticas en mate"
180,11,173/000171,0.82,orden_dia,,,30,"Moción consecuencia de interpelación urgente del Grupo Parlamentario Popular en el Congreso, sobre las políticas en mate"
180,12,130/000041,1.00,orden_dia,,,30,"Real Decreto-ley 10/2026, de 28 de abril, por el que se aprueban medidas tributarias urgentes y otras medidas de apoyo e"
180,13,130/000041,0.79,orden_dia,,,30,"Tramitación como Proyecto de Ley por el procedimiento de urgencia del Real Decreto-ley 10/2026, de 28 de abril, por el q"
181,1,122/000275,1.00,orden_dia,B,324,6,"Proposición de Ley del Grupo Parlamentario Plurinacional SUMAR, para la promoción del consumo de alimentos y bebidas sal"
181,2,122/000240,0.90,orden_dia,B,285,6,"Proposición de Ley del Grupo Parlamentario Popular en el Congreso, de modificación de la Ley 49/1960, de 21 de julio, so"
181,3,410/000011,1.00,orden_dia,B,312,6,"Proposición del Sr. Álvaro Vidal y otros 20 Diputados, de reforma del Reglamento del Congreso."
183,1,162/000782,0.91,orden_dia,D,530,10,"Proposición no de Ley del Grupo Parlamentario Popular en el Congreso, para la eliminación de la cita previa en las ofici"
183,2,162/000767,0.80,orden_dia,D,518,10,"Proposición no de Ley del Grupo Parlamentario Socialista, sobre el 40 Aniversario de España en la Unión Europea.
Se vota"
183,3,173/000172,0.82,orden_dia,,,10,"Moción consecuencia de interpelación urgente del Grupo Parlamentario Popular en el Congreso, sobre la situación de las F"
183,4,173/000172,0.82,orden_dia,,,10,"Moción consecuencia de interpelación urgente del Grupo Parlamentario Popular en el Congreso, sobre la situación de las F"
183,5,173/000172,0.82,orden_dia,,,10,"Moción consecuencia de interpelación urgente del Grupo Parlamentario Popular en el Congreso, sobre la situación de las F"
183,6,173/000172,0.82,orden_dia,,,10,"Moción consecuencia de interpelación urgente del Grupo Parlamentario Popular en el Congreso, sobre la situación de las F"
183,7,173/000172,0.82,orden_dia,,,10,"Moción consecuencia de interpelación urgente del Grupo Parlamentario Popular en el Congreso, sobre la situación de las F"
183,8,173/000172,0.82,orden_dia,,,10,"Moción consecuencia de interpelación urgente del Grupo Parlamentario Popular en el Congreso, sobre la situación de las F"
183,9,173/000172,0.82,orden_dia,,,10,"Moción consecuencia de interpelación urgente del Grupo Parlamentario Popular en el Congreso, sobre la situación de las F"
183,10,173/000173,0.82,orden_dia,,,10,"Moción consecuencia de interpelación urgente del Grupo Parlamentario VOX, sobre las medidas del Gobierno para resolver l"
183,11,173/000174,0.78,orden_dia,,,10,"Moción consecuencia de interpelación urgente Grupo Parlamentario VOX, sobre cuál va a ser la prioridad del Gobierno en m"
183,12,130/000042,1.00,orden_dia,,,10,"Real Decreto-ley 11/2026, de 12 de mayo, por el que se modifica la aportación de los usuarios y sus beneficiarios en la "
183,13,130/000042,0.67,orden_dia,,,10,"Tramitación como Proyecto de Ley por el procedimiento de urgencia del Real Decreto-ley 11/2026, de 12 de mayo, por el qu"
183,14,042/000038,1.00,orden_dia,,,10,Dictamen de la Comisión del Estatuto sobre declaración de actividades de Excmos. Sres. Diputados.
183,15,158/000021,1.00,orden_dia,D,531,10,"Propuesta de la Comisión Constitucional, de creación de una Subcomisión al objeto de analizar la eventual adopción de me"
183,16,122/000280,1.00,orden_dia,B,329,10,Acuerdo de tramitación directa y en lectura única de la Proposición de Ley Orgánica para la modificación de la Ley Orgán
185,1,122/000088,1.00,orden_dia,B,102,9,"Proposición de Ley Orgánica por la que se modifica el artículo ochenta de la Ley Orgánica 1/1979, de 26 de septiembre, G"
185,2,122/000088,1.00,orden_dia,B,102,9,"Proposición de Ley Orgánica por la que se modifica el artículo ochenta de la Ley Orgánica 1/1979, de 26 de septiembre, G"
185,3,122/000143,1.00,orden_dia,B,162,9,"Proposición de Ley de modificación del Real Decreto Legislativo 8/2015, de 30 de octubre, por el que se aprueba el texto"
185,4,122/000143,1.00,orden_dia,B,162,9,"Proposición de Ley de modificación del Real Decreto Legislativo 8/2015, de 30 de octubre, por el que se aprueba el texto"
185,5,122/000143,1.00,orden_dia,B,162,9,"Proposición de Ley de modificación del Real Decreto Legislativo 8/2015, de 30 de octubre, por el que se aprueba el texto"
185,6,122/000143,1.00,orden_dia,B,162,9,"Proposición de Ley de modificación del Real Decreto Legislativo 8/2015, de 30 de octubre, por el que se aprueba el texto"
185,7,122/000143,1.00,orden_dia,B,162,9,"Proposición de Ley de modificación del Real Decreto Legislativo 8/2015, de 30 de octubre, por el que se aprueba el texto"
185,8,122/000143,1.00,orden_dia,B,162,9,"Proposición de Ley de modificación del Real Decreto Legislativo 8/2015, de 30 de octubre, por el que se aprueba el texto"
185,9,122/000143,1.00,orden_dia,B,162,9,"Proposición de Ley de modificación del Real Decreto Legislativo 8/2015, de 30 de octubre, por el que se aprueba el texto"
185,10,122/000143,1.00,orden_dia,B,162,9,"Proposición de Ley de modificación del Real Decreto Legislativo 8/2015, de 30 de octubre, por el que se aprueba el texto"
185,11,122/000143,1.00,orden_dia,B,162,9,"Proposición de Ley de modificación del Real Decreto Legislativo 8/2015, de 30 de octubre, por el que se aprueba el texto"
185,12,122/000143,1.00,orden_dia,B,162,9,"Proposición de Ley de modificación del Real Decreto Legislativo 8/2015, de 30 de octubre, por el que se aprueba el texto"
185,13,122/000143,1.00,orden_dia,B,162,9,"Proposición de Ley de modificación del Real Decreto Legislativo 8/2015, de 30 de octubre, por el que se aprueba el texto"
185,14,122/000143,1.00,orden_dia,B,162,9,"Proposición de Ley de modificación del Real Decreto Legislativo 8/2015, de 30 de octubre, por el que se aprueba el texto"
185,15,122/000143,0.89,orden_dia,B,162,9,"Proposición de Ley de modificación del Real Decreto Legislativo 8/2015, de 30 de octubre, por el que se aprueba el texto"
185,16,122/000143,1.00,orden_dia,B,162,9,"Proposición de Ley de modificación del Real Decreto Legislativo 8/2015, de 30 de octubre, por el que se aprueba el texto"
185,17,122/000143,1.00,orden_dia,B,162,9,"Proposición de Ley de modificación del Real Decreto Legislativo 8/2015, de 30 de octubre, por el que se aprueba el texto"
185,18,122/000143,1.00,orden_dia,B,162,9,"Proposición de Ley de modificación del Real Decreto Legislativo 8/2015, de 30 de octubre, por el que se aprueba el texto"
185,19,122/000143,1.00,orden_dia,B,162,9,"Proposición de Ley de modificación del Real Decreto Legislativo 8/2015, de 30 de octubre, por el que se aprueba el texto"
185,20,122/000143,0.89,orden_dia,B,162,9,"Proposición de Ley de modificación del Real Decreto Legislativo 8/2015, de 30 de octubre, por el que se aprueba el texto"
185,21,162/000797,0.93,orden_dia,D,539,9,"Proposición no de Ley de los Grupos Parlamentarios Euskal Herria Bildu, Vasco (EAJ-PNV), Plurinacional SUMAR y Mixto, re"
185,22,162/000797,0.93,orden_dia,D,539,9,"Proposición no de Ley de los Grupos Parlamentarios Euskal Herria Bildu, Vasco (EAJ-PNV), Plurinacional SUMAR y Mixto, re"
185,23,162/000797,0.93,orden_dia,D,539,9,"Proposición no de Ley de los Grupos Parlamentarios Euskal Herria Bildu, Vasco (EAJ-PNV), Plurinacional SUMAR y Mixto, re"
185,24,162/000797,0.93,orden_dia,D,539,9,"Proposición no de Ley de los Grupos Parlamentarios Euskal Herria Bildu, Vasco (EAJ-PNV), Plurinacional SUMAR y Mixto, re"
185,25,162/000788,0.82,orden_dia,D,531,9,"Proposición no de Ley del Grupo Parlamentario Popular en el Congreso, de defensa del derecho a la participación en los a"
185,26,173/000175,0.86,orden_dia,,,9,"Moción consecuencia de interpelación urgente del Grupo Parlamentario Mixto (Sr. Rego Candamil), relativa a la reversión "
185,27,173/000175,0.86,orden_dia,,,9,"Moción consecuencia de interpelación urgente del Grupo Parlamentario Mixto (Sr. Rego Candamil), relativa a la reversión "
185,28,173/000175,0.86,orden_dia,,,9,"Moción consecuencia de interpelación urgente del Grupo Parlamentario Mixto (Sr. Rego Candamil), relativa a la reversión "
185,29,173/000175,0.86,orden_dia,,,9,"Moción consecuencia de interpelación urgente del Grupo Parlamentario Mixto (Sr. Rego Candamil), relativa a la reversión "
185,30,173/000175,0.86,orden_dia,,,9,"Moción consecuencia de interpelación urgente del Grupo Parlamentario Mixto (Sr. Rego Candamil), relativa a la reversión "
185,31,173/000176,0.79,orden_dia,,,9,"Moción consecuencia de interpelación urgente del Grupo Parlamentario Popular en el Congreso, sobre el desempeño de la Mi"
185,32,173/000176,0.79,orden_dia,,,9,"Moción consecuencia de interpelación urgente del Grupo Parlamentario Popular en el Congreso, sobre el desempeño de la Mi"
185,33,173/000176,0.79,orden_dia,,,9,"Moción consecuencia de interpelación urgente del Grupo Parlamentario Popular en el Congreso, sobre el desempeño de la Mi"
185,34,173/000176,0.79,orden_dia,,,9,"Moción consecuencia de interpelación urgente del Grupo Parlamentario Popular en el Congreso, sobre el desempeño de la Mi"
185,35,173/000176,0.79,orden_dia,,,9,"Moción consecuencia de interpelación urgente del Grupo Parlamentario Popular en el Congreso, sobre el desempeño de la Mi"
185,36,173/000176,0.79,orden_dia,,,9,"Moción consecuencia de interpelación urgente del Grupo Parlamentario Popular en el Congreso, sobre el desempeño de la Mi"
185,37,173/000177,0.93,orden_dia,,,9,"Moción consecuencia de interpelación urgente del Grupo Parlamentario VOX, sobre las medidas que va a tomar el Gobierno p"
185,38,122/000088,0.91,orden_dia,B,102,9,"Proposición de Ley Orgánica por la que se modifica el artículo ochenta de la Ley Orgánica 1/1979, de 26 de septiembre, G"
185,39,122/000088,0.80,orden_dia,B,102,9,"Proposición de Ley Orgánica por la que se modifica el artículo ochenta de la Ley Orgánica 1/1979, de 26 de septiembre, G"
185,40,122/000143,0.89,orden_dia,B,162,9,"Votación del dictamen de la Proposición de Ley de modificación del Real Decreto Legislativo 8/2015, de 30 de octubre, po"
185,41,410/000012,0.92,orden_dia,B,334,9,"Proposición del Grupo Parlamentario Socialista, de reforma de los artículos 101 y 104 del Reglamento del Congreso para a"
185,42,125/000014,0.92,orden_dia,B,333,9,"Proposición de Ley del Parlamento de Cataluña, de modificación de algunas disposiciones normativas procesales con relaci"
186,1,122/000273,0.97,orden_dia,B,320,5,"Proposición de Ley del Grupo Parlamentario Popular en el Congreso, Orgánica de modificación de la Ley Orgánica 6/1985, d"
186,2,122/000285,0.93,orden_dia,B,337,5,"Proposición de Ley del Grupo Parlamentario Socialista, para la modificación de la Ley 16/1983, de 24 de octubre, de crea"
188,1,162/000783,0.60,orden_dia,D,528,17,"Proposición no de Ley del Grupo Parlamentario Socialista, sobre medidas para combatir los discursos de odio en el deport"
188,2,162/000793,0.92,orden_dia,D,535,17,"Proposición no de Ley del Grupo Parlamentario Popular en el Congreso, relativa a la defensa del transporte en España ant"
188,3,162/000793,0.92,orden_dia,D,535,17,"Proposición no de Ley del Grupo Parlamentario Popular en el Congreso, relativa a la defensa del transporte en España ant"
188,4,162/000793,0.92,orden_dia,D,535,17,"Proposición no de Ley del Grupo Parlamentario Popular en el Congreso, relativa a la defensa del transporte en España ant"
188,5,162/000793,0.92,orden_dia,D,535,17,"Proposición no de Ley del Grupo Parlamentario Popular en el Congreso, relativa a la defensa del transporte en España ant"
188,6,162/000793,0.92,orden_dia,D,535,17,"Proposición no de Ley del Grupo Parlamentario Popular en el Congreso, relativa a la defensa del transporte en España ant"
188,7,162/000793,0.92,orden_dia,D,535,17,"Proposición no de Ley del Grupo Parlamentario Popular en el Congreso, relativa a la defensa del transporte en España ant"
188,8,162/000793,0.92,orden_dia,D,535,17,"Proposición no de Ley del Grupo Parlamentario Popular en el Congreso, relativa a la defensa del transporte en España ant"
188,9,162/000793,0.92,orden_dia,D,535,17,"Proposición no de Ley del Grupo Parlamentario Popular en el Congreso, relativa a la defensa del transporte en España ant"
188,10,162/000793,0.92,orden_dia,D,535,17,"Proposición no de Ley del Grupo Parlamentario Popular en el Congreso, relativa a la defensa del transporte en España ant"
188,11,173/000178,0.85,orden_dia,,,17,"Moción consecuencia de interpelación urgente del Grupo Parlamentario Vasco (EAJ-PNV), sobre las medidas que piensa adopt"
188,12,173/000179,0.94,orden_dia,,,17,"Moción consecuencia de interpelación urgente del Grupo Parlamentario VOX, sobre las medidas que va a adoptar el Gobierno"
188,13,173/000180,0.80,orden_dia,,,17,"Moción consecuencia de interpelación urgente del Grupo Parlamentario Popular en el Congreso, sobre la valoración que hac"
188,14,130/000043,1.00,orden_dia,,,17,"Real Decreto-ley 12/2026, de 26 de mayo, por el que se declaran diversas iniciativas y programas como acontecimientos de"
188,15,130/000043,0.69,orden_dia,,,17,"Tramitación como Proyecto de Ley por el procedimiento de urgencia del Real Decreto-ley 12/2026, de 26 de mayo, por el qu"
188,16,130/000044,1.00,orden_dia,,,17,"Real Decreto-ley 13/2026, de 2 de junio, por el que se adoptan medidas relativas a los recursos de los sistemas de finan"
188,17,130/000044,0.77,orden_dia,,,17,"Tramitación como Proyecto de Ley por el procedimiento de urgencia del Real Decreto-ley 13/2026, de 2 de junio, por el qu"
188,18,122/000280,0.50,orden_dia,B,329,17,"Votación de conjunto de la Proposición de Ley Orgánica para la modificación de la Ley Orgánica 5/1985, de 19 de junio, d"
188,19,121/000026,0.54,orden_dia,A,26,17,"Proyecto de Ley del Cine y de la Cultura Audiovisual.
Votación conjunta de las enmiendas a la totalidad de devolución pr"
188,20,121/000026,0.53,orden_dia,A,26,17,"Proyecto de Ley del Cine y de la Cultura Audiovisual.
Solicitud de avocación por el Pleno de la Cámara de la deliberació"
188,21,121/000092,0.85,orden_dia,A,93,17,Votación conjunta de las enmiendas a la totalidad de devolución al Proyecto de Ley por la que se modifican la Ley Orgáni
188,22,110/000072,1.00,orden_dia,A,229,17,Acuerdo entre el Reino de España y el Banco Asiático de Desarrollo relativo al centro de prestación de servicios informá
188,23,110/000073,1.00,orden_dia,A,235,17,"Acuerdo entre el Gobierno de la República Francesa, el Gobierno de la República Federal de Alemania, el Gobierno del Rei"
188,24,110/000074,1.00,orden_dia,A,236,17,"Tratado de Amistad y Cooperación entre el Reino de España y la República Francesa, hecho en Barcelona el 19 de enero de "
188,25,110/000075,1.00,orden_dia,A,239,17,Convenio entre el Reino de España y la República Oriental de Uruguay en el ámbito de la seguridad y lucha contra la deli
188,26,110/000076,1.00,orden_dia,A,240,17,"Acuerdo entre el Reino de España y la República Árabe de Egipto sobre asistencia judicial mutua en materia penal, hecho "
188,27,110/000077,1.00,orden_dia,A,241,17,"Acuerdo de extradición entre el Reino de España y la República Árabe de Egipto, hecho en El Cairo el 15 de enero de 2026"
189,1,410/000010,1.00,orden_dia,B,296,6,"Proposición del Grupo Parlamentario Popular en el Congreso, de reforma del Reglamento del Congreso relativa a las sesion"
189,2,122/000074,0.92,orden_dia,B,87,6,"Proposición de Ley del Grupo Parlamentario VOX, Orgánica por la que se modifica la Ley Orgánica 5/1985, de 19 de junio, "
191,1,122/000201,0.85,orden_dia,B,240,12,"Proposición de Ley Orgánica por la que se modifica la Ley Orgánica 10/1995, de 23 de noviembre, del Código Penal, para p"
191,2,122/000201,0.85,orden_dia,B,240,12,"Proposición de Ley Orgánica por la que se modifica la Ley Orgánica 10/1995, de 23 de noviembre, del Código Penal, para p"
191,3,122/000201,1.00,orden_dia,B,240,12,"Proposición de Ley Orgánica por la que se modifica la Ley Orgánica 10/1995, de 23 de noviembre, del Código Penal, para p"
191,4,122/000201,1.00,orden_dia,B,240,12,"Proposición de Ley Orgánica por la que se modifica la Ley Orgánica 10/1995, de 23 de noviembre, del Código Penal, para p"
191,5,122/000201,1.00,orden_dia,B,240,12,"Proposición de Ley Orgánica por la que se modifica la Ley Orgánica 10/1995, de 23 de noviembre, del Código Penal, para p"
191,6,122/000201,1.00,orden_dia,B,240,12,"Proposición de Ley Orgánica por la que se modifica la Ley Orgánica 10/1995, de 23 de noviembre, del Código Penal, para p"
191,7,122/000201,1.00,orden_dia,B,240,12,"Proposición de Ley Orgánica por la que se modifica la Ley Orgánica 10/1995, de 23 de noviembre, del Código Penal, para p"
191,8,125/000005,1.00,orden_dia,B,57,12,Proposición de Ley Orgánica de transferencia de la titularidad y competencias de la autopista del Atlántico (AP-9) a la 
191,9,125/000005,1.00,orden_dia,B,57,12,Proposición de Ley Orgánica de transferencia de la titularidad y competencias de la autopista del Atlántico (AP-9) a la 
191,10,125/000005,0.83,orden_dia,B,57,12,Proposición de Ley Orgánica de transferencia de la titularidad y competencias de la autopista del Atlántico (AP-9) a la 
191,11,125/000005,1.00,orden_dia,B,57,12,Proposición de Ley Orgánica de transferencia de la titularidad y competencias de la autopista del Atlántico (AP-9) a la 
191,12,125/000005,0.83,orden_dia,B,57,12,Proposición de Ley Orgánica de transferencia de la titularidad y competencias de la autopista del Atlántico (AP-9) a la 
191,13,162/000784,0.59,orden_dia,D,530,12,"Proposición no de Ley del Grupo Parlamentario VOX, relativa al establecimiento del principio de prioridad nacional en la"
191,14,162/000796,0.77,orden_dia,D,539,12,"Proposición no de Ley del Grupo Parlamentario Socialista, para impulsar la educación afectivo-sexual y emocional en el á"
191,15,173/000181,0.80,orden_dia,,,12,"Moción consecuencia de interpelación urgente del Grupo Parlamentario Mixto (Sra. Micó Micó), sobre el apoyo a las víctim"
191,16,173/000182,0.88,orden_dia,,,12,"Moción consecuencia de interpelación urgente del Grupo Parlamentario Republicano, sobre el impacto en el sector agroalim"
191,17,173/000183,0.78,orden_dia,,,12,"Moción consecuencia de interpelación urgente del Grupo Parlamentario VOX, sobre la situación del sector primario español"
191,18,173/000184,0.89,orden_dia,,,12,"Moción consecuencia de interpelación urgente del Grupo Parlamentario Popular en el Congreso, sobre la insostenible situa"
191,19,173/000184,0.89,orden_dia,,,12,"Moción consecuencia de interpelación urgente del Grupo Parlamentario Popular en el Congreso, sobre la insostenible situa"
191,20,173/000184,0.89,orden_dia,,,12,"Moción consecuencia de interpelación urgente del Grupo Parlamentario Popular en el Congreso, sobre la insostenible situa"
191,21,122/000201,0.89,orden_dia,B,240,12,"Proposición de Ley Orgánica por la que se modifica la Ley Orgánica 10/1995, de 23 de noviembre, del Código Penal, para p"
191,22,122/000201,0.74,orden_dia,B,240,12,"Proposición de Ley Orgánica por la que se modifica la Ley Orgánica 10/1995, de 23 de noviembre, del Código Penal, para p"
191,23,125/000005,0.83,orden_dia,B,57,12,Proposición de Ley Orgánica de transferencia de la titularidad y competencias de la autopista del Atlántico (AP-9) a la 
191,24,125/000005,0.83,orden_dia,B,57,12,Proposición de Ley Orgánica de transferencia de la titularidad y competencias de la autopista del Atlántico (AP-9) a la 
191,25,410/000011,0.56,orden_dia,B,312,12,"Proposición de reforma del Reglamento del Congreso.
Enmienda a la totalidad de texto alternativo presentada por el Grupo"
191,26,410/000011,0.56,orden_dia,B,312,12,"Proposición de reforma del Reglamento del Congreso.
Enmienda a la totalidad de texto alternativo presentada por el Grupo"
191,27,130/000045,1.00,orden_dia,,,12,"Real Decreto-ley 14/2026, de 9 de junio, de medidas de promoción del uso del transporte público colectivo por parte de l"
191,28,130/000045,0.76,orden_dia,,,12,"Tramitación como Proyecto de Ley por el procedimiento de urgencia del Real Decreto-ley 14/2026, de 9 de junio, de medida"
191,29,130/000046,1.00,orden_dia,,,12,"Real Decreto-ley 15/2026, de 9 de junio, de autorización de operaciones de crédito extraordinarias a organismos y entida"
191,30,154/000008,1.00,orden_dia,D,262,12,"Solicitud de la Comisión de Juventud e Infancia, de prórroga del plazo para la conclusión de los trabajos de la Subcomis"
192,1,121/000064,1.00,orden_dia,A,64,5,Proyecto de Ley por la que se modifican el Texto Refundido de la Ley General de derechos de las personas con discapacida
192,2,121/000064,1.00,orden_dia,A,64,5,Proyecto de Ley por la que se modifican el Texto Refundido de la Ley General de derechos de las personas con discapacida
192,3,121/000064,1.00,orden_dia,A,64,5,Proyecto de Ley por la que se modifican el Texto Refundido de la Ley General de derechos de las personas con discapacida
192,4,121/000064,1.00,orden_dia,A,64,5,Proyecto de Ley por la que se modifican el Texto Refundido de la Ley General de derechos de las personas con discapacida
192,5,121/000064,1.00,orden_dia,A,64,5,Proyecto de Ley por la que se modifican el Texto Refundido de la Ley General de derechos de las personas con discapacida
192,6,121/000064,1.00,orden_dia,A,64,5,Proyecto de Ley por la que se modifican el Texto Refundido de la Ley General de derechos de las personas con discapacida
192,7,121/000064,1.00,orden_dia,A,64,5,Proyecto de Ley por la que se modifican el Texto Refundido de la Ley General de derechos de las personas con discapacida
192,8,121/000064,1.00,orden_dia,A,64,5,Proyecto de Ley por la que se modifican el Texto Refundido de la Ley General de derechos de las personas con discapacida
192,9,121/000064,1.00,orden_dia,A,64,5,Proyecto de Ley por la que se modifican el Texto Refundido de la Ley General de derechos de las personas con discapacida
192,10,121/000064,1.00,orden_dia,A,64,5,Proyecto de Ley por la que se modifican el Texto Refundido de la Ley General de derechos de las personas con discapacida
192,11,121/000064,1.00,orden_dia,A,64,5,Proyecto de Ley por la que se modifican el Texto Refundido de la Ley General de derechos de las personas con discapacida
192,12,121/000064,1.00,orden_dia,A,64,5,Proyecto de Ley por la que se modifican el Texto Refundido de la Ley General de derechos de las personas con discapacida
192,13,121/000064,1.00,orden_dia,A,64,5,Proyecto de Ley por la que se modifican el Texto Refundido de la Ley General de derechos de las personas con discapacida
192,14,121/000064,1.00,orden_dia,A,64,5,Proyecto de Ley por la que se modifican el Texto Refundido de la Ley General de derechos de las personas con discapacida
192,15,121/000064,1.00,orden_dia,A,64,5,Proyecto de Ley por la que se modifican el Texto Refundido de la Ley General de derechos de las personas con discapacida
192,16,121/000064,1.00,orden_dia,A,64,5,Proyecto de Ley por la que se modifican el Texto Refundido de la Ley General de derechos de las personas con discapacida
192,17,121/000064,0.91,orden_dia,A,64,5,Proyecto de Ley por la que se modifican el Texto Refundido de la Ley General de derechos de las personas con discapacida
192,18,121/000064,0.91,orden_dia,A,64,5,Proyecto de Ley por la que se modifican el Texto Refundido de la Ley General de derechos de las personas con discapacida
192,19,121/000064,1.00,orden_dia,A,64,5,Proyecto de Ley por la que se modifican el Texto Refundido de la Ley General de derechos de las personas con discapacida
192,20,121/000064,1.00,orden_dia,A,64,5,Proyecto de Ley por la que se modifican el Texto Refundido de la Ley General de derechos de las personas con discapacida
192,21,121/000064,1.00,orden_dia,A,64,5,Proyecto de Ley por la que se modifican el Texto Refundido de la Ley General de derechos de las personas con discapacida
192,22,121/000064,1.00,orden_dia,A,64,5,Proyecto de Ley por la que se modifican el Texto Refundido de la Ley General de derechos de las personas con discapacida
192,23,121/000064,1.00,orden_dia,A,64,5,Proyecto de Ley por la que se modifican el Texto Refundido de la Ley General de derechos de las personas con discapacida
192,24,121/000064,1.00,orden_dia,A,64,5,Proyecto de Ley por la que se modifican el Texto Refundido de la Ley General de derechos de las personas con discapacida
192,25,121/000064,1.00,orden_dia,A,64,5,Proyecto de Ley por la que se modifican el Texto Refundido de la Ley General de derechos de las personas con discapacida
192,26,121/000064,1.00,orden_dia,A,64,5,Proyecto de Ley por la que se modifican el Texto Refundido de la Ley General de derechos de las personas con discapacida
192,27,121/000064,1.00,orden_dia,A,64,5,Proyecto de Ley por la que se modifican el Texto Refundido de la Ley General de derechos de las personas con discapacida
192,28,121/000064,1.00,orden_dia,A,64,5,Proyecto de Ley por la que se modifican el Texto Refundido de la Ley General de derechos de las personas con discapacida
192,29,121/000064,1.00,orden_dia,A,64,5,Proyecto de Ley por la que se modifican el Texto Refundido de la Ley General de derechos de las personas con discapacida
192,30,121/000064,1.00,orden_dia,A,64,5,Proyecto de Ley por la que se modifican el Texto Refundido de la Ley General de derechos de las personas con discapacida
192,31,121/000064,1.00,orden_dia,A,64,5,Proyecto de Ley por la que se modifican el Texto Refundido de la Ley General de derechos de las personas con discapacida
192,32,121/000064,1.00,orden_dia,A,64,5,Proyecto de Ley por la que se modifican el Texto Refundido de la Ley General de derechos de las personas con discapacida
192,33,121/000064,1.00,orden_dia,A,64,5,Proyecto de Ley por la que se modifican el Texto Refundido de la Ley General de derechos de las personas con discapacida
192,34,121/000064,1.00,orden_dia,A,64,5,Proyecto de Ley por la que se modifican el Texto Refundido de la Ley General de derechos de las personas con discapacida
192,35,121/000064,1.00,orden_dia,A,64,5,Proyecto de Ley por la que se modifican el Texto Refundido de la Ley General de derechos de las personas con discapacida
192,36,121/000064,1.00,orden_dia,A,64,5,Proyecto de Ley por la que se modifican el Texto Refundido de la Ley General de derechos de las personas con discapacida
192,37,121/000064,1.00,orden_dia,A,64,5,Proyecto de Ley por la que se modifican el Texto Refundido de la Ley General de derechos de las personas con discapacida
192,38,121/000064,1.00,orden_dia,A,64,5,Proyecto de Ley por la que se modifican el Texto Refundido de la Ley General de derechos de las personas con discapacida
192,39,121/000064,1.00,orden_dia,A,64,5,Proyecto de Ley por la que se modifican el Texto Refundido de la Ley General de derechos de las personas con discapacida
192,40,121/000064,1.00,orden_dia,A,64,5,Proyecto de Ley por la que se modifican el Texto Refundido de la Ley General de derechos de las personas con discapacida
192,41,121/000064,1.00,orden_dia,A,64,5,Proyecto de Ley por la que se modifican el Texto Refundido de la Ley General de derechos de las personas con discapacida
192,42,121/000064,1.00,orden_dia,A,64,5,Proyecto de Ley por la que se modifican el Texto Refundido de la Ley General de derechos de las personas con discapacida
192,43,121/000064,1.00,orden_dia,A,64,5,Proyecto de Ley por la que se modifican el Texto Refundido de la Ley General de derechos de las personas con discapacida
192,44,121/000064,1.00,orden_dia,A,64,5,Proyecto de Ley por la que se modifican el Texto Refundido de la Ley General de derechos de las personas con discapacida
192,45,121/000064,1.00,orden_dia,A,64,5,Proyecto de Ley por la que se modifican el Texto Refundido de la Ley General de derechos de las personas con discapacida
192,46,121/000064,1.00,orden_dia,A,64,5,Proyecto de Ley por la que se modifican el Texto Refundido de la Ley General de derechos de las personas con discapacida
192,47,121/000064,1.00,orden_dia,A,64,5,Proyecto de Ley por la que se modifican el Texto Refundido de la Ley General de derechos de las personas con discapacida
192,48,121/000064,0.91,orden_dia,A,64,5,Proyecto de Ley por la que se modifican el Texto Refundido de la Ley General de derechos de las personas con discapacida
192,49,121/000064,0.78,orden_dia,A,64,5,Proyecto de Ley por la que se modifican el Texto Refundido de la Ley General de derechos de las personas con discapacida
192,50,430/000009,0.90,orden_dia,,,5,Acuerdo del Gobierno por el que se fijan los objetivos de estabilidad presupuestaria y de deuda pública para el conjunto
192,51,130/000047,1.00,orden_dia,,,5,"Real Decreto-ley 16/2026, de 16 de junio, de medidas para garantizar la prestación del servicio público encomendado a la"
192,52,130/000048,1.00,orden_dia,,,5,"Real Decreto-ley 17/2026, de 23 de junio, de medidas extraordinarias para el fortalecimiento y consolidación del Sistema"
192,53,130/000048,0.71,orden_dia,,,5,"Tramitación como Proyecto de Ley por el procedimiento de urgencia del Real Decreto-ley 17/2026, de 23 de junio, de medid"
192,54,121/000064,0.94,orden_dia,A,64,5,Votación del dictamen del Proyecto de Ley por la que se modifican el Texto Refundido de la Ley General de derechos de la
192,55,122/000006,0.62,orden_dia,B,19,5,"Proposición de Ley Orgánica de reforma de la Ley Orgánica 10/1995, de 23 de noviembre, del Código Penal para la protecci"
192,56,122/000006,0.62,orden_dia,B,19,5,"Proposición de Ley Orgánica de reforma de la Ley Orgánica 10/1995, de 23 de noviembre, del Código Penal para la protecci"
193,1,410/000011,1.00,orden_dia,B,312,8,Proposición de reforma del Reglamento del Congreso.
193,2,410/000011,1.00,orden_dia,B,312,8,Proposición de reforma del Reglamento del Congreso.
193,3,410/000011,1.00,orden_dia,B,312,8,Proposición de reforma del Reglamento del Congreso.
193,4,410/000011,1.00,orden_dia,B,312,8,Proposición de reforma del Reglamento del Congreso.
193,5,125/000005,1.00,orden_dia,B,57,8,Proposición de Ley Orgánica de transferencia de la titularidad y competencias de la autopista del Atlántico (AP-9) a la 
193,6,130/000049,1.00,orden_dia,,,8,"Real Decreto-ley 18/2026, de 29 de junio, por el que se adoptan determinadas medidas en el marco del Plan Integral de Re"
193,7,130/000049,0.73,orden_dia,,,8,"Tramitación como Proyecto de Ley por el procedimiento de urgencia del Real Decreto-ley 18/2026, de 29 de junio, por el q"
193,8,130/000050,1.00,orden_dia,,,8,"Real Decreto-ley 19/2026, de 29 de junio, de medidas urgentes en materia de jubilación parcial anticipada del personal l"
193,9,130/000050,0.85,orden_dia,,,8,"Tramitación como Proyecto de Ley por el procedimiento de urgencia del Real Decreto-ley 19/2026, de 29 de junio, de medid"
193,10,410/000011,0.67,orden_dia,B,312,8,"Proposición de reforma del Reglamento del Congreso.
Votación del dictamen."
193,11,,0.40,,,,8,"Proposición de reforma del Reglamento del Congreso.
Votación final de totalidad, a los efectos de la disposición final s"
193,12,122/000143,0.81,orden_dia,B,162,8,"Proposición de Ley de modificación del Real Decreto Legislativo 8/2015, de 30 de octubre, por el que se aprueba el texto"
193,13,122/000143,0.81,orden_dia,B,162,8,"Proposición de Ley de modificación del Real Decreto Legislativo 8/2015, de 30 de octubre, por el que se aprueba el texto"
193,14,122/000143,0.81,orden_dia,B,162,8,"Proposición de Ley de modificación del Real Decreto Legislativo 8/2015, de 30 de octubre, por el que se aprueba el texto"
193,15,122/000143,0.81,orden_dia,B,162,8,"Proposición de Ley de modificación del Real Decreto Legislativo 8/2015, de 30 de octubre, por el que se aprueba el texto"
193,16,122/000143,0.81,orden_dia,B,162,8,"Proposición de Ley de modificación del Real Decreto Legislativo 8/2015, de 30 de octubre, por el que se aprueba el texto"
193,17,122/000143,1.00,orden_dia,B,162,8,"Proposición de Ley de modificación del Real Decreto Legislativo 8/2015, de 30 de octubre, por el que se aprueba el texto"
193,18,122/000233,0.85,orden_dia,B,277,8,Proposición de Ley de modificación de normas sobre el programa de cribado neonatal del Sistema Nacional de Salud y de ot
193,19,121/000079,0.65,orden_dia,A,79,8,Votación conjunta de las enmiendas a la totalidad de devolución al Proyecto de Ley Orgánica de medidas excepcionales de 
193,20,430/000010,0.90,orden_dia,,,8,Acuerdo del Gobierno por el que se fijan los objetivos de estabilidad presupuestaria y de deuda pública para el conjunto
195,1,130/000051,1.00,orden_dia,,,25,"Real Decreto-ley 20/2026, de 29 de julio, por el que se establecen medidas urgentes de protección laboral y social frent"
195,2,130/000051,0.73,orden_dia,,,25,"Tramitación como Proyecto de Ley por el procedimiento de urgencia del Real Decreto-ley 20/2026, de 29 de julio, por el q"
196,1,122/000072,1.00,orden_dia,B,84,13,Proposición de Ley sobre concesión de nacionalidad española a las y los saharauis nacidos bajo la administración español
196,2,122/000072,1.00,orden_dia,B,84,13,Proposición de Ley sobre concesión de nacionalidad española a las y los saharauis nacidos bajo la administración español
196,3,122/000072,0.80,orden_dia,B,84,13,Votación del dictamen de la Proposición de Ley sobre concesión de nacionalidad española a las y los saharauis nacidos ba
196,4,162/000833,0.81,orden_dia,D,578,13,"Proposición no de Ley del Grupo Parlamentario Popular en el Congreso, para una respuesta de Estado ante la crisis de seg"
196,5,162/000818,0.86,orden_dia,D,573,13,"Proposición no de Ley del Grupo Parlamentario Socialista, sobre la necesidad de transparencia."
196,6,173/000185,0.77,orden_dia,,,13,"Moción consecuencia de interpelación urgente del Grupo Parlamentario VOX, sobre la estrategia que seguirá el Gobierno pa"
196,7,173/000186,0.82,orden_dia,,,13,"Moción consecuencia de interpelación urgente del Grupo Parlamentario Popular en el Congreso, sobre la política en materi"
196,8,173/000186,0.82,orden_dia,,,13,"Moción consecuencia de interpelación urgente del Grupo Parlamentario Popular en el Congreso, sobre la política en materi"
196,9,173/000186,0.82,orden_dia,,,13,"Moción consecuencia de interpelación urgente del Grupo Parlamentario Popular en el Congreso, sobre la política en materi"
196,10,173/000186,0.82,orden_dia,,,13,"Moción consecuencia de interpelación urgente del Grupo Parlamentario Popular en el Congreso, sobre la política en materi"
196,11,173/000186,0.82,orden_dia,,,13,"Moción consecuencia de interpelación urgente del Grupo Parlamentario Popular en el Congreso, sobre la política en materi"
196,12,173/000186,0.82,orden_dia,,,13,"Moción consecuencia de interpelación urgente del Grupo Parlamentario Popular en el Congreso, sobre la política en materi"
196,13,173/000186,0.82,orden_dia,,,13,"Moción consecuencia de interpelación urgente del Grupo Parlamentario Popular en el Congreso, sobre la política en materi"
196,14,173/000186,0.82,orden_dia,,,13,"Moción consecuencia de interpelación urgente del Grupo Parlamentario Popular en el Congreso, sobre la política en materi"
196,15,122/000229,0.94,orden_dia,B,273,13,"Proposición de Ley del Grupo Parlamentario Popular en el Congreso, Orgánica de modificación de la Ley Orgánica 6/1985, d"
196,16,122/000297,0.91,orden_dia,B,352,13,"Proposición de Ley del Grupo Parlamentario Socialista, sobre el reconocimiento de la profesión de biólogo y trabajador s"
196,17,110/000078,1.00,orden_dia,A,245,13,"Acuerdo Internacional entre el Reino de España y la Organización de las Naciones Unidas para la Educación, la Ciencia y "
196,18,110/000079,1.00,orden_dia,A,246,13,Segundo Protocolo de Revisión del Convenio sobre cooperación para la protección y el aprovechamiento sostenible de las a
196,19,110/000080,1.00,orden_dia,A,247,13,Acuerdo entre el Reino de España y Australia para la protección mutua de información clasificada de interés para la defe
196,20,250/000008,1.00,orden_dia,A,261,13,Dictamen de la Comisión Mixta para las Relaciones con el Tribunal de Cuentas en relación con la Declaración sobre la Cue
196,21,158/000024,1.00,orden_dia,D,558,13,"Propuesta de la Comisión de Interior, de creación de una Subcomisión para la elaboración de un Estatuto jurídico básico "
197,1,122/000012,0.88,orden_dia,B,24,6,"Proposición de Ley del Grupo Parlamentario VOX, Orgánica de modificación de la Ley Orgánica 5/2005, de 17 de noviembre, "
197,2,122/000251,0.88,orden_dia,B,300,6,"Proposición de Ley del Grupo Parlamentario Plurinacional SUMAR, para la modificación de la Ley 12/2023, de 24 de mayo, p"
198,1,162/000830,0.97,orden_dia,D,578,34,"Proposición no de Ley del Grupo Parlamentario VOX, relativa al cumplimiento del Acuerdo entre el Reino de España y el Re"
198,2,162/000697,0.81,orden_dia,D,480,34,"Proposición no de Ley del Grupo Parlamentario Plurinacional SUMAR, contra las medidas de coerción de Estados Unidos cont"
198,3,173/000187,0.79,orden_dia,,,34,"Moción consecuencia de interpelación urgente del Grupo Parlamentario Mixto (Sra. Belarra Urteaga), relativa a los planes"
198,4,173/000187,0.79,orden_dia,,,34,"Moción consecuencia de interpelación urgente del Grupo Parlamentario Mixto (Sra. Belarra Urteaga), relativa a los planes"
198,5,173/000187,0.79,orden_dia,,,34,"Moción consecuencia de interpelación urgente del Grupo Parlamentario Mixto (Sra. Belarra Urteaga), relativa a los planes"
198,6,173/000187,0.79,orden_dia,,,34,"Moción consecuencia de interpelación urgente del Grupo Parlamentario Mixto (Sra. Belarra Urteaga), relativa a los planes"
198,7,173/000187,0.79,orden_dia,,,34,"Moción consecuencia de interpelación urgente del Grupo Parlamentario Mixto (Sra. Belarra Urteaga), relativa a los planes"
198,8,173/000187,0.79,orden_dia,,,34,"Moción consecuencia de interpelación urgente del Grupo Parlamentario Mixto (Sra. Belarra Urteaga), relativa a los planes"
198,9,173/000187,0.79,orden_dia,,,34,"Moción consecuencia de interpelación urgente del Grupo Parlamentario Mixto (Sra. Belarra Urteaga), relativa a los planes"
198,10,173/000188,0.86,orden_dia,,,34,"Moción consecuencia de interpelación urgente del Grupo Parlamentario VOX, sobre las medidas que va a adoptar el Gobierno"
198,11,173/000189,0.77,orden_dia,,,34,"Moción consecuencia de interpelación urgente del Grupo Parlamentario Popular en el Congreso, sobre la crisis que atravie"
198,12,173/000189,0.77,orden_dia,,,34,"Moción consecuencia de interpelación urgente del Grupo Parlamentario Popular en el Congreso, sobre la crisis que atravie"
198,13,173/000189,0.77,orden_dia,,,34,"Moción consecuencia de interpelación urgente del Grupo Parlamentario Popular en el Congreso, sobre la crisis que atravie"
198,14,173/000189,0.77,orden_dia,,,34,"Moción consecuencia de interpelación urgente del Grupo Parlamentario Popular en el Congreso, sobre la crisis que atravie"
198,15,173/000190,0.96,orden_dia,,,34,"Moción consecuencia de interpelación urgente del Grupo Parlamentario Mixto (Sr. Catalán Higueras), para que el Gobierno "
198,16,130/000052,1.00,orden_dia,,,34,"Real Decreto-ley 21/2026, de 25 de agosto, de transparencia e integridad de las actividades de los grupos de interés."
198,17,130/000053,1.00,orden_dia,,,34,"Real Decreto-ley 22/2026, de 1 de septiembre, por el que se aprueban medidas urgentes de carácter social y económico de "
198,18,130/000053,0.79,orden_dia,,,34,"Tramitación como Proyecto de Ley por el procedimiento de urgencia del Real Decreto-ley 22/2026, de 1 de septiembre, por "
198,19,121/000064,0.85,orden_dia,A,64,34,Proyecto de Ley por la que se modifican el Texto Refundido de la Ley General de derechos de las personas con discapacida
198,20,121/000064,0.94,orden_dia,A,64,34,Proyecto de Ley por la que se modifican el Texto Refundido de la Ley General de derechos de las personas con discapacida
198,21,121/000064,0.83,orden_dia,A,64,34,Proyecto de Ley por la que se modifican el Texto Refundido de la Ley General de derechos de las personas con discapacida
198,22,121/000064,0.91,orden_dia,A,64,34,Proyecto de Ley por la que se modifican el Texto Refundido de la Ley General de derechos de las personas con discapacida
198,23,121/000064,0.91,orden_dia,A,64,34,Proyecto de Ley por la que se modifican el Texto Refundido de la Ley General de derechos de las personas con discapacida
198,24,121/000064,0.91,orden_dia,A,64,34,Proyecto de Ley por la que se modifican el Texto Refundido de la Ley General de derechos de las personas con discapacida
198,25,121/000064,0.91,orden_dia,A,64,34,Proyecto de Ley por la que se modifican el Texto Refundido de la Ley General de derechos de las personas con discapacida
198,26,121/000064,0.86,orden_dia,A,64,34,Proyecto de Ley por la que se modifican el Texto Refundido de la Ley General de derechos de las personas con discapacida
198,27,121/000064,0.91,orden_dia,A,64,34,Proyecto de Ley por la que se modifican el Texto Refundido de la Ley General de derechos de las personas con discapacida
198,28,121/000064,0.91,orden_dia,A,64,34,Proyecto de Ley por la que se modifican el Texto Refundido de la Ley General de derechos de las personas con discapacida
198,29,121/000064,0.91,orden_dia,A,64,34,Proyecto de Ley por la que se modifican el Texto Refundido de la Ley General de derechos de las personas con discapacida
198,30,121/000064,0.97,orden_dia,A,64,34,Proyecto de Ley por la que se modifican el Texto Refundido de la Ley General de derechos de las personas con discapacida
198,31,121/000064,0.86,orden_dia,A,64,34,Proyecto de Ley por la que se modifican el Texto Refundido de la Ley General de derechos de las personas con discapacida
198,32,121/000064,0.91,orden_dia,A,64,34,Proyecto de Ley por la que se modifican el Texto Refundido de la Ley General de derechos de las personas con discapacida
198,33,121/000064,0.91,orden_dia,A,64,34,Proyecto de Ley por la que se modifican el Texto Refundido de la Ley General de derechos de las personas con discapacida
198,34,121/000064,0.91,orden_dia,A,64,34,Proyecto de Ley por la que se modifican el Texto Refundido de la Ley General de derechos de las personas con discapacida
198,35,121/000064,0.91,orden_dia,A,64,34,Proyecto de Ley por la que se modifican el Texto Refundido de la Ley General de derechos de las personas con discapacida
198,36,121/000064,0.86,orden_dia,A,64,34,Proyecto de Ley por la que se modifican el Texto Refundido de la Ley General de derechos de las personas con discapacida
198,37,121/000064,0.91,orden_dia,A,64,34,Proyecto de Ley por la que se modifican el Texto Refundido de la Ley General de derechos de las personas con discapacida
198,38,121/000064,0.91,orden_dia,A,64,34,Proyecto de Ley por la que se modifican el Texto Refundido de la Ley General de derechos de las personas con discapacida
198,39,121/000064,0.91,orden_dia,A,64,34,Proyecto de Ley por la que se modifican el Texto Refundido de la Ley General de derechos de las personas con discapacida
198,40,121/000064,0.86,orden_dia,A,64,34,Proyecto de Ley por la que se modifican el Texto Refundido de la Ley General de derechos de las personas con discapacida
198,41,121/000064,0.85,orden_dia,A,64,34,Proyecto de Ley por la que se modifican el Texto Refundido de la Ley General de derechos de las personas con discapacida
198,42,121/000064,0.86,orden_dia,A,64,34,Proyecto de Ley por la que se modifican el Texto Refundido de la Ley General de derechos de las personas con discapacida
198,43,121/000064,0.85,orden_dia,A,64,34,Proyecto de Ley por la que se modifican el Texto Refundido de la Ley General de derechos de las personas con discapacida
198,44,121/000064,0.85,orden_dia,A,64,34,Proyecto de Ley por la que se modifican el Texto Refundido de la Ley General de derechos de las personas con discapacida
198,45,121/000064,0.85,orden_dia,A,64,34,Proyecto de Ley por la que se modifican el Texto Refundido de la Ley General de derechos de las personas con discapacida
198,46,121/000064,0.86,orden_dia,A,64,34,Proyecto de Ley por la que se modifican el Texto Refundido de la Ley General de derechos de las personas con discapacida
198,47,121/000064,0.88,orden_dia,A,64,34,Proyecto de Ley por la que se modifican el Texto Refundido de la Ley General de derechos de las personas con discapacida
198,48,121/000064,0.88,orden_dia,A,64,34,Proyecto de Ley por la que se modifican el Texto Refundido de la Ley General de derechos de las personas con discapacida
198,49,121/000064,0.83,orden_dia,A,64,34,Proyecto de Ley por la que se modifican el Texto Refundido de la Ley General de derechos de las personas con discapacida
198,50,121/000064,1.00,orden_dia,A,64,34,Proyecto de Ley por la que se modifican el Texto Refundido de la Ley General de derechos de las personas con discapacida
198,51,121/000064,0.88,orden_dia,A,64,34,Proyecto de Ley por la que se modifican el Texto Refundido de la Ley General de derechos de las personas con discapacida
198,52,121/000064,0.83,orden_dia,A,64,34,Proyecto de Ley por la que se modifican el Texto Refundido de la Ley General de derechos de las personas con discapacida
198,53,121/000064,0.85,orden_dia,A,64,34,Proyecto de Ley por la que se modifican el Texto Refundido de la Ley General de derechos de las personas con discapacida
198,54,121/000064,0.83,orden_dia,A,64,34,Proyecto de Ley por la que se modifican el Texto Refundido de la Ley General de derechos de las personas con discapacida
198,55,121/000064,0.83,orden_dia,A,64,34,Proyecto de Ley por la que se modifican el Texto Refundido de la Ley General de derechos de las personas con discapacida
198,56,121/000064,0.85,orden_dia,A,64,34,Proyecto de Ley por la que se modifican el Texto Refundido de la Ley General de derechos de las personas con discapacida
198,57,121/000064,1.00,orden_dia,A,64,34,Proyecto de Ley por la que se modifican el Texto Refundido de la Ley General de derechos de las personas con discapacida
198,58,042/000043,1.00,orden_dia,,,34,Dictamen de la Comisión del Estatuto sobre declaración de actividades de Excmos. Sres. Diputados.
199,1,122/000247,0.95,orden_dia,B,297,6,"Proposición de Ley del Grupo Parlamentario Vasco (EAJ-PNV), de reforma de la Ley Orgánica 1/2025, de 2 de enero, de medi"
199,2,122/000105,0.83,orden_dia,B,117,6,"Proposición de Ley del Grupo Parlamentario Mixto, de jubilación sin penalización."
200,1,162/000822,0.60,orden_dia,D,578,27,"Proposición no de Ley del Grupo Parlamentario Vasco (EAJ-PNV), sobre la Variante sur Ferroviaria, mercancías por la Y va"
200,2,162/000260,0.77,orden_dia,D,166,27,"Proposición no de Ley del Grupo Parlamentario Mixto (Sra. Belarra Urteaga y Sra. Santana Perera), relativa a la aprobaci"
200,3,173/000191,0.88,orden_dia,,,27,"Moción consecuencia de interpelación urgente del Grupo Parlamentario Mixto (Sra. Valido García), sobre la reforma del Es"
200,4,173/000192,0.86,orden_dia,,,27,"Moción consecuencia de interpelación urgente del Grupo Parlamentario VOX, sobre las medidas que va a adoptar el Gobierno"
200,5,173/000193,0.82,orden_dia,,,27,"Moción consecuencia de interpelación urgente del Grupo Parlamentario Popular en el Congreso, sobre la nefasta política e"
200,6,173/000193,0.82,orden_dia,,,27,"Moción consecuencia de interpelación urgente del Grupo Parlamentario Popular en el Congreso, sobre la nefasta política e"
200,7,173/000193,0.82,orden_dia,,,27,"Moción consecuencia de interpelación urgente del Grupo Parlamentario Popular en el Congreso, sobre la nefasta política e"
200,8,173/000193,0.82,orden_dia,,,27,"Moción consecuencia de interpelación urgente del Grupo Parlamentario Popular en el Congreso, sobre la nefasta política e"
200,9,173/000193,0.82,orden_dia,,,27,"Moción consecuencia de interpelación urgente del Grupo Parlamentario Popular en el Congreso, sobre la nefasta política e"
200,10,130/000054,1.00,orden_dia,,,27,"Real Decreto-ley 23/2026, de 8 de septiembre, por el que se adoptan medidas fiscales y financieras urgentes que contribu"
200,11,130/000054,0.88,orden_dia,,,27,"Tramitación como Proyecto de Ley por el procedimiento de urgencia del Real Decreto-ley 23/2026, de 8 de septiembre, por "
201,1,122/000287,0.94,orden_dia,B,340,6,"Proposición de Ley del Grupo Parlamentario Popular en el Congreso, de modificación del artículo 307 de la Ley Orgánica 6"
201,2,122/000300,0.95,orden_dia,B,358,6,"Proposición de Ley del Grupo Parlamentario Socialista, por la que se modifica el Real Decreto Legislativo 6/2015, de 30 "
202,1,162/000814,0.93,orden_dia,D,569,40,"Proposición no de Ley del Grupo Parlamentario Popular en el Congreso, para garantizar la correcta implementación del Pac"
202,2,162/000769,0.93,orden_dia,D,518,40,"Proposición no de Ley del Grupo Parlamentario Socialista, para la puesta en marcha de un instrumento europeo excepcional"
202,3,173/000194,0.88,orden_dia,,,40,"Moción consecuencia de interpelación urgente del Grupo Parlamentario Mixto (Sra. Belarra Urteaga), relativa a las medida"
202,4,173/000194,0.88,orden_dia,,,40,"Moción consecuencia de interpelación urgente del Grupo Parlamentario Mixto (Sra. Belarra Urteaga), relativa a las medida"
202,5,173/000194,0.88,orden_dia,,,40,"Moción consecuencia de interpelación urgente del Grupo Parlamentario Mixto (Sra. Belarra Urteaga), relativa a las medida"
202,6,173/000195,0.80,orden_dia,,,40,"Moción consecuencia de interpelación urgente del Grupo Parlamentario VOX, sobre las medidas adoptadas en relación con la"
202,7,173/000196,0.81,orden_dia,,,40,"Moción consecuencia de interpelación urgente del Grupo Parlamentario Popular en el Congreso, sobre la gestión del Minist"
202,8,173/000196,0.81,orden_dia,,,40,"Moción consecuencia de interpelación urgente del Grupo Parlamentario Popular en el Congreso, sobre la gestión del Minist"
202,9,173/000196,0.81,orden_dia,,,40,"Moción consecuencia de interpelación urgente del Grupo Parlamentario Popular en el Congreso, sobre la gestión del Minist"
202,10,121/000106,0.64,orden_dia,,,40,Votación de la enmienda a la totalidad de devolución al Proyecto de Ley Orgánica de medidas en materia de violencia vica
202,11,110/000081,1.00,orden_dia,A,253,40,"Acuerdo entre el Reino de España y el Gobierno de Ucrania sobre cooperación técnica y financiera, hecho en Madrid el 18 "
202,12,110/000082,1.00,orden_dia,A,254,40,"Convenio por el que se establece una Comisión Internacional de Reclamaciones para Ucrania, hecho en La Haya el 16 de dic"
202,13,110/000083,1.00,orden_dia,A,260,40,Acuerdo entre el Reino de España y la República de Uzbekistán sobre exención recíproca de visados para titulares de pasa
202,14,110/000084,1.00,orden_dia,A,263,40,"Acuerdo sobre Transporte Aéreo entre el Reino de España y la República Federativa de Brasil, hecho en Barcelona el 17 de"
202,15,110/000085,1.00,orden_dia,A,264,40,"Protocolo Adicional a la Convención Iberoamericana de Derechos de los Jóvenes, hecho ad referendum en Cartagena de India"
202,16,110/000086,1.00,orden_dia,A,267,40,Acuerdo entre el Reino de España y el Reino de Arabia Saudí sobre exención recíproca de visados para titulares de pasapo
202,17,152/000008,1.00,orden_dia,D,479,40,Solicitud de prórroga por seis meses del plazo para la realización del Dictamen de la Comisión de Investigación de la in
202,18,154/000006,1.00,orden_dia,D,198,40,"Solicitud de la Comisión de Igualdad, de prórroga de seis meses del plazo para la conclusión de los trabajos de la Subco"
202,19,121/000092,0.75,orden_dia,A,93,40,Votación de las solicitudes de avocación por el Pleno de la Cámara de la deliberación y votación final del Proyecto de L
202,20,042/000044,1.00,orden_dia,,,40,Dictamen de la Comisión del Estatuto sobre declaración de actividades de Excmos. Sres. Diputados.
202,21,240/000002,1.00,orden_dia,,,40,Dictamen de la Comisión del Estatuto acerca del suplicatorio formulado en relación con un Sr. Diputado.
