fecha,sesion,num_votacion,expediente,tipo,punto,titulo,resumen,grupo_inicia,es_enmienda_totalidad,resultado,si_total,no_total,abs_total,PP_voto,PSOE_voto,Vox_voto,Sumar_voto,ERC_voto,Junts_voto,Bildu_voto,PNV_voto,MxSUMAR_voto,MxBNG_voto,MxCCa_voto,MxUPN_voto,MxVOX_voto
20230919,2,1,,otro,,,,,False,Aprobada,176,169,2,En contra,A favor,En contra,A favor,A favor,A favor,A favor,A favor,,A favor,A favor,En contra,
20230919,2,2,,otro,,,,,False,Aprobada,179,171,0,En contra,A favor,En contra,A favor,A favor,A favor,A favor,A favor,,A favor,A favor,En contra,
20230921,3,1,,otro,,,,,False,Rechazada,33,179,138,Abstención,En contra,A favor,En contra,En contra,En contra,En contra,En contra,,En contra,En contra,Abstención,
20230921,3,2,,otro,,,,,False,Aprobada,178,33,139,Abstención,A favor,En contra,A favor,A favor,A favor,A favor,A favor,,A favor,A favor,Abstención,
20230921,3,3,,otro,,,,,False,Rechazada,170,179,0,A favor,En contra,A favor,En contra,En contra,En contra,En contra,En contra,,En contra,En contra,A favor,
20230921,3,4,,otro,,,,,False,Aprobada,180,170,0,En contra,A favor,En contra,A favor,A favor,A favor,A favor,A favor,,A favor,A favor,En contra,
20231128,9,1,,otro,,,,,False,Aprobada,311,31,0,A favor,A favor,En contra,A favor,A favor,A favor,A favor,A favor,,A favor,A favor,A favor,
20231128,9,2,,otro,,,,,False,Aprobada,312,31,0,A favor,A favor,En contra,A favor,A favor,A favor,A favor,A favor,,A favor,A favor,A favor,
20231128,9,3,,otro,,,,,True,Rechazada,33,314,0,En contra,En contra,A favor,En contra,En contra,En contra,En contra,En contra,,En contra,En contra,En contra,
20231128,9,4,,otro,,,,,False,Aprobada,311,33,0,A favor,A favor,En contra,A favor,A favor,A favor,A favor,A favor,,A favor,A favor,A favor,
20231128,9,5,,otro,,,,,False,Aprobada,311,33,0,A favor,A favor,En contra,A favor,A favor,A favor,A favor,A favor,,A favor,A favor,A favor,
20231212,11,2,,proposicion_ley,,,,Vox,False,Rechazada,33,316,1,En contra,En contra,A favor,En contra,En contra,En contra,En contra,En contra,En contra,En contra,En contra,Abstención,
20231212,11,3,,PNL,,,,PP,False,Aprobada,260,52,38,A favor,A favor,Abstención,En contra,En contra,En contra,En contra,Abstención,En contra,En contra,A favor,A favor,
20231212,11,4,,PNL,,,,Vox,False,Rechazada,167,182,1,A favor,En contra,A favor,En contra,En contra,En contra,En contra,En contra,En contra,En contra,Abstención,A favor,
20231212,11,5,,otro,,,,,False,Aprobada,343,0,7,A favor,A favor,A favor,A favor,Abstención,A favor,A favor,A favor,A favor,A favor,A favor,A favor,
20231212,11,6,,otro,,,,,False,Aprobada,178,171,1,En contra,A favor,En contra,A favor,A favor,A favor,A favor,A favor,A favor,A favor,Abstención,En contra,
20231212,11,7,,otro,,,,,False,Aprobada,178,171,1,En contra,A favor,En contra,A favor,A favor,A favor,A favor,A favor,A favor,A favor,Abstención,En contra,
20231212,11,8,,otro,,,,,False,Aprobada,179,171,0,En contra,A favor,En contra,A favor,A favor,A favor,A favor,A favor,A favor,A favor,A favor,En contra,
20231219,13,1,,proposicion_ley,,,,Plurinacional SUMAR,False,Aprobada,177,169,0,En contra,A favor,En contra,A favor,A favor,A favor,A favor,A favor,A favor,A favor,A favor,En contra,
20231219,13,2,,proposicion_ley,,,,ERC,False,Aprobada,177,169,0,En contra,A favor,En contra,A favor,A favor,A favor,A favor,A favor,A favor,A favor,A favor,En contra,
20231219,13,3,,PNL,,,,PSOE,False,Aprobada,296,0,49,A favor,A favor,Abstención,A favor,A favor,Abstención,A favor,Abstención,Abstención,A favor,A favor,A favor,
20231219,13,4,,PNL,,,,Plurinacional SUMAR,False,Aprobada,301,7,33,A favor,A favor,Abstención,A favor,A favor,En contra,A favor,Dividido,A favor,A favor,A favor,A favor,
20231219,13,5,,mocion,,,,Mixto,False,Aprobada,187,1,158,A favor,Abstención,Abstención,A favor,A favor,A favor,A favor,Abstención,A favor,A favor,A favor,A favor,
20231219,13,6,,mocion,,,,Vox,False,Rechazada,169,177,0,A favor,En contra,A favor,En contra,En contra,En contra,En contra,En contra,En contra,En contra,En contra,A favor,
20231219,13,7,,mocion,Punto 1,,,PP,False,Rechazada,170,176,0,A favor,En contra,A favor,En contra,En contra,En contra,En contra,En contra,En contra,En contra,A favor,A favor,
20231219,13,8,,mocion,Punto 2,,,PP,False,Aprobada,290,56,0,A favor,A favor,A favor,En contra,En contra,En contra,En contra,En contra,En contra,En contra,A favor,A favor,
20231219,13,9,,mocion,Punto 3,,,PP,False,Rechazada,170,176,0,A favor,En contra,A favor,En contra,En contra,En contra,En contra,En contra,En contra,En contra,A favor,A favor,
20231219,13,10,,mocion,Punto 4,,,PP,False,Rechazada,170,176,0,A favor,En contra,A favor,En contra,En contra,En contra,En contra,En contra,En contra,En contra,A favor,A favor,
20231219,13,11,,mocion,Punto 5,,,PP,False,Rechazada,137,176,33,A favor,En contra,Abstención,En contra,En contra,En contra,En contra,En contra,En contra,En contra,A favor,A favor,
20231219,13,12,,mocion,Punto 6,,,PP,False,Rechazada,170,176,0,A favor,En contra,A favor,En contra,En contra,En contra,En contra,En contra,En contra,En contra,A favor,A favor,
20231219,13,13,,otro,,,,,False,Aprobada,341,2,3,A favor,A favor,A favor,A favor,A favor,A favor,A favor,A favor,A favor,Abstención,A favor,A favor,
20231219,13,14,,otro,,,,,False,Aprobada,313,0,33,A favor,A favor,Abstención,A favor,A favor,A favor,A favor,A favor,A favor,A favor,A favor,A favor,
20240110,15,1,,otro,,,,,False,Aprobada,172,171,0,En contra,A favor,En contra,A favor,A favor,Dividido,A favor,A favor,A favor,A favor,A favor,En contra,
20240110,15,2,,proyecto_ley,,,,Gobierno,False,Aprobada,205,0,138,Abstención,A favor,A favor,A favor,A favor,Dividido,A favor,A favor,A favor,A favor,A favor,Abstención,
20240110,15,3,,otro,,,,,False,Rechazada,167,176,0,En contra,A favor,En contra,A favor,A favor,Dividido,A favor,A favor,En contra,A favor,A favor,En contra,
20240110,15,4,,otro,,,,,False,Rechazada,171,171,0,En contra,A favor,En contra,A favor,A favor,Dividido,A favor,A favor,A favor,A favor,A favor,En contra,
20240110,15,5,,otro,,,,,False,Rechazada,171,171,0,En contra,A favor,En contra,A favor,A favor,Dividido,A favor,A favor,A favor,A favor,A favor,En contra,
20240110,15,6,,otro,,,,,False,Rechazada,171,171,0,En contra,A favor,En contra,A favor,A favor,Dividido,A favor,A favor,A favor,A favor,A favor,En contra,
20240110,15,7,,proposicion_ley,,,,,False,Rechazada,33,309,0,En contra,En contra,A favor,En contra,En contra,Dividido,En contra,En contra,En contra,En contra,En contra,En contra,
20240110,15,10,,proyecto_ley,,,,Gobierno,False,Aprobada,204,1,137,Abstención,A favor,A favor,A favor,A favor,Dividido,A favor,A favor,A favor,A favor,A favor,Abstención,
20240116,16,1,,otro,,,,,False,Aprobada,315,0,33,A favor,A favor,Abstención,A favor,A favor,A favor,A favor,A favor,A favor,A favor,Dividido,A favor,
20240116,16,2,,otro,,,,,False,Aprobada,310,33,5,A favor,A favor,En contra,A favor,A favor,A favor,A favor,Abstención,A favor,A favor,Dividido,A favor,
20240130,18,1,,proposicion_ley,,,,,False,Rechazada,7,305,38,En contra,En contra,En contra,Abstención,En contra,A favor,Abstención,Abstención,En contra,En contra,En contra,En contra,
20240130,18,2,,proposicion_ley,,,,,False,Rechazada,34,304,12,En contra,En contra,En contra,A favor,En contra,A favor,Abstención,Abstención,En contra,Abstención,En contra,En contra,
20240130,18,3,,proposicion_ley,,,,,False,Rechazada,48,293,9,En contra,En contra,En contra,A favor,A favor,A favor,A favor,Abstención,Abstención,A favor,En contra,En contra,
20240130,18,4,,proposicion_ley,,,,,False,Rechazada,12,305,33,En contra,En contra,En contra,Abstención,En contra,A favor,Abstención,A favor,En contra,En contra,En contra,En contra,
20240130,18,5,,proposicion_ley,,,,,False,Rechazada,39,297,14,En contra,En contra,En contra,A favor,Abstención,A favor,Abstención,A favor,En contra,Abstención,En contra,En contra,
20240130,18,6,,proposicion_ley,,,,,False,Rechazada,53,297,0,En contra,En contra,En contra,A favor,A favor,A favor,A favor,A favor,En contra,A favor,En contra,En contra,
20240130,18,7,,proposicion_ley,,,,,False,Rechazada,45,293,12,En contra,En contra,En contra,A favor,A favor,Abstención,A favor,Abstención,A favor,A favor,En contra,En contra,
20240130,18,8,,proposicion_ley,,,,,False,Rechazada,57,293,0,En contra,En contra,En contra,A favor,A favor,A favor,A favor,A favor,A favor,A favor,En contra,En contra,
20240130,18,9,,proposicion_ley,,,,,False,Aprobada,177,172,0,En contra,A favor,En contra,A favor,A favor,A favor,A favor,A favor,A favor,A favor,En contra,En contra,
20240206,19,1,,otro,,,,,False,Aprobada,310,0,33,A favor,A favor,Abstención,A favor,A favor,A favor,A favor,A favor,A favor,A favor,A favor,A favor,
20240206,19,2,,otro,,,,,False,Rechazada,170,175,0,A favor,En contra,A favor,En contra,En contra,En contra,En contra,En contra,En contra,En contra,En contra,A favor,
20240206,19,3,,PNL,,,,,False,Aprobada,171,3,169,A favor,Abstención,A favor,Abstención,Abstención,Abstención,Abstención,Abstención,En contra,A favor,Abstención,A favor,
20240206,19,4,,PNL,,,,,False,Aprobada,292,1,51,A favor,A favor,Abstención,A favor,Abstención,Abstención,A favor,Abstención,A favor,A favor,Abstención,A favor,
20240206,19,5,,mocion,,,,,False,Aprobada,174,170,0,En contra,A favor,En contra,A favor,A favor,A favor,A favor,A favor,A favor,A favor,A favor,En contra,
20240206,19,6,,mocion,,,,,False,Rechazada,33,174,137,Abstención,En contra,A favor,En contra,En contra,En contra,En contra,En contra,En contra,En contra,En contra,Abstención,
20240206,19,7,,mocion,,,,,False,Rechazada,137,174,33,A favor,En contra,Abstención,En contra,En contra,En contra,En contra,En contra,En contra,En contra,En contra,A favor,
20240220,21,1,,proposicion_ley,,,,Vox,False,Rechazada,33,313,0,En contra,En contra,A favor,En contra,En contra,En contra,En contra,En contra,En contra,En contra,En contra,En contra,
20240220,21,2,,proposicion_ley,,,,Plurinacional SUMAR,False,Aprobada,178,168,0,En contra,A favor,En contra,A favor,A favor,A favor,A favor,A favor,A favor,A favor,A favor,En contra,
20240222,23,1,140/000001,PNL,,,,Vox,False,Rechazada,169,175,0,A favor,En contra,A favor,En contra,En contra,En contra,En contra,En contra,En contra,En contra,En contra,A favor,
20240222,23,2,,PNL,,,,SUMAR,False,Aprobada,169,33,142,Abstención,A favor,En contra,A favor,A favor,Abstención,A favor,A favor,A favor,A favor,A favor,En contra,
20240222,23,3,,mocion,Punto 1,,,Vox,False,Rechazada,32,174,137,Abstención,En contra,A favor,En contra,En contra,En contra,En contra,En contra,En contra,En contra,En contra,Abstención,
20240222,23,4,,mocion,Punto 2,,,Vox,False,Rechazada,169,175,0,A favor,En contra,A favor,En contra,En contra,En contra,En contra,En contra,En contra,En contra,En contra,A favor,
20240222,23,5,,mocion,Punto 3,,,Vox,False,Rechazada,170,174,0,A favor,En contra,A favor,En contra,En contra,En contra,En contra,En contra,En contra,En contra,En contra,A favor,
20240222,23,6,,mocion,Punto 4,,,Vox,False,Rechazada,32,175,137,Abstención,En contra,A favor,En contra,En contra,En contra,En contra,En contra,En contra,En contra,En contra,Abstención,
20240222,23,7,,mocion,Punto 5,,,Vox,False,Rechazada,32,175,137,Abstención,En contra,A favor,En contra,En contra,En contra,En contra,En contra,En contra,En contra,En contra,Abstención,
20240222,23,8,,mocion,Punto 6,,,Vox,False,Rechazada,32,174,137,Abstención,En contra,A favor,En contra,En contra,En contra,En contra,En contra,En contra,En contra,En contra,Abstención,
20240222,23,9,,mocion,Punto 7,,,Vox,False,Rechazada,168,175,0,A favor,En contra,A favor,En contra,En contra,En contra,En contra,En contra,En contra,En contra,En contra,A favor,
20240222,23,10,,mocion,Punto 8,,,Vox,False,Rechazada,169,174,0,A favor,En contra,A favor,En contra,En contra,En contra,En contra,En contra,En contra,En contra,En contra,A favor,
20240222,23,11,,mocion,Punto 9,,,Vox,False,Rechazada,169,175,0,A favor,En contra,A favor,En contra,En contra,En contra,En contra,En contra,En contra,En contra,En contra,A favor,
20240222,23,12,,mocion,Punto 10,,,Vox,False,Rechazada,32,174,137,Abstención,En contra,A favor,En contra,En contra,En contra,En contra,En contra,En contra,En contra,En contra,Abstención,
20240222,23,13,,mocion,Punto 11,,,Vox,False,Rechazada,169,175,0,A favor,En contra,A favor,En contra,En contra,En contra,En contra,En contra,En contra,En contra,En contra,A favor,
20240222,23,14,,mocion,Punto 12,,,Vox,False,Rechazada,169,174,0,A favor,En contra,A favor,En contra,En contra,En contra,En contra,En contra,En contra,En contra,En contra,A favor,
20240222,23,15,,mocion,Punto 13,,,Vox,False,Rechazada,169,175,0,A favor,En contra,A favor,En contra,En contra,En contra,En contra,En contra,En contra,En contra,En contra,A favor,
20240222,23,16,,mocion,,,,PP,False,Rechazada,169,175,0,A favor,En contra,A favor,En contra,En contra,En contra,En contra,En contra,En contra,En contra,En contra,A favor,
20240222,23,17,,proyecto_ley,,,,Gobierno,True,Rechazada,32,310,0,En contra,En contra,A favor,En contra,En contra,En contra,En contra,En contra,En contra,En contra,En contra,En contra,
20240222,23,18,,proyecto_ley,,,,Gobierno,False,Aprobada,332,0,12,A favor,A favor,A favor,A favor,A favor,Abstención,Abstención,A favor,A favor,A favor,A favor,A favor,
20240227,24,1,,proposicion_ley,,,,PNV,False,Aprobada,176,169,0,En contra,A favor,En contra,A favor,A favor,A favor,A favor,A favor,A favor,A favor,A favor,En contra,
20240227,24,2,,proposicion_ley,,,,Vox,False,Rechazada,170,176,0,A favor,En contra,A favor,En contra,En contra,En contra,En contra,En contra,En contra,En contra,En contra,A favor,
20240229,26,1,,PNL,Punto 1,,,PNV,False,Rechazada,168,179,0,A favor,En contra,En contra,En contra,A favor,A favor,A favor,A favor,A favor,A favor,A favor,A favor,
20240229,26,2,,PNL,Punto 2,,,PNV,False,Rechazada,167,179,0,A favor,En contra,En contra,En contra,A favor,A favor,A favor,A favor,A favor,A favor,A favor,A favor,
20240229,26,3,,PNL,Punto 3,,,PNV,False,Rechazada,29,318,0,En contra,En contra,En contra,En contra,A favor,A favor,A favor,A favor,A favor,A favor,En contra,En contra,
20240229,26,4,,PNL,Punto 4,,,PNV,False,Rechazada,168,179,0,A favor,En contra,En contra,En contra,A favor,A favor,A favor,A favor,A favor,A favor,A favor,A favor,
20240229,26,5,,PNL,Punto 1,,,Mixto,False,Rechazada,37,310,0,En contra,En contra,En contra,A favor,En contra,En contra,A favor,En contra,A favor,A favor,En contra,En contra,
20240229,26,6,,PNL,Punto 2,,,Mixto,False,Rechazada,166,176,0,En contra,A favor,En contra,A favor,A favor,En contra,A favor,A favor,A favor,A favor,A favor,En contra,
20240229,26,7,,PNL,Punto 3,,,Mixto,False,Aprobada,312,33,1,A favor,A favor,En contra,A favor,A favor,A favor,A favor,A favor,A favor,A favor,A favor,A favor,
20240229,26,8,,PNL,Punto 4,,,Mixto,False,Rechazada,170,177,0,En contra,A favor,En contra,A favor,A favor,En contra,A favor,A favor,A favor,A favor,A favor,En contra,
20240229,26,9,,PNL,Punto 5,,,Mixto,False,Rechazada,169,178,0,En contra,A favor,En contra,A favor,A favor,En contra,A favor,A favor,A favor,A favor,A favor,En contra,
20240229,26,10,,PNL,Punto 6,,,Mixto,False,Rechazada,38,189,120,En contra,Abstención,En contra,A favor,En contra,En contra,A favor,En contra,A favor,A favor,En contra,En contra,
20240229,26,11,,PNL,Punto 7,,,Mixto,False,Rechazada,170,177,0,En contra,A favor,En contra,A favor,A favor,En contra,A favor,A favor,A favor,A favor,A favor,En contra,
20240229,26,12,,mocion,,,,Mixto,False,Rechazada,171,175,1,A favor,En contra,A favor,En contra,En contra,En contra,En contra,En contra,En contra,En contra,Abstención,A favor,
20240229,26,13,,mocion,,,,Junts,False,Aprobada,314,0,33,A favor,A favor,Abstención,A favor,A favor,A favor,A favor,A favor,A favor,A favor,A favor,A favor,
20240229,26,14,,mocion,,,,PP,False,Aprobada,171,165,11,A favor,En contra,A favor,En contra,En contra,Abstención,En contra,En contra,Abstención,En contra,Abstención,A favor,
20240229,26,15,,mocion,,,,Vox,False,Rechazada,171,175,0,A favor,En contra,A favor,En contra,En contra,En contra,En contra,En contra,En contra,En contra,En contra,A favor,
20240229,26,16,,otro,,,,,False,Aprobada,176,171,0,En contra,A favor,En contra,A favor,A favor,A favor,A favor,A favor,A favor,A favor,A favor,En contra,
20240229,26,17,,otro,,,,,False,Aprobada,176,171,0,En contra,A favor,En contra,A favor,A favor,A favor,A favor,A favor,A favor,A favor,A favor,En contra,
20240229,26,18,,convenio,,,,Gobierno,True,Rechazada,137,176,34,A favor,En contra,Abstención,En contra,En contra,En contra,En contra,En contra,En contra,En contra,En contra,Abstención,
20240229,26,19,,proyecto_ley,,,,Gobierno,False,Aprobada,346,0,0,A favor,A favor,A favor,A favor,A favor,A favor,A favor,A favor,A favor,A favor,A favor,A favor,
20240312,27,1,,proposicion_ley,,,,,False,Rechazada,169,174,1,A favor,En contra,A favor,En contra,En contra,En contra,En contra,En contra,En contra,En contra,Abstención,A favor,
20240312,27,2,,proposicion_ley,,,,PP,False,Aprobada,343,0,0,A favor,A favor,A favor,A favor,A favor,A favor,A favor,A favor,A favor,A favor,A favor,A favor,
20240314,29,1,,proyecto_ley,,,,Gobierno,False,Rechazada,1,290,55,En contra,En contra,Abstención,En contra,Abstención,Abstención,Abstención,En contra,En contra,Abstención,A favor,Abstención,
20240314,29,2,,proyecto_ley,,,,Gobierno,False,Rechazada,6,182,159,Abstención,En contra,En contra,En contra,Abstención,Abstención,Abstención,A favor,En contra,Abstención,A favor,Abstención,
20240314,29,3,,proyecto_ley,,,,Gobierno,False,Rechazada,1,319,28,En contra,En contra,En contra,En contra,Abstención,Abstención,Abstención,Abstención,En contra,Abstención,A favor,Abstención,
20240314,29,4,,proyecto_ley,,,,Gobierno,False,Rechazada,13,321,14,En contra,En contra,En contra,En contra,Abstención,A favor,Abstención,A favor,En contra,A favor,Abstención,En contra,
20240314,29,5,,proyecto_ley,,,,Gobierno,False,Rechazada,12,333,2,En contra,En contra,En contra,En contra,En contra,A favor,En contra,A favor,En contra,A favor,Abstención,En contra,
20240314,29,6,,proyecto_ley,,,,Gobierno,False,Aprobada,171,170,6,En contra,A favor,En contra,A favor,A favor,A favor,A favor,Abstención,A favor,A favor,Abstención,En contra,
20240314,29,7,,proyecto_ley,,,,Gobierno,False,Rechazada,21,320,6,En contra,En contra,En contra,En contra,A favor,A favor,A favor,Abstención,En contra,A favor,Abstención,En contra,
20240314,29,8,,proyecto_ley,,,,Gobierno,False,Rechazada,22,316,9,En contra,En contra,En contra,En contra,Abstención,A favor,A favor,A favor,A favor,Abstención,Abstención,En contra,
20240314,29,9,,proyecto_ley,,,,Gobierno,False,Rechazada,30,316,1,En contra,En contra,En contra,En contra,A favor,A favor,A favor,A favor,A favor,A favor,Abstención,En contra,
20240314,29,10,,proyecto_ley,,,,Gobierno,False,Rechazada,12,321,14,En contra,En contra,En contra,En contra,Abstención,A favor,Abstención,A favor,En contra,En contra,Abstención,En contra,
20240314,29,11,,proyecto_ley,,,,Gobierno,False,Rechazada,19,322,7,En contra,En contra,En contra,En contra,A favor,A favor,Abstención,A favor,En contra,En contra,Abstención,En contra,
20240314,29,12,,proyecto_ley,,,,Gobierno,False,Rechazada,158,183,7,A favor,En contra,En contra,En contra,A favor,A favor,Abstención,A favor,En contra,A favor,Abstención,A favor,
20240314,29,13,,proyecto_ley,,,,Gobierno,False,Rechazada,150,197,1,A favor,En contra,En contra,En contra,En contra,A favor,En contra,A favor,En contra,En contra,Abstención,A favor,
20240314,29,14,,proyecto_ley,,,,Gobierno,False,Aprobada,175,170,2,En contra,A favor,En contra,A favor,A favor,A favor,A favor,A favor,A favor,Abstención,Abstención,En contra,
20240314,29,15,,proyecto_ley,,,,Gobierno,False,Rechazada,18,320,9,En contra,En contra,En contra,En contra,Abstención,A favor,A favor,A favor,En contra,Abstención,Abstención,En contra,
20240314,29,16,,proyecto_ley,,,,Gobierno,False,Rechazada,26,321,1,En contra,En contra,En contra,En contra,A favor,A favor,A favor,A favor,En contra,A favor,Abstención,En contra,
20240314,29,17,,proyecto_ley,,,,Gobierno,False,Rechazada,167,180,1,A favor,En contra,En contra,En contra,A favor,A favor,A favor,A favor,A favor,A favor,Abstención,A favor,
20240314,29,18,,proyecto_ley,,,,Gobierno,False,Rechazada,25,317,6,En contra,En contra,En contra,En contra,A favor,A favor,A favor,Abstención,A favor,A favor,Abstención,En contra,
20240314,29,19,,proyecto_ley,,,,Gobierno,False,Rechazada,33,177,138,Abstención,En contra,A favor,En contra,En contra,En contra,En contra,En contra,En contra,En contra,Abstención,Abstención,
20240314,29,20,,proyecto_ley,,,,Gobierno,False,Rechazada,171,175,1,A favor,En contra,A favor,En contra,En contra,En contra,En contra,En contra,En contra,En contra,Abstención,A favor,
20240314,29,21,,proyecto_ley,,,,Gobierno,False,Rechazada,33,312,1,En contra,En contra,A favor,En contra,En contra,En contra,En contra,En contra,En contra,En contra,Abstención,En contra,
20240314,29,22,,proyecto_ley,,,,Gobierno,False,Rechazada,172,175,1,A favor,En contra,A favor,En contra,En contra,En contra,En contra,En contra,En contra,A favor,Abstención,A favor,
20240314,29,23,,proyecto_ley,,,,Gobierno,False,Rechazada,137,208,2,A favor,En contra,En contra,En contra,En contra,En contra,En contra,En contra,En contra,En contra,Abstención,Abstención,
20240314,29,24,,proyecto_ley,,,,Gobierno,False,Rechazada,151,196,1,A favor,En contra,En contra,En contra,A favor,En contra,A favor,En contra,En contra,En contra,Abstención,A favor,
20240314,29,25,,proyecto_ley,,,,Gobierno,False,Rechazada,150,193,2,A favor,En contra,En contra,En contra,A favor,En contra,A favor,En contra,En contra,Abstención,Abstención,A favor,
20240314,29,26,,proyecto_ley,,,,Gobierno,False,Rechazada,138,207,2,A favor,En contra,En contra,En contra,En contra,En contra,En contra,En contra,En contra,Abstención,Abstención,A favor,
20240314,29,27,,proyecto_ley,,,,Gobierno,False,Rechazada,141,170,35,A favor,En contra,Abstención,En contra,A favor,En contra,En contra,En contra,En contra,Abstención,Abstención,A favor,
20240314,29,28,,proyecto_ley,,,,Gobierno,False,Rechazada,138,209,1,A favor,En contra,En contra,En contra,En contra,En contra,En contra,En contra,En contra,A favor,Abstención,A favor,
20240314,29,29,,proyecto_ley,,,,Gobierno,False,Aprobada,314,1,33,A favor,A favor,Abstención,A favor,A favor,A favor,A favor,A favor,A favor,A favor,A favor,A favor,
20240314,29,30,,proyecto_ley,,,,Gobierno,False,Aprobada,313,1,33,A favor,A favor,Abstención,A favor,A favor,A favor,A favor,A favor,A favor,A favor,A favor,A favor,
20240314,29,31,,PNL,,,,PP,False,Aprobada,181,16,142,A favor,Abstención,A favor,Abstención,En contra,A favor,En contra,A favor,En contra,En contra,A favor,A favor,
20240314,29,32,,PNL,,,,PSOE,False,Aprobada,172,33,134,Abstención,A favor,En contra,A favor,A favor,A favor,A favor,A favor,A favor,A favor,A favor,Abstención,
20240314,29,33,,mocion,,,,Vox,False,Rechazada,170,173,0,A favor,En contra,A favor,En contra,En contra,En contra,En contra,En contra,En contra,En contra,En contra,A favor,
20240314,29,34,,mocion,Punto 1,,,Mixto,False,Rechazada,42,299,2,En contra,En contra,En contra,A favor,A favor,En contra,A favor,En contra,A favor,Abstención,Abstención,En contra,
20240314,29,35,,mocion,Punto 2,,,Mixto,False,Aprobada,162,143,38,En contra,A favor,Abstención,A favor,En contra,A favor,A favor,Abstención,A favor,A favor,A favor,En contra,
20240314,29,36,,mocion,Punto 3,,,Mixto,False,Rechazada,146,154,36,En contra,A favor,Abstención,A favor,En contra,En contra,Abstención,En contra,A favor,En contra,A favor,Dividido,
20240314,29,37,,mocion,Punto 4,,,Mixto,False,Aprobada,169,142,33,En contra,A favor,Abstención,A favor,A favor,A favor,A favor,A favor,A favor,Abstención,A favor,En contra,
20240314,29,38,,mocion,Punto 5,,,Mixto,False,Aprobada,44,13,286,Abstención,Abstención,Abstención,A favor,En contra,A favor,A favor,En contra,A favor,A favor,A favor,Abstención,
20240314,29,39,,mocion,Punto 6,,,Mixto,False,Rechazada,44,152,145,Abstención,En contra,En contra,A favor,Abstención,A favor,A favor,Abstención,A favor,A favor,A favor,En contra,
20240314,29,40,,mocion,Punto 7,,,Mixto,False,Aprobada,56,0,288,Abstención,Abstención,Abstención,A favor,A favor,A favor,A favor,A favor,A favor,A favor,A favor,Abstención,
20240314,29,41,,mocion,Punto 8,,,Mixto,False,Aprobada,160,152,32,En contra,A favor,Abstención,A favor,En contra,En contra,A favor,A favor,A favor,A favor,A favor,En contra,
20240314,29,42,,mocion,Punto 9,,,Mixto,False,Rechazada,44,292,8,En contra,En contra,En contra,A favor,A favor,Abstención,A favor,En contra,A favor,A favor,A favor,En contra,
20240314,29,43,,mocion,Punto 10,,,Mixto,False,Rechazada,57,170,118,En contra,Abstención,En contra,A favor,A favor,A favor,A favor,A favor,A favor,A favor,A favor,En contra,
20240314,29,44,,mocion,Punto 11,,,Mixto,False,Rechazada,46,253,45,En contra,En contra,Abstención,A favor,A favor,Abstención,A favor,Abstención,A favor,Abstención,A favor,En contra,
20240314,29,45,,mocion,Punto 12,,,Mixto,False,Rechazada,43,287,13,En contra,En contra,En contra,A favor,A favor,Abstención,A favor,Abstención,A favor,Abstención,A favor,En contra,
20240314,29,46,,mocion,Punto 13,,,Mixto,False,Rechazada,36,293,14,En contra,En contra,En contra,A favor,Abstención,En contra,A favor,Abstención,A favor,Abstención,Abstención,En contra,
20240314,29,47,,mocion,Punto 14,,,Mixto,False,Rechazada,32,275,38,En contra,En contra,Abstención,A favor,En contra,En contra,Abstención,En contra,A favor,En contra,A favor,En contra,
20240314,29,48,,mocion,Punto 15,,,Mixto,False,Rechazada,43,290,12,En contra,En contra,En contra,A favor,A favor,Abstención,A favor,Abstención,A favor,En contra,A favor,En contra,
20240314,29,49,,mocion,Punto 16,,,Mixto,False,Rechazada,162,176,7,En contra,A favor,En contra,A favor,A favor,Abstención,A favor,En contra,A favor,A favor,A favor,En contra,
20240314,29,50,,mocion,,,,PP,False,Aprobada,171,160,15,A favor,En contra,A favor,En contra,Abstención,Abstención,En contra,En contra,En contra,A favor,Abstención,A favor,
20240314,29,51,,proyecto_ley,,,,Gobierno,False,Aprobada,175,32,139,Abstención,A favor,En contra,A favor,A favor,A favor,A favor,A favor,A favor,Abstención,A favor,Abstención,
20240314,29,52,,proyecto_ley,,,,Gobierno,False,Aprobada,344,0,0,A favor,A favor,A favor,A favor,A favor,A favor,A favor,A favor,A favor,A favor,A favor,A favor,
20240314,30,1,,proposicion_ley,,,,,False,Aprobada,178,172,0,En contra,A favor,En contra,A favor,A favor,A favor,A favor,A favor,A favor,A favor,En contra,En contra,
20240319,31,1,,otro,,,,,False,Aprobada,174,169,0,En contra,A favor,En contra,A favor,A favor,A favor,A favor,A favor,A favor,A favor,A favor,En contra,
20240319,31,2,,proposicion_ley,,,,Junts,False,Aprobada,342,0,0,A favor,A favor,A favor,A favor,A favor,A favor,A favor,A favor,A favor,A favor,A favor,A favor,
20240321,33,1,,PNL,,,,PP,False,Aprobada,178,29,134,A favor,Abstención,A favor,En contra,Abstención,A favor,Abstención,A favor,En contra,Abstención,Abstención,A favor,
20240321,33,2,,PNL,,,,PSOE,False,Aprobada,285,0,56,A favor,A favor,Abstención,A favor,Abstención,Abstención,Abstención,Abstención,A favor,A favor,A favor,A favor,
20240321,33,3,,mocion,,,,ERC,False,Aprobada,311,33,0,A favor,A favor,En contra,A favor,A favor,A favor,A favor,A favor,A favor,A favor,A favor,A favor,
20240321,33,4,,mocion,,,,PP,False,Rechazada,169,173,1,A favor,En contra,A favor,En contra,En contra,En contra,En contra,En contra,En contra,Abstención,A favor,A favor,
20240321,33,5,,mocion,Punto 1,,,Vox,False,Rechazada,169,175,0,A favor,En contra,A favor,En contra,En contra,En contra,En contra,En contra,En contra,En contra,En contra,A favor,
20240321,33,6,,mocion,Punto 2,,,Vox,False,Rechazada,168,175,0,A favor,En contra,A favor,En contra,En contra,En contra,En contra,En contra,En contra,En contra,En contra,A favor,
20240321,33,7,,mocion,Punto 3,,,Vox,False,Rechazada,169,174,0,A favor,En contra,A favor,En contra,En contra,En contra,En contra,En contra,En contra,En contra,En contra,A favor,
20240321,33,8,,mocion,Punto 4,,,Vox,False,Rechazada,169,175,0,A favor,En contra,A favor,En contra,En contra,En contra,En contra,En contra,En contra,En contra,En contra,A favor,
20240321,33,9,,convenio,,,,Gobierno,False,Aprobada,175,0,169,Abstención,A favor,Abstención,A favor,A favor,A favor,A favor,A favor,A favor,A favor,A favor,Abstención,
20240321,33,10,,convenio,,,,Gobierno,False,Aprobada,330,0,13,A favor,A favor,A favor,A favor,Abstención,Abstención,A favor,A favor,A favor,Dividido,A favor,A favor,
20240321,33,11,,convenio,,,,Gobierno,False,Aprobada,302,0,40,A favor,A favor,Abstención,A favor,Abstención,A favor,A favor,A favor,A favor,Dividido,A favor,A favor,
20240321,33,12,,convenio,,,,Gobierno,False,Aprobada,300,33,7,A favor,A favor,En contra,A favor,Abstención,A favor,A favor,A favor,A favor,Dividido,A favor,A favor,
20240321,33,13,,convenio,,,,Gobierno,False,Aprobada,336,0,7,A favor,A favor,A favor,A favor,Abstención,A favor,A favor,A favor,A favor,Dividido,A favor,A favor,
20240321,33,14,,otro,,,,,False,Aprobada,175,33,136,Abstención,A favor,En contra,A favor,A favor,A favor,A favor,A favor,A favor,A favor,A favor,A favor,
20240321,33,15,,otro,,,,,False,Aprobada,343,0,0,A favor,A favor,A favor,A favor,A favor,A favor,A favor,A favor,A favor,A favor,A favor,A favor,
20240321,33,16,,proyecto_ley,,,,Gobierno,False,Aprobada,338,1,0,A favor,A favor,A favor,A favor,A favor,A favor,A favor,Dividido,A favor,A favor,A favor,A favor,
20240321,33,17,,proyecto_ley,,,,Gobierno,False,Aprobada,338,1,0,A favor,A favor,A favor,A favor,A favor,A favor,A favor,Dividido,A favor,A favor,A favor,A favor,
20240321,33,18,,proyecto_ley,,,,Gobierno,False,Aprobada,331,1,4,A favor,A favor,A favor,A favor,Abstención,A favor,A favor,Dividido,A favor,Dividido,A favor,A favor,
20240321,33,19,,otro,,,,,False,Aprobada,332,0,11,A favor,A favor,A favor,A favor,Abstención,A favor,A favor,A favor,A favor,Abstención,A favor,A favor,
20240409,34,1,,proposicion_ley,,,,,False,Aprobada,310,33,0,A favor,A favor,En contra,A favor,A favor,A favor,A favor,A favor,A favor,A favor,A favor,A favor,
20240409,34,2,,proposicion_ley,,,,Mixto,False,Rechazada,41,294,7,En contra,En contra,En contra,A favor,A favor,Abstención,A favor,En contra,A favor,A favor,En contra,En contra,
20240409,34,3,,PNL,Punto 1,,,Bildu,False,Rechazada,160,182,0,En contra,A favor,En contra,A favor,A favor,En contra,A favor,En contra,A favor,A favor,En contra,En contra,
20240409,34,4,,PNL,Punto 2,,,Bildu,False,Rechazada,40,303,0,En contra,En contra,En contra,A favor,A favor,En contra,A favor,En contra,A favor,A favor,En contra,En contra,
20240409,34,5,,PNL,Punto 2,,,Bildu,False,Rechazada,41,302,0,En contra,En contra,En contra,A favor,A favor,En contra,A favor,En contra,A favor,A favor,En contra,En contra,
20240409,34,6,,PNL,Punto 2,,,Bildu,False,Rechazada,41,302,0,En contra,En contra,En contra,A favor,A favor,En contra,A favor,En contra,A favor,A favor,En contra,En contra,
20240409,34,7,,PNL,Punto 2,,,Bildu,False,Rechazada,160,175,7,En contra,A favor,En contra,A favor,A favor,Abstención,A favor,En contra,A favor,A favor,En contra,En contra,
20240409,34,8,,PNL,Punto 2,,,Bildu,False,Rechazada,167,169,7,En contra,A favor,En contra,A favor,A favor,Abstención,A favor,A favor,A favor,A favor,A favor,Abstención,
20240409,34,9,,PNL,Punto 2,,,Bildu,False,Rechazada,53,289,1,En contra,En contra,En contra,A favor,A favor,A favor,A favor,A favor,A favor,A favor,Abstención,En contra,
20240409,34,10,,PNL,Punto 2,,,Bildu,False,Rechazada,160,170,13,En contra,A favor,En contra,A favor,A favor,Abstención,A favor,Abstención,A favor,A favor,Abstención,En contra,
20240409,34,11,,PNL,Punto 2,,,Bildu,False,Rechazada,160,169,13,En contra,A favor,En contra,A favor,A favor,Abstención,A favor,Abstención,A favor,A favor,Abstención,En contra,
20240409,34,12,,PNL,,,,PP,False,Aprobada,169,160,14,A favor,En contra,A favor,En contra,En contra,Abstención,En contra,Abstención,En contra,Abstención,En contra,A favor,
20240409,34,13,,mocion,,,,Vox,False,Rechazada,34,173,136,Abstención,En contra,A favor,En contra,En contra,En contra,En contra,En contra,En contra,En contra,En contra,En contra,
20240409,34,14,,mocion,Punto 1,,,PP,False,Rechazada,171,171,0,A favor,En contra,A favor,En contra,En contra,En contra,En contra,En contra,En contra,En contra,A favor,A favor,
20240409,34,15,,mocion,Punto 1,,,PP,False,Rechazada,171,172,0,A favor,En contra,A favor,En contra,En contra,En contra,En contra,En contra,En contra,En contra,A favor,A favor,
20240409,34,16,,mocion,Punto 2,,,PP,False,Rechazada,170,172,1,A favor,En contra,A favor,En contra,En contra,En contra,En contra,En contra,En contra,En contra,Abstención,A favor,
20240409,34,17,,mocion,Punto 3,,,PP,False,Rechazada,171,172,0,A favor,En contra,A favor,En contra,En contra,En contra,En contra,En contra,En contra,En contra,A favor,A favor,
20240409,34,18,,mocion,Punto 4,,,PP,False,Rechazada,170,172,1,A favor,En contra,A favor,En contra,En contra,En contra,En contra,En contra,En contra,En contra,Abstención,A favor,
20240409,34,19,,mocion,Punto 5,,,PP,False,Rechazada,170,172,0,A favor,En contra,A favor,En contra,En contra,En contra,En contra,En contra,En contra,En contra,A favor,A favor,
20240423,36,1,,proposicion_ley,,,,PSOE,False,Aprobada,343,0,0,A favor,A favor,A favor,A favor,A favor,A favor,A favor,A favor,A favor,A favor,A favor,Dividido,
20240423,36,2,,proposicion_ley,,,,PP,False,Aprobada,180,155,7,A favor,En contra,A favor,En contra,En contra,A favor,Abstención,A favor,En contra,En contra,Abstención,Dividido,
20240423,36,3,,PNL,,,,PSOE,False,Aprobada,167,32,142,Abstención,A favor,En contra,A favor,A favor,Abstención,A favor,A favor,A favor,A favor,A favor,Dividido,
20240423,36,4,,PNL,Punto 1,,,Vox,False,Rechazada,33,173,135,Abstención,En contra,A favor,En contra,En contra,En contra,En contra,En contra,En contra,En contra,En contra,Dividido,
20240423,36,5,,PNL,Punto 2,,,Vox,False,Rechazada,33,174,135,Abstención,En contra,A favor,En contra,En contra,En contra,En contra,En contra,En contra,En contra,En contra,Dividido,
20240423,36,6,,PNL,Punto 3,,,Vox,False,Rechazada,33,309,0,En contra,En contra,A favor,En contra,En contra,En contra,En contra,En contra,En contra,En contra,En contra,Dividido,
20240423,36,7,,PNL,Punto 4,,,Vox,False,Rechazada,33,310,0,En contra,En contra,A favor,En contra,En contra,En contra,En contra,En contra,En contra,En contra,En contra,Dividido,
20240423,36,8,,PNL,Punto 5,,,Vox,False,Rechazada,32,300,0,En contra,En contra,A favor,En contra,En contra,En contra,En contra,En contra,En contra,En contra,En contra,Dividido,
20240423,36,9,,PNL,Punto 6,,,Vox,False,Rechazada,33,310,0,En contra,En contra,A favor,En contra,En contra,En contra,En contra,En contra,En contra,En contra,En contra,Dividido,
20240423,36,10,,PNL,Punto 7,,,Vox,False,Rechazada,33,309,0,En contra,En contra,A favor,En contra,En contra,En contra,En contra,En contra,En contra,En contra,En contra,Dividido,
20240423,36,11,,PNL,Punto 8,,,Vox,False,Rechazada,33,174,136,Abstención,En contra,A favor,En contra,En contra,En contra,En contra,En contra,En contra,En contra,En contra,Dividido,
20240423,36,12,,PNL,Punto 9,,,Vox,False,Rechazada,33,174,136,Abstención,En contra,A favor,En contra,En contra,En contra,En contra,En contra,En contra,En contra,En contra,Dividido,
20240423,36,13,,PNL,Punto 10,,,Vox,False,Rechazada,33,309,0,En contra,En contra,A favor,En contra,En contra,En contra,En contra,En contra,En contra,En contra,En contra,Dividido,
20240423,36,14,,PNL,Punto 11,,,Vox,False,Rechazada,33,177,133,Abstención,En contra,A favor,En contra,En contra,En contra,En contra,En contra,En contra,En contra,En contra,Dividido,
20240423,36,15,,PNL,Punto 12,,,Vox,False,Rechazada,33,307,0,En contra,En contra,A favor,En contra,En contra,En contra,En contra,En contra,Dividido,En contra,En contra,Dividido,
20240423,36,16,,PNL,Punto 13,,,Vox,False,Rechazada,33,310,0,En contra,En contra,A favor,En contra,En contra,En contra,En contra,En contra,En contra,En contra,En contra,Dividido,
20240423,36,17,,PNL,Punto 14,,,Vox,False,Rechazada,33,310,0,En contra,En contra,A favor,En contra,En contra,En contra,En contra,En contra,En contra,En contra,En contra,Dividido,
20240423,36,18,,PNL,Punto 15,,,Vox,False,Rechazada,34,174,135,Abstención,En contra,A favor,En contra,En contra,En contra,En contra,En contra,En contra,En contra,En contra,Dividido,
20240423,36,19,,PNL,Punto 16,,,Vox,False,Rechazada,33,308,0,En contra,En contra,A favor,En contra,En contra,En contra,En contra,En contra,En contra,En contra,En contra,Dividido,
20240423,36,20,,PNL,Punto 17,,,Vox,False,Rechazada,33,309,0,En contra,En contra,A favor,En contra,En contra,En contra,En contra,En contra,En contra,En contra,En contra,Dividido,
20240423,36,21,,PNL,Punto 18,,,Vox,False,Rechazada,33,308,0,En contra,En contra,A favor,En contra,En contra,En contra,En contra,En contra,En contra,En contra,En contra,Dividido,
20240423,36,22,,PNL,Punto 19,,,Vox,False,Rechazada,33,309,0,En contra,En contra,A favor,En contra,En contra,En contra,En contra,En contra,Dividido,En contra,En contra,Dividido,
20240423,36,23,,mocion,,,,Mixto,False,Aprobada,310,0,33,A favor,A favor,Abstención,A favor,A favor,A favor,A favor,A favor,A favor,A favor,A favor,Dividido,
20240423,36,24,,mocion,,,,ERC,False,Rechazada,24,291,28,En contra,En contra,En contra,Abstención,A favor,A favor,A favor,Abstención,Dividido,A favor,En contra,Dividido,
20240423,36,25,,mocion,Punto 1,,,Vox,False,Rechazada,33,176,133,Abstención,En contra,A favor,En contra,En contra,En contra,En contra,En contra,En contra,En contra,En contra,Dividido,
20240423,36,26,,mocion,Punto 2,,,Vox,False,Rechazada,32,174,135,Abstención,En contra,A favor,En contra,En contra,En contra,En contra,En contra,En contra,En contra,En contra,Dividido,
20240423,36,27,,mocion,Punto 3,,,Vox,False,Rechazada,33,174,135,Abstención,En contra,A favor,En contra,En contra,En contra,En contra,En contra,En contra,En contra,En contra,Dividido,
20240423,36,28,,mocion,Punto 4,,,Vox,False,Rechazada,33,174,134,Abstención,En contra,A favor,En contra,En contra,En contra,En contra,En contra,En contra,En contra,En contra,Dividido,
20240423,36,29,,mocion,Punto 5,,,Vox,False,Rechazada,33,173,135,Abstención,En contra,A favor,En contra,En contra,En contra,En contra,En contra,En contra,En contra,En contra,Dividido,
20240423,36,30,,mocion,Punto 6,,,Vox,False,Rechazada,33,174,135,Abstención,En contra,A favor,En contra,En contra,En contra,En contra,En contra,En contra,En contra,En contra,Dividido,
20240423,36,31,,mocion,Punto 7,,,Vox,False,Rechazada,32,174,135,Abstención,En contra,A favor,En contra,En contra,En contra,En contra,En contra,En contra,En contra,En contra,Dividido,
20240423,36,32,,mocion,Punto 1,,,PP,False,Rechazada,168,173,1,A favor,En contra,A favor,En contra,En contra,En contra,En contra,En contra,En contra,En contra,Abstención,Dividido,
20240423,36,33,,mocion,Punto 2,,,PP,False,Rechazada,168,173,1,A favor,En contra,A favor,En contra,En contra,En contra,En contra,En contra,En contra,En contra,Abstención,Dividido,
20240423,36,34,,mocion,Punto 3,,,PP,False,Rechazada,168,173,1,A favor,En contra,A favor,En contra,En contra,En contra,En contra,En contra,En contra,En contra,Abstención,Dividido,
20240423,36,35,,mocion,Punto 4,,,PP,False,Rechazada,168,173,1,A favor,En contra,A favor,En contra,En contra,En contra,En contra,En contra,En contra,En contra,Abstención,Dividido,
20240423,36,36,,mocion,Punto 5,,,PP,False,Rechazada,168,173,1,A favor,En contra,A favor,En contra,En contra,En contra,En contra,En contra,En contra,En contra,Abstención,Dividido,
20240423,36,37,,mocion,Punto 6,,,PP,False,Rechazada,168,173,1,A favor,En contra,A favor,En contra,En contra,En contra,En contra,En contra,En contra,En contra,Abstención,Dividido,
20240423,36,38,,otro,,,,,False,Aprobada,306,35,0,A favor,A favor,En contra,A favor,A favor,A favor,A favor,A favor,A favor,A favor,A favor,Dividido,
20240521,38,1,,proposicion_ley,,,,ERC,False,Aprobada,175,0,167,Abstención,A favor,Abstención,A favor,A favor,A favor,A favor,A favor,A favor,A favor,A favor,Abstención,
20240521,38,2,,proposicion_ley,,,,PSOE,False,Rechazada,122,184,36,En contra,A favor,Abstención,En contra,En contra,En contra,En contra,En contra,Abstención,A favor,A favor,A favor,
20240523,40,1,,PNL,Punto 1,,,PP,False,Aprobada,186,153,5,A favor,En contra,A favor,En contra,A favor,En contra,A favor,Abstención,A favor,Abstención,A favor,A favor,
20240523,40,2,,PNL,Punto 2,,,PP,False,Rechazada,168,171,5,A favor,En contra,A favor,En contra,En contra,En contra,En contra,Abstención,En contra,En contra,Abstención,A favor,
20240523,40,3,,PNL,Punto 3,,,PP,False,Aprobada,173,166,5,A favor,En contra,A favor,En contra,En contra,En contra,En contra,Abstención,A favor,A favor,Abstención,A favor,
20240523,40,4,,PNL,,,,PSOE,False,Aprobada,175,167,0,En contra,A favor,En contra,A favor,A favor,A favor,A favor,A favor,A favor,A favor,A favor,En contra,
20240523,40,5,,mocion,Punto 1,,,PP,False,Aprobada,216,120,7,A favor,En contra,A favor,A favor,A favor,Abstención,A favor,A favor,A favor,A favor,A favor,Dividido,
20240523,40,6,,mocion,Punto 2,,,PP,False,Aprobada,169,149,21,A favor,En contra,A favor,En contra,Abstención,Abstención,Abstención,En contra,A favor,Abstención,A favor,A favor,
20240523,40,7,,mocion,Punto 3,,,PP,False,Aprobada,292,45,7,A favor,A favor,A favor,En contra,En contra,Abstención,En contra,A favor,En contra,En contra,A favor,A favor,
20240523,40,8,,mocion,Punto 4,,,PP,False,Aprobada,293,43,7,A favor,A favor,A favor,En contra,En contra,Abstención,En contra,A favor,En contra,En contra,A favor,A favor,
20240523,40,9,,mocion,Punto 5,,,PP,False,Aprobada,171,164,8,A favor,En contra,A favor,En contra,En contra,Abstención,En contra,A favor,En contra,En contra,Abstención,A favor,
20240523,40,10,,mocion,Punto 6,,,PP,False,Aprobada,293,51,0,A favor,A favor,A favor,En contra,En contra,En contra,En contra,A favor,En contra,En contra,A favor,A favor,
20240523,40,11,,mocion,Punto 7,,,PP,False,Rechazada,168,170,6,A favor,En contra,A favor,En contra,En contra,En contra,En contra,En contra,Abstención,Abstención,Abstención,A favor,
20240523,40,12,,mocion,Punto 8,,,PP,False,Aprobada,300,31,11,A favor,A favor,En contra,A favor,A favor,Abstención,A favor,A favor,Abstención,Abstención,A favor,A favor,
20240523,40,13,,mocion,Punto 1,,,Vox,False,Rechazada,32,311,0,En contra,En contra,A favor,En contra,En contra,En contra,En contra,En contra,En contra,En contra,En contra,En contra,
20240523,40,14,,mocion,Punto 2,,,Vox,False,Rechazada,32,310,0,En contra,En contra,A favor,En contra,En contra,En contra,En contra,En contra,En contra,En contra,En contra,En contra,
20240523,40,15,,mocion,Punto 3,,,Vox,False,Rechazada,32,310,0,En contra,En contra,A favor,En contra,En contra,En contra,En contra,En contra,En contra,En contra,En contra,En contra,
20240523,40,16,,mocion,Punto 4,,,Vox,False,Rechazada,32,312,0,En contra,En contra,A favor,En contra,En contra,En contra,En contra,En contra,En contra,En contra,En contra,En contra,
20240523,40,17,,mocion,Punto 5,,,Vox,False,Rechazada,32,312,0,En contra,En contra,A favor,En contra,En contra,En contra,En contra,En contra,En contra,En contra,En contra,En contra,
20240523,40,18,,mocion,Punto 6,,,Vox,False,Rechazada,32,311,0,En contra,En contra,A favor,En contra,En contra,En contra,En contra,En contra,En contra,En contra,En contra,En contra,
20240523,40,19,,mocion,Punto 7,,,Vox,False,Rechazada,168,176,0,A favor,En contra,A favor,En contra,En contra,En contra,En contra,En contra,En contra,En contra,En contra,A favor,
20240523,40,20,,mocion,Punto 8,,,Vox,False,Rechazada,32,177,135,Abstención,En contra,A favor,En contra,En contra,En contra,En contra,En contra,En contra,En contra,En contra,Abstención,
20240523,40,21,,mocion,Punto 9,,,Vox,False,Rechazada,167,177,0,A favor,En contra,A favor,En contra,En contra,En contra,En contra,En contra,En contra,En contra,En contra,A favor,
20240523,40,22,,mocion,Punto 10,,,Vox,False,Rechazada,32,311,0,En contra,En contra,A favor,En contra,En contra,En contra,En contra,En contra,En contra,En contra,En contra,En contra,
20240523,40,23,,mocion,Punto 11,,,Vox,False,Rechazada,32,310,0,En contra,En contra,A favor,En contra,En contra,En contra,En contra,En contra,En contra,En contra,En contra,Dividido,
20240523,40,24,,mocion,,,,Mixto,False,Rechazada,43,294,7,En contra,En contra,En contra,A favor,A favor,Abstención,A favor,En contra,A favor,A favor,En contra,En contra,
20240523,40,25,,otro,,,,,True,Rechazada,32,176,136,Abstención,En contra,A favor,En contra,En contra,En contra,En contra,En contra,En contra,En contra,En contra,Abstención,
20240523,40,26,,proyecto_ley,,,,Gobierno,False,Aprobada,308,0,36,A favor,A favor,Abstención,A favor,A favor,A favor,A favor,A favor,Abstención,A favor,A favor,A favor,
20240523,40,27,,proyecto_ley,,,,Gobierno,False,Aprobada,307,32,4,A favor,A favor,En contra,A favor,A favor,A favor,A favor,A favor,Abstención,A favor,A favor,A favor,
20240523,40,28,,proyecto_ley,,,,Gobierno,False,Aprobada,312,0,32,A favor,A favor,Abstención,A favor,A favor,A favor,A favor,A favor,A favor,A favor,A favor,A favor,
20240523,40,29,,proyecto_ley,,,,Gobierno,False,Rechazada,136,175,33,A favor,En contra,Abstención,En contra,En contra,En contra,En contra,En contra,En contra,Abstención,En contra,A favor,
20240523,40,30,,proyecto_ley,,,,Gobierno,False,Aprobada,292,51,0,A favor,A favor,A favor,En contra,En contra,En contra,En contra,En contra,A favor,En contra,A favor,A favor,
20240523,40,31,,proyecto_ley,,,,Gobierno,False,Aprobada,312,0,32,A favor,A favor,Abstención,A favor,A favor,A favor,A favor,A favor,A favor,A favor,A favor,A favor,
20240523,40,32,,proyecto_ley,,,,Gobierno,False,Aprobada,306,0,37,A favor,A favor,Abstención,A favor,A favor,A favor,A favor,A favor,Abstención,Abstención,A favor,A favor,
20240523,40,33,,proyecto_ley,,,,Gobierno,False,Rechazada,136,176,32,A favor,En contra,Abstención,En contra,En contra,En contra,En contra,En contra,En contra,En contra,En contra,A favor,
20240523,40,34,,proyecto_ley,,,,Gobierno,False,Rechazada,144,200,0,A favor,En contra,En contra,En contra,En contra,A favor,En contra,En contra,En contra,En contra,En contra,A favor,
20240523,40,35,,proyecto_ley,,,,Gobierno,False,Aprobada,311,33,0,A favor,A favor,En contra,A favor,A favor,A favor,A favor,A favor,A favor,En contra,A favor,A favor,
20240523,40,36,,proyecto_ley,,,,Gobierno,False,Aprobada,301,17,26,A favor,A favor,A favor,Abstención,En contra,A favor,En contra,En contra,A favor,En contra,A favor,A favor,
20240523,40,37,,proyecto_ley,,,,Gobierno,False,Rechazada,139,172,33,A favor,En contra,Abstención,En contra,En contra,En contra,A favor,En contra,En contra,En contra,Abstención,En contra,
20240523,40,38,,proyecto_ley,,,,Gobierno,False,Aprobada,310,32,1,A favor,A favor,En contra,A favor,A favor,A favor,A favor,A favor,A favor,Abstención,A favor,A favor,
20240523,40,39,,proyecto_ley,,,,Gobierno,False,Aprobada,307,0,37,A favor,A favor,Abstención,A favor,A favor,A favor,A favor,A favor,Abstención,Abstención,A favor,A favor,
20240523,40,40,,proyecto_ley,,,,Gobierno,False,Rechazada,140,170,34,A favor,En contra,Abstención,En contra,En contra,En contra,En contra,A favor,En contra,Abstención,Abstención,A favor,
20240523,40,41,,proyecto_ley,,,,Gobierno,False,Rechazada,136,175,33,A favor,En contra,Abstención,En contra,En contra,En contra,En contra,En contra,En contra,En contra,Abstención,A favor,
20240523,40,42,,proyecto_ley,,,,Gobierno,False,Rechazada,136,207,1,A favor,En contra,En contra,En contra,En contra,En contra,En contra,En contra,En contra,En contra,Abstención,A favor,
20240523,40,43,,proyecto_ley,,,,Gobierno,False,Aprobada,256,55,32,A favor,A favor,Abstención,En contra,En contra,En contra,En contra,En contra,En contra,En contra,A favor,A favor,
20240523,40,44,,proyecto_ley,,,,Gobierno,False,Rechazada,168,176,0,A favor,En contra,A favor,En contra,En contra,En contra,En contra,En contra,En contra,En contra,En contra,A favor,
20240523,40,45,,proyecto_ley,,,,Gobierno,False,Rechazada,168,176,0,A favor,En contra,A favor,En contra,En contra,En contra,En contra,En contra,En contra,En contra,En contra,A favor,
20240523,40,46,,proyecto_ley,,,,Gobierno,False,Aprobada,291,16,36,A favor,A favor,Abstención,A favor,En contra,A favor,En contra,En contra,Abstención,A favor,A favor,A favor,
20240523,40,47,,proyecto_ley,,,,Gobierno,False,Aprobada,339,0,5,A favor,A favor,A favor,A favor,A favor,A favor,A favor,A favor,Abstención,Abstención,A favor,A favor,
20240523,40,48,,proyecto_ley,,,,Gobierno,False,Aprobada,287,20,37,A favor,A favor,Abstención,A favor,En contra,En contra,En contra,Abstención,A favor,Abstención,A favor,A favor,
20240523,40,49,,proyecto_ley,,,,Gobierno,False,Rechazada,168,175,0,A favor,En contra,A favor,En contra,En contra,En contra,En contra,En contra,En contra,Dividido,En contra,A favor,
20240523,40,50,,proyecto_ley,,,,Gobierno,False,Aprobada,293,5,46,A favor,A favor,Abstención,A favor,Abstención,Abstención,A favor,En contra,A favor,En contra,A favor,A favor,
20240523,40,51,,proyecto_ley,,,,Gobierno,False,Aprobada,343,0,0,A favor,A favor,A favor,A favor,A favor,A favor,A favor,A favor,A favor,A favor,A favor,A favor,
20240523,40,52,,convenio,,,,Gobierno,False,Aprobada,291,0,52,A favor,A favor,Abstención,A favor,Abstención,Abstención,Abstención,A favor,A favor,Dividido,A favor,A favor,
20240523,40,53,,convenio,,,,Gobierno,False,Aprobada,319,17,7,A favor,A favor,A favor,A favor,En contra,Abstención,En contra,A favor,En contra,Dividido,A favor,A favor,
20240523,40,54,,convenio,,,,Gobierno,False,Aprobada,319,7,17,A favor,A favor,A favor,A favor,Abstención,En contra,Abstención,A favor,Abstención,Dividido,A favor,A favor,
20240523,40,55,,convenio,,,,Gobierno,False,Aprobada,291,32,20,A favor,A favor,En contra,A favor,Abstención,Abstención,Abstención,A favor,A favor,Dividido,A favor,A favor,
20240523,40,56,,convenio,,,,Gobierno,False,Aprobada,323,1,19,A favor,A favor,A favor,A favor,Abstención,Abstención,Abstención,A favor,A favor,Dividido,A favor,A favor,
20240523,40,57,,otro,,,,,False,Aprobada,291,7,46,A favor,A favor,Abstención,A favor,Abstención,En contra,Abstención,A favor,A favor,Abstención,A favor,A favor,
20240523,40,58,,otro,,,,,False,Aprobada,311,0,32,A favor,A favor,Abstención,A favor,A favor,A favor,A favor,A favor,A favor,A favor,A favor,A favor,
20240523,40,59,,proyecto_ley,,,,Gobierno,False,Aprobada,344,0,0,A favor,A favor,A favor,A favor,A favor,A favor,A favor,A favor,A favor,A favor,A favor,A favor,
20240523,40,60,,proyecto_ley,,,,Gobierno,False,Aprobada,344,0,0,A favor,A favor,A favor,A favor,A favor,A favor,A favor,A favor,A favor,A favor,A favor,A favor,
20240523,40,61,,proyecto_ley,,,,Gobierno,False,Aprobada,343,0,0,A favor,A favor,A favor,A favor,A favor,A favor,A favor,A favor,A favor,A favor,A favor,A favor,
20240528,41,1,,proposicion_ley,,,,PP,False,Aprobada,302,24,14,A favor,A favor,A favor,En contra,A favor,A favor,Abstención,Abstención,Abstención,A favor,A favor,A favor,
20240528,41,2,,proposicion_ley,,,,PSOE,False,Aprobada,340,0,0,A favor,A favor,A favor,A favor,A favor,A favor,A favor,A favor,A favor,A favor,A favor,A favor,
20240530,43,1,,PNL,Punto 1,,,ERC,False,Rechazada,51,293,0,En contra,En contra,En contra,A favor,A favor,A favor,A favor,Dividido,A favor,A favor,En contra,En contra,
20240530,43,2,,PNL,Punto 2,,,ERC,False,Rechazada,51,293,0,En contra,En contra,En contra,A favor,A favor,A favor,A favor,Dividido,A favor,A favor,En contra,En contra,
20240530,43,3,,PNL,Punto 3,,,ERC,False,Rechazada,50,293,0,En contra,En contra,En contra,A favor,A favor,A favor,A favor,Dividido,A favor,A favor,En contra,En contra,
20240530,43,4,,PNL,Punto 4,,,ERC,False,Rechazada,50,293,0,En contra,En contra,En contra,A favor,A favor,A favor,A favor,Dividido,A favor,A favor,En contra,En contra,
20240530,43,5,,PNL,Punto 5,,,ERC,False,Rechazada,51,293,0,En contra,En contra,En contra,A favor,A favor,A favor,A favor,Dividido,A favor,A favor,En contra,En contra,
20240530,43,6,,PNL,Punto 6,,,ERC,False,Aprobada,177,171,1,En contra,A favor,En contra,A favor,A favor,A favor,A favor,A favor,A favor,A favor,Abstención,En contra,
20240530,43,7,,PNL,Punto 7,,,ERC,False,Aprobada,193,34,121,A favor,Abstención,En contra,A favor,A favor,A favor,A favor,A favor,A favor,A favor,En contra,A favor,
20240530,43,8,,PNL,Punto 8,,,ERC,False,Rechazada,51,170,123,En contra,Abstención,En contra,A favor,A favor,A favor,A favor,Dividido,A favor,A favor,Abstención,En contra,
20240530,43,9,,PNL,Punto 9,,,ERC,False,Rechazada,51,293,0,En contra,En contra,En contra,A favor,A favor,A favor,A favor,Dividido,A favor,A favor,En contra,En contra,
20240530,43,10,,PNL,Punto 10,,,ERC,False,Rechazada,51,292,0,En contra,En contra,En contra,A favor,A favor,A favor,A favor,Dividido,A favor,A favor,En contra,En contra,
20240530,43,11,,PNL,Punto 11,,,ERC,False,Rechazada,51,292,0,En contra,En contra,En contra,A favor,A favor,A favor,A favor,Dividido,A favor,A favor,En contra,En contra,
20240530,43,12,,PNL,Punto 12,,,ERC,False,Aprobada,187,33,124,A favor,Abstención,En contra,A favor,A favor,A favor,A favor,Dividido,A favor,A favor,Abstención,Abstención,
20240530,43,13,,PNL,Punto 13,,,ERC,False,Aprobada,194,33,122,A favor,Abstención,En contra,A favor,A favor,A favor,A favor,A favor,A favor,A favor,Abstención,A favor,
20240530,43,14,,PNL,Punto 14,,,ERC,False,Aprobada,188,33,123,A favor,Abstención,En contra,A favor,A favor,A favor,A favor,Dividido,A favor,A favor,Abstención,Abstención,
20240530,43,15,,PNL,Punto 15,,,ERC,False,Rechazada,50,172,121,En contra,Abstención,En contra,A favor,A favor,A favor,A favor,Dividido,A favor,A favor,Abstención,En contra,
20240530,43,16,,PNL,Punto 16,,,ERC,False,Rechazada,51,293,0,En contra,En contra,En contra,A favor,A favor,A favor,A favor,Dividido,A favor,A favor,En contra,En contra,
20240530,43,17,,PNL,Punto 17,,,ERC,False,Rechazada,51,293,0,En contra,En contra,En contra,A favor,A favor,A favor,A favor,Dividido,A favor,A favor,En contra,En contra,
20240530,43,18,,PNL,Punto 18,,,ERC,False,Aprobada,188,33,122,A favor,Abstención,En contra,A favor,A favor,A favor,A favor,Dividido,A favor,A favor,Abstención,A favor,
20240530,43,19,,PNL,Punto 19,,,ERC,False,Rechazada,51,171,122,En contra,Abstención,En contra,A favor,A favor,A favor,A favor,Dividido,A favor,A favor,Abstención,En contra,
20240530,43,20,,PNL,Punto 20,,,ERC,False,Rechazada,57,170,121,En contra,Abstención,En contra,A favor,A favor,A favor,A favor,A favor,A favor,A favor,Abstención,En contra,
20240530,43,21,,PNL,,,,Plurinacional SUMAR,False,Rechazada,165,171,13,En contra,A favor,En contra,A favor,A favor,Abstención,A favor,Abstención,A favor,A favor,Abstención,En contra,
20240530,43,22,,mocion,Punto 1,,,PP,False,Aprobada,178,164,6,A favor,En contra,A favor,En contra,En contra,A favor,En contra,Abstención,En contra,En contra,Abstención,A favor,
20240530,43,23,,mocion,Punto 2,,,PP,False,Aprobada,303,7,39,A favor,A favor,Abstención,A favor,A favor,Abstención,En contra,A favor,A favor,A favor,A favor,A favor,
20240530,43,24,,mocion,Punto 3,,,PP,False,Aprobada,171,17,161,A favor,Abstención,A favor,Abstención,En contra,Abstención,En contra,Abstención,En contra,En contra,Abstención,A favor,
20240530,43,25,,mocion,Punto 4,,,PP,False,Aprobada,178,14,157,A favor,Abstención,A favor,Abstención,En contra,A favor,En contra,Abstención,Abstención,En contra,Abstención,A favor,
20240530,43,26,,mocion,Punto 1,,,,False,Rechazada,170,178,0,A favor,En contra,A favor,En contra,En contra,En contra,En contra,En contra,En contra,En contra,En contra,A favor,
20240530,43,27,,mocion,Punto 2,,,,False,Rechazada,33,175,139,Abstención,En contra,A favor,En contra,En contra,En contra,En contra,En contra,En contra,En contra,En contra,Abstención,
20240530,43,28,,mocion,Punto 3,,,,False,Rechazada,170,178,0,A favor,En contra,A favor,En contra,En contra,En contra,En contra,En contra,En contra,En contra,En contra,A favor,
20240530,43,29,,mocion,Punto 4,,,,False,Rechazada,33,177,138,Abstención,En contra,A favor,En contra,En contra,En contra,En contra,En contra,En contra,En contra,En contra,Abstención,
20240530,43,30,,mocion,Punto 5,,,,False,Rechazada,171,177,0,A favor,En contra,A favor,En contra,En contra,En contra,En contra,En contra,En contra,En contra,En contra,A favor,
20240530,43,31,,mocion,Punto 6,,,,False,Rechazada,171,178,0,A favor,En contra,A favor,En contra,En contra,En contra,En contra,En contra,En contra,En contra,En contra,A favor,
20240530,43,32,,mocion,Punto 7,,,,False,Rechazada,171,178,0,A favor,En contra,A favor,En contra,En contra,En contra,En contra,En contra,En contra,En contra,En contra,A favor,
20240530,43,33,,mocion,Punto 8,,,,False,Rechazada,171,178,0,A favor,En contra,A favor,En contra,En contra,En contra,En contra,En contra,En contra,En contra,En contra,A favor,
20240530,43,34,,mocion,Punto 9,,,,False,Rechazada,33,178,138,Abstención,En contra,A favor,En contra,En contra,En contra,En contra,En contra,En contra,En contra,En contra,Abstención,
20240530,43,35,,mocion,Punto 10,,,,False,Rechazada,33,178,138,Abstención,En contra,A favor,En contra,En contra,En contra,En contra,En contra,En contra,En contra,En contra,Abstención,
20240530,43,36,,mocion,Punto 11,,,,False,Rechazada,170,177,0,A favor,En contra,A favor,En contra,En contra,En contra,En contra,En contra,En contra,En contra,En contra,A favor,
20240611,44,1,,proposicion_ley,,,,,False,Aprobada,309,33,0,A favor,A favor,En contra,A favor,A favor,A favor,A favor,A favor,A favor,A favor,A favor,A favor,
20240611,44,2,,proposicion_ley,,,,PP,False,Aprobada,302,40,0,A favor,A favor,A favor,En contra,En contra,A favor,En contra,A favor,En contra,En contra,A favor,A favor,
20240613,46,1,,PNL,Punto 1,,,PP,False,Aprobada,177,0,168,A favor,Abstención,A favor,Abstención,Abstención,A favor,Abstención,Abstención,Abstención,Abstención,A favor,A favor,
20240613,46,2,,PNL,Punto 2,,,PP,False,Aprobada,174,20,151,A favor,Abstención,A favor,Abstención,En contra,En contra,En contra,Abstención,A favor,Abstención,A favor,A favor,
20240613,46,3,,PNL,Punto 3,,,PP,False,Aprobada,175,13,159,A favor,Abstención,A favor,Abstención,En contra,Abstención,En contra,Abstención,A favor,Abstención,A favor,A favor,
20240613,46,4,,PNL,Punto 4,,,PP,False,Aprobada,183,0,164,A favor,Abstención,A favor,Abstención,A favor,Abstención,Abstención,Abstención,A favor,A favor,A favor,A favor,
20240613,46,5,,PNL,Punto 5,,,PP,False,Aprobada,187,0,157,A favor,Abstención,A favor,Abstención,A favor,A favor,Abstención,Abstención,A favor,Abstención,A favor,A favor,
20240613,46,6,,PNL,Punto 6,,,PP,False,Aprobada,188,0,159,A favor,Abstención,A favor,Abstención,A favor,A favor,Abstención,Abstención,A favor,A favor,A favor,A favor,
20240613,46,7,,PNL,Punto 7,,,PP,False,Aprobada,175,20,152,A favor,Abstención,A favor,Abstención,En contra,En contra,En contra,Abstención,A favor,Abstención,A favor,A favor,
20240613,46,8,,PNL,Punto 8,,,PP,False,Aprobada,187,3,157,A favor,Abstención,A favor,Abstención,A favor,A favor,Abstención,Abstención,A favor,A favor,A favor,A favor,
20240613,46,9,,PNL,Punto 9,,,PP,False,Aprobada,182,0,165,A favor,Abstención,A favor,Abstención,Abstención,A favor,Abstención,Abstención,A favor,A favor,A favor,A favor,
20240613,46,10,,PNL,Punto 10,,,PP,False,Aprobada,158,32,157,A favor,Abstención,En contra,Abstención,A favor,A favor,Abstención,Abstención,A favor,A favor,A favor,A favor,
20240613,46,11,,PNL,Punto 11,,,PP,False,Aprobada,183,0,164,A favor,Abstención,A favor,Abstención,A favor,Abstención,Abstención,Abstención,A favor,A favor,A favor,A favor,
20240613,46,12,,PNL,Punto 12,,,PP,False,Aprobada,172,20,150,A favor,Abstención,A favor,Abstención,En contra,En contra,En contra,Abstención,A favor,Abstención,A favor,A favor,
20240613,46,13,,PNL,Punto 13,,,PP,False,Aprobada,176,13,157,A favor,Abstención,A favor,Abstención,En contra,Abstención,En contra,Abstención,A favor,A favor,A favor,A favor,
20240613,46,14,,PNL,Punto 14,,,PP,False,Aprobada,189,0,158,A favor,Abstención,A favor,Abstención,A favor,A favor,Abstención,Abstención,A favor,Abstención,A favor,A favor,
20240613,46,15,,PNL,Punto 15,,,PP,False,Aprobada,190,0,157,A favor,Abstención,A favor,Abstención,A favor,A favor,Abstención,Abstención,A favor,A favor,A favor,A favor,
20240613,46,16,,PNL,,,,PSOE,False,Aprobada,180,32,135,Abstención,A favor,En contra,A favor,A favor,A favor,A favor,A favor,A favor,A favor,A favor,A favor,
20240613,46,17,,mocion,,,,Mixto,False,Aprobada,181,32,132,A favor,Abstención,En contra,A favor,A favor,Abstención,A favor,Abstención,A favor,A favor,A favor,A favor,
20240613,46,18,,mocion,Punto 1,,,PP,False,Rechazada,144,170,32,A favor,En contra,Abstención,En contra,En contra,En contra,En contra,A favor,En contra,En contra,A favor,A favor,
20240613,46,19,,mocion,Punto 2,,,PP,False,Rechazada,168,172,6,A favor,En contra,A favor,En contra,En contra,En contra,En contra,Abstención,En contra,En contra,Abstención,Dividido,
20240613,46,20,,mocion,,,,Vox,False,Rechazada,33,177,137,Abstención,En contra,A favor,En contra,En contra,En contra,En contra,En contra,En contra,En contra,En contra,Abstención,
20240613,46,21,,proposicion_ley,,,,,True,Rechazada,33,315,0,En contra,En contra,A favor,En contra,En contra,En contra,En contra,En contra,En contra,En contra,En contra,En contra,
20240613,46,22,,proyecto_ley,,,,Gobierno,False,Rechazada,33,314,0,En contra,En contra,A favor,En contra,En contra,En contra,En contra,En contra,En contra,En contra,En contra,En contra,
20240613,46,23,,proyecto_ley,,,,Gobierno,False,Aprobada,347,0,0,A favor,A favor,A favor,A favor,A favor,A favor,A favor,A favor,A favor,A favor,A favor,A favor,
20240613,46,24,,otro,,,,,False,Aprobada,347,0,1,A favor,A favor,A favor,A favor,A favor,A favor,A favor,A favor,A favor,A favor,A favor,A favor,
20240613,46,25,,proyecto_ley,,,,Gobierno,False,Aprobada,342,0,1,A favor,A favor,A favor,A favor,A favor,A favor,A favor,Dividido,A favor,A favor,A favor,A favor,
20240618,47,1,,proposicion_ley,,,,PSOE,False,Aprobada,300,14,29,A favor,A favor,A favor,Abstención,En contra,A favor,En contra,A favor,Abstención,En contra,A favor,A favor,
20240618,47,2,,proposicion_ley,,,,PP,False,Rechazada,168,170,5,A favor,En contra,A favor,En contra,En contra,En contra,En contra,Abstención,En contra,En contra,Abstención,A favor,
20240620,49,1,,PNL,Punto 1,,,PP,False,Aprobada,215,121,13,A favor,En contra,A favor,A favor,Abstención,A favor,Abstención,A favor,A favor,A favor,A favor,A favor,
20240620,49,2,,PNL,Punto 2,,,PP,False,Aprobada,228,121,0,A favor,En contra,A favor,A favor,A favor,A favor,A favor,A favor,A favor,A favor,A favor,A favor,
20240620,49,3,,PNL,Punto 3,,,PP,False,Aprobada,200,129,19,A favor,En contra,A favor,A favor,Abstención,En contra,Abstención,Abstención,A favor,Abstención,En contra,A favor,
20240620,49,4,,PNL,Punto 4,,,PP,False,Aprobada,181,146,21,A favor,En contra,A favor,En contra,Abstención,Abstención,Abstención,A favor,A favor,Abstención,A favor,A favor,
20240620,49,5,,PNL,Punto 5,,,PP,False,Aprobada,175,121,52,A favor,En contra,Abstención,A favor,Abstención,A favor,Abstención,Abstención,A favor,Abstención,A favor,A favor,
20240620,49,6,,PNL,Punto 6,,,PP,False,Aprobada,228,121,0,A favor,En contra,A favor,A favor,A favor,A favor,A favor,A favor,A favor,A favor,A favor,A favor,
20240620,49,7,,PNL,Punto 7,,,PP,False,Aprobada,228,121,0,A favor,En contra,A favor,A favor,A favor,A favor,A favor,A favor,A favor,A favor,A favor,A favor,
20240620,49,8,,PNL,,,,PSOE,False,Aprobada,177,33,138,Abstención,A favor,En contra,A favor,A favor,A favor,A favor,A favor,A favor,A favor,A favor,Abstención,
20240620,49,9,,mocion,Punto 1,,,Vox,False,Rechazada,33,316,0,En contra,En contra,A favor,En contra,En contra,En contra,En contra,En contra,En contra,En contra,En contra,En contra,
20240620,49,10,,mocion,Punto 2,,,Vox,False,Rechazada,32,317,0,En contra,En contra,A favor,En contra,En contra,En contra,En contra,En contra,En contra,En contra,En contra,En contra,
20240620,49,11,,mocion,Punto 3,,,Vox,False,Rechazada,33,176,138,Abstención,En contra,A favor,En contra,En contra,En contra,En contra,En contra,En contra,En contra,En contra,Abstención,
20240620,49,12,,mocion,Punto 4,,,Vox,False,Rechazada,171,178,0,A favor,En contra,A favor,En contra,En contra,En contra,En contra,En contra,En contra,En contra,En contra,A favor,
20240620,49,13,,mocion,Punto 5,,,Vox,False,Rechazada,171,178,0,A favor,En contra,A favor,En contra,En contra,En contra,En contra,En contra,En contra,En contra,En contra,A favor,
20240620,49,14,,mocion,Punto 1,,,Mixto,False,Rechazada,51,293,5,En contra,En contra,En contra,A favor,A favor,A favor,A favor,Abstención,A favor,A favor,A favor,En contra,
20240620,49,15,,mocion,Punto 2,,,Mixto,False,Rechazada,30,297,21,En contra,En contra,En contra,A favor,Abstención,Abstención,Abstención,En contra,A favor,Abstención,En contra,En contra,
20240620,49,16,,mocion,Punto 3,,,Mixto,False,Rechazada,43,298,8,En contra,En contra,En contra,A favor,A favor,Abstención,A favor,En contra,A favor,Abstención,En contra,En contra,
20240620,49,17,,mocion,Punto 4,,,Mixto,False,Rechazada,43,298,8,En contra,En contra,En contra,A favor,A favor,Abstención,A favor,En contra,A favor,Abstención,En contra,En contra,
20240620,49,18,,mocion,Punto 5,,,Mixto,False,Rechazada,26,322,0,En contra,En contra,En contra,En contra,A favor,A favor,A favor,En contra,A favor,A favor,A favor,En contra,
20240620,49,19,,otro,,,,,False,Aprobada,178,0,171,Abstención,A favor,Abstención,A favor,A favor,A favor,A favor,A favor,A favor,A favor,A favor,Abstención,
20240620,49,20,,proyecto_ley,,,,Gobierno,False,Aprobada,344,5,0,A favor,A favor,A favor,A favor,A favor,A favor,A favor,En contra,A favor,A favor,A favor,A favor,
20240620,49,21,,otro,,,,,False,Aprobada,316,0,33,A favor,A favor,Abstención,A favor,A favor,A favor,A favor,A favor,A favor,A favor,A favor,A favor,
20240620,49,22,,proyecto_ley,,,,Gobierno,False,Aprobada,331,5,13,A favor,A favor,A favor,A favor,Abstención,A favor,Abstención,En contra,A favor,A favor,A favor,A favor,
20240620,49,23,,proposicion_ley,,,,,True,Rechazada,32,317,0,En contra,En contra,A favor,En contra,En contra,En contra,En contra,En contra,En contra,En contra,En contra,En contra,
20240620,49,24,,proposicion_ley,,,,,True,Rechazada,33,315,0,En contra,En contra,A favor,En contra,En contra,En contra,En contra,En contra,En contra,En contra,En contra,En contra,
20240620,49,25,,proposicion_ley,,,,,True,Rechazada,33,316,0,En contra,En contra,A favor,En contra,En contra,En contra,En contra,En contra,En contra,En contra,En contra,En contra,
20240625,50,1,,proposicion_ley,,,,PP,False,Rechazada,167,173,0,A favor,En contra,A favor,En contra,En contra,En contra,En contra,En contra,En contra,Dividido,En contra,A favor,
20240625,50,2,,proposicion_ley,,,,Vox,False,Rechazada,167,173,0,A favor,En contra,A favor,En contra,En contra,En contra,En contra,En contra,En contra,Dividido,En contra,A favor,
20240627,52,1,,proyecto_ley,,,,Gobierno,False,Rechazada,24,322,1,En contra,En contra,En contra,En contra,A favor,A favor,A favor,En contra,A favor,Abstención,En contra,En contra,
20240627,52,2,,proyecto_ley,,,,Gobierno,False,Rechazada,29,318,0,En contra,En contra,En contra,En contra,A favor,A favor,A favor,A favor,A favor,A favor,En contra,En contra,
20240627,52,3,,proyecto_ley,,,,Gobierno,False,Rechazada,25,296,26,En contra,En contra,En contra,Abstención,A favor,A favor,A favor,A favor,En contra,A favor,En contra,En contra,
20240627,52,4,,proyecto_ley,,,,Gobierno,False,Rechazada,12,334,1,En contra,En contra,En contra,En contra,En contra,A favor,En contra,A favor,En contra,Abstención,En contra,En contra,
20240627,52,5,,proyecto_ley,,,,Gobierno,False,Rechazada,24,322,0,En contra,En contra,En contra,En contra,A favor,A favor,A favor,En contra,A favor,A favor,En contra,En contra,
20240627,52,6,,proyecto_ley,,,,Gobierno,False,Rechazada,46,300,0,En contra,En contra,En contra,A favor,A favor,A favor,A favor,En contra,En contra,A favor,En contra,En contra,
20240627,52,7,,proyecto_ley,,,,Gobierno,False,Rechazada,20,327,0,En contra,En contra,En contra,En contra,A favor,A favor,A favor,En contra,En contra,A favor,En contra,En contra,
20240627,52,8,,proyecto_ley,,,,Gobierno,False,Rechazada,17,318,12,En contra,En contra,En contra,En contra,A favor,Abstención,A favor,Abstención,A favor,A favor,En contra,En contra,
20240627,52,9,,proyecto_ley,,,,Gobierno,False,Rechazada,44,291,10,En contra,En contra,En contra,A favor,A favor,A favor,Abstención,Abstención,A favor,A favor,En contra,En contra,
20240627,52,10,,proyecto_ley,,,,Gobierno,False,Rechazada,138,208,0,A favor,En contra,En contra,En contra,En contra,En contra,En contra,En contra,En contra,En contra,En contra,A favor,
20240627,52,11,,proyecto_ley,,,,Gobierno,False,Rechazada,138,176,33,A favor,En contra,Abstención,En contra,En contra,En contra,En contra,En contra,En contra,En contra,En contra,A favor,
20240627,52,12,,proyecto_ley,,,,Gobierno,False,Rechazada,136,176,33,A favor,En contra,Abstención,En contra,En contra,En contra,En contra,En contra,En contra,En contra,En contra,A favor,
20240627,52,13,,proyecto_ley,,,,Gobierno,False,Rechazada,144,203,0,A favor,En contra,En contra,En contra,En contra,En contra,En contra,A favor,En contra,A favor,En contra,A favor,
20240627,52,14,,proyecto_ley,,,,Gobierno,False,Rechazada,171,175,0,A favor,En contra,A favor,En contra,En contra,En contra,En contra,En contra,En contra,En contra,En contra,A favor,
20240627,52,15,,proyecto_ley,,,,Gobierno,False,Aprobada,175,171,1,En contra,A favor,En contra,A favor,A favor,A favor,A favor,A favor,A favor,Abstención,A favor,En contra,
20240627,52,16,,proyecto_ley,,,,Gobierno,False,Rechazada,18,322,7,En contra,En contra,En contra,En contra,A favor,Abstención,A favor,En contra,A favor,A favor,A favor,En contra,
20240627,52,17,,proyecto_ley,,,,Gobierno,False,Rechazada,25,322,0,En contra,En contra,En contra,En contra,A favor,A favor,A favor,En contra,A favor,A favor,A favor,En contra,
20240627,52,18,,proyecto_ley,,,,Gobierno,False,Rechazada,18,327,0,En contra,En contra,En contra,En contra,A favor,En contra,A favor,En contra,A favor,A favor,A favor,En contra,
20240627,52,19,,proyecto_ley,,,,Gobierno,False,Rechazada,25,322,0,En contra,En contra,En contra,En contra,A favor,A favor,A favor,En contra,A favor,A favor,A favor,En contra,
20240627,52,20,,proyecto_ley,,,,Gobierno,False,Rechazada,17,324,6,En contra,En contra,En contra,En contra,A favor,En contra,A favor,Abstención,A favor,A favor,Abstención,En contra,
20240627,52,21,,proyecto_ley,,,,Gobierno,False,Rechazada,168,177,2,A favor,En contra,A favor,En contra,En contra,En contra,En contra,En contra,En contra,Abstención,Abstención,A favor,
20240627,52,22,,PNL,,,,Junts,False,Rechazada,25,293,27,En contra,En contra,En contra,Abstención,A favor,A favor,A favor,A favor,En contra,Dividido,Abstención,En contra,
20240627,52,23,,PNL,,,,PP,False,Aprobada,176,158,13,A favor,En contra,A favor,En contra,Abstención,En contra,En contra,A favor,Abstención,Abstención,Abstención,A favor,
20240627,52,24,,mocion,Punto 1,,,PP,False,Aprobada,182,44,121,A favor,Abstención,A favor,En contra,En contra,A favor,En contra,A favor,En contra,Abstención,A favor,A favor,
20240627,52,25,,mocion,Punto 2,,,PP,False,Rechazada,144,162,40,A favor,En contra,Abstención,En contra,En contra,A favor,En contra,Abstención,En contra,Abstención,Abstención,A favor,
20240627,52,26,,mocion,Punto 3,,,PP,False,Rechazada,138,176,33,A favor,En contra,Abstención,En contra,En contra,En contra,En contra,En contra,En contra,En contra,En contra,A favor,
20240627,52,27,,mocion,Punto 4,,,PP,False,Aprobada,184,42,119,A favor,Abstención,A favor,En contra,En contra,A favor,En contra,A favor,En contra,A favor,A favor,A favor,
20240627,52,28,,mocion,Punto 5,,,PP,False,Aprobada,176,36,134,A favor,Abstención,A favor,En contra,Abstención,Abstención,En contra,A favor,En contra,Abstención,A favor,A favor,
20240627,52,29,,mocion,Punto 1,,,PP,False,Aprobada,174,172,0,A favor,En contra,A favor,En contra,En contra,En contra,En contra,En contra,A favor,En contra,En contra,A favor,
20240627,52,30,,mocion,Punto 2,,,PP,False,Aprobada,181,166,0,A favor,En contra,A favor,En contra,En contra,En contra,En contra,A favor,A favor,En contra,A favor,A favor,
20240627,52,31,,mocion,Punto 3,,,PP,False,Aprobada,171,169,6,A favor,En contra,A favor,En contra,En contra,En contra,En contra,Abstención,En contra,A favor,Abstención,A favor,
20240627,52,32,,mocion,Punto 4,,,PP,False,Aprobada,170,163,13,A favor,En contra,A favor,En contra,En contra,Abstención,En contra,Abstención,En contra,Abstención,En contra,A favor,
20240627,52,33,,mocion,Punto 5,,,PP,False,Aprobada,176,170,2,A favor,En contra,A favor,En contra,En contra,En contra,En contra,A favor,En contra,Abstención,Abstención,A favor,
20240627,52,34,,mocion,Punto 6,,,PP,False,Rechazada,137,178,33,A favor,En contra,Abstención,En contra,En contra,En contra,En contra,En contra,En contra,En contra,En contra,A favor,
20240627,52,35,,mocion,Punto 7,,,PP,False,Aprobada,182,166,0,A favor,En contra,A favor,En contra,En contra,En contra,En contra,A favor,A favor,A favor,A favor,A favor,
20240627,52,36,,mocion,Punto 1,,,Vox,False,Rechazada,171,176,0,A favor,En contra,A favor,En contra,En contra,En contra,En contra,En contra,En contra,En contra,En contra,A favor,
20240627,52,37,,mocion,Punto 2,,,Vox,False,Rechazada,33,176,138,Abstención,En contra,A favor,En contra,En contra,En contra,En contra,En contra,En contra,En contra,En contra,Abstención,
20240627,52,38,,mocion,Punto 3,,,Vox,False,Rechazada,33,177,138,Abstención,En contra,A favor,En contra,En contra,En contra,En contra,En contra,En contra,En contra,En contra,Abstención,
20240627,52,39,,mocion,Punto 4,,,Vox,False,Rechazada,33,177,137,Abstención,En contra,A favor,En contra,En contra,En contra,En contra,En contra,En contra,En contra,En contra,Abstención,
20240627,52,40,,mocion,Punto 5,,,Vox,False,Rechazada,170,177,0,A favor,En contra,A favor,En contra,En contra,En contra,En contra,En contra,En contra,En contra,En contra,A favor,
20240627,52,41,,mocion,Punto 6,,,Vox,False,Rechazada,171,177,0,A favor,En contra,A favor,En contra,En contra,En contra,En contra,En contra,En contra,En contra,En contra,A favor,
20240627,52,42,,mocion,Punto 7,,,Vox,False,Rechazada,171,177,0,A favor,En contra,A favor,En contra,En contra,En contra,En contra,En contra,En contra,En contra,En contra,A favor,
20240627,52,43,,proyecto_ley,,,,Gobierno,False,Aprobada,177,171,0,En contra,A favor,En contra,A favor,A favor,A favor,A favor,A favor,A favor,A favor,A favor,En contra,
20240627,52,44,,proyecto_ley,,,,Gobierno,False,Aprobada,177,171,0,En contra,A favor,En contra,A favor,A favor,A favor,A favor,A favor,A favor,A favor,A favor,En contra,
20240627,52,45,,proyecto_ley,,,,Gobierno,False,Aprobada,178,137,33,En contra,A favor,Abstención,A favor,A favor,A favor,A favor,A favor,A favor,A favor,A favor,A favor,
20240627,52,46,,otro,,,,,False,Aprobada,339,1,7,A favor,A favor,A favor,A favor,A favor,A favor,Abstención,A favor,A favor,Abstención,A favor,A favor,
20240704,53,1,,proposicion_ley,,,,,False,Aprobada,258,43,33,A favor,A favor,En contra,Abstención,Dividido,En contra,Dividido,Abstención,En contra,Dividido,A favor,Abstención,
20240711,54,1,,proyecto_ley,,,,Gobierno,False,Rechazada,31,296,20,En contra,En contra,En contra,A favor,Abstención,Abstención,Abstención,En contra,A favor,A favor,En contra,En contra,
20240711,54,2,,proyecto_ley,,,,Gobierno,False,Rechazada,31,296,20,En contra,En contra,En contra,A favor,Abstención,Abstención,Abstención,En contra,A favor,A favor,En contra,En contra,
20240711,54,3,,proyecto_ley,,,,Gobierno,False,Rechazada,18,321,7,En contra,En contra,En contra,En contra,A favor,Abstención,A favor,En contra,A favor,A favor,En contra,En contra,
20240711,54,4,,proyecto_ley,,,,Gobierno,False,Rechazada,170,177,0,A favor,En contra,A favor,En contra,En contra,En contra,En contra,En contra,En contra,En contra,En contra,A favor,
20240711,54,5,,proyecto_ley,,,,Gobierno,False,Rechazada,32,177,138,Abstención,En contra,A favor,En contra,En contra,En contra,En contra,En contra,En contra,En contra,En contra,Abstención,
20240711,54,6,,proyecto_ley,,,,Gobierno,False,Rechazada,31,315,0,En contra,En contra,A favor,En contra,En contra,En contra,En contra,En contra,En contra,En contra,En contra,En contra,
20240711,54,7,,proyecto_ley,,,,Gobierno,False,Rechazada,170,177,0,A favor,En contra,A favor,En contra,En contra,En contra,En contra,En contra,En contra,En contra,En contra,A favor,
20240711,54,8,,proyecto_ley,,,,Gobierno,False,Aprobada,346,0,0,A favor,A favor,A favor,A favor,A favor,A favor,A favor,A favor,A favor,A favor,A favor,A favor,
20240711,54,9,,proyecto_ley,,,,Gobierno,False,Aprobada,178,0,170,Abstención,A favor,Abstención,A favor,A favor,A favor,A favor,A favor,A favor,A favor,A favor,Abstención,
20240711,54,10,,proyecto_ley,,,,Gobierno,False,Aprobada,178,0,170,Abstención,A favor,Abstención,A favor,A favor,A favor,A favor,A favor,A favor,A favor,A favor,Abstención,
20240711,54,11,,proyecto_ley,,,,Gobierno,True,Rechazada,170,178,0,A favor,En contra,A favor,En contra,En contra,En contra,En contra,En contra,En contra,En contra,En contra,A favor,
20240711,54,12,,proposicion_ley,,,,,False,Rechazada,4,297,33,En contra,En contra,En contra,Abstención,Dividido,Abstención,Dividido,En contra,A favor,Dividido,En contra,En contra,
20240711,54,13,,proposicion_ley,,,,,False,Rechazada,32,302,0,En contra,En contra,A favor,En contra,Dividido,En contra,Dividido,En contra,En contra,Dividido,En contra,En contra,
20240723,56,1,,proyecto_ley,,,,Gobierno,False,Rechazada,4,323,21,En contra,En contra,En contra,En contra,Abstención,Abstención,Abstención,En contra,A favor,Abstención,En contra,En contra,
20240723,56,2,,proyecto_ley,,,,Gobierno,False,Rechazada,4,335,7,En contra,En contra,En contra,En contra,En contra,Abstención,En contra,En contra,A favor,Abstención,En contra,En contra,
20240723,56,3,,proyecto_ley,,,,Gobierno,False,Rechazada,17,192,138,Abstención,En contra,En contra,En contra,A favor,En contra,A favor,En contra,A favor,Abstención,En contra,Abstención,
20240723,56,4,,proyecto_ley,,,,Gobierno,False,Rechazada,154,160,34,A favor,En contra,Abstención,En contra,A favor,En contra,A favor,En contra,A favor,Abstención,En contra,A favor,
20240723,56,5,,proyecto_ley,,,,Gobierno,False,Rechazada,18,161,169,Abstención,En contra,Abstención,En contra,A favor,En contra,A favor,En contra,A favor,A favor,En contra,En contra,
20240723,56,6,,proyecto_ley,,,,Gobierno,False,Rechazada,18,321,8,En contra,En contra,En contra,En contra,A favor,Abstención,A favor,En contra,A favor,A favor,En contra,En contra,
20240723,56,7,,proyecto_ley,,,,Gobierno,False,Rechazada,51,296,1,En contra,En contra,A favor,En contra,A favor,En contra,A favor,En contra,A favor,Abstención,A favor,En contra,
20240723,56,8,,proyecto_ley,,,,Gobierno,False,Rechazada,18,302,28,En contra,En contra,En contra,Abstención,A favor,En contra,A favor,En contra,A favor,Abstención,A favor,Abstención,
20240723,56,9,,proyecto_ley,,,,Gobierno,False,Rechazada,18,322,8,En contra,En contra,En contra,En contra,A favor,Abstención,A favor,En contra,A favor,Abstención,A favor,En contra,
20240723,56,10,,proyecto_ley,,,,Gobierno,False,Rechazada,156,192,0,A favor,En contra,En contra,En contra,A favor,En contra,A favor,En contra,A favor,A favor,En contra,A favor,
20240723,56,11,,proyecto_ley,,,,Gobierno,False,Rechazada,18,290,40,En contra,En contra,Abstención,En contra,A favor,Abstención,A favor,En contra,A favor,A favor,En contra,En contra,
20240723,56,12,,proyecto_ley,,,,Gobierno,False,Rechazada,44,167,137,Abstención,En contra,En contra,A favor,A favor,En contra,A favor,En contra,A favor,A favor,En contra,En contra,
20240723,56,13,,proyecto_ley,,,,Gobierno,False,Rechazada,149,159,40,A favor,En contra,Abstención,En contra,Abstención,En contra,A favor,En contra,A favor,A favor,En contra,A favor,
20240723,56,14,,proyecto_ley,,,,Gobierno,False,Rechazada,18,184,145,Abstención,En contra,En contra,En contra,A favor,Abstención,A favor,En contra,A favor,A favor,En contra,Abstención,
20240723,56,15,,proyecto_ley,,,,Gobierno,False,Rechazada,14,321,11,En contra,En contra,En contra,En contra,A favor,Abstención,A favor,En contra,Abstención,A favor,En contra,En contra,
20240723,56,16,,proyecto_ley,,,,Gobierno,False,Rechazada,21,284,42,En contra,En contra,Abstención,En contra,A favor,Abstención,A favor,A favor,A favor,Abstención,Abstención,En contra,
20240723,56,17,,proyecto_ley,,,,Gobierno,False,Rechazada,24,322,2,En contra,En contra,En contra,En contra,A favor,A favor,A favor,En contra,A favor,Abstención,Abstención,En contra,
20240723,56,18,,proyecto_ley,,,,Gobierno,False,Rechazada,25,296,27,En contra,En contra,En contra,Abstención,A favor,A favor,A favor,En contra,A favor,A favor,Abstención,En contra,
20240723,56,19,,proyecto_ley,,,,Gobierno,False,Rechazada,45,296,7,En contra,En contra,En contra,A favor,A favor,Abstención,A favor,En contra,A favor,A favor,Abstención,En contra,
20240723,56,20,,proyecto_ley,,,,Gobierno,False,Rechazada,33,313,0,En contra,En contra,A favor,En contra,En contra,En contra,En contra,En contra,En contra,En contra,En contra,En contra,
20240723,56,21,,proyecto_ley,,,,Gobierno,False,Rechazada,170,177,0,A favor,En contra,A favor,En contra,En contra,En contra,En contra,En contra,En contra,En contra,En contra,A favor,
20240723,56,22,,proyecto_ley,,,,Gobierno,False,Rechazada,138,202,8,A favor,En contra,En contra,En contra,Abstención,En contra,En contra,En contra,En contra,En contra,Abstención,A favor,
20240723,56,23,,proyecto_ley,,,,Gobierno,False,Rechazada,146,187,14,A favor,En contra,En contra,En contra,A favor,Abstención,Abstención,En contra,En contra,A favor,Abstención,A favor,
20240723,56,24,,proyecto_ley,,,,Gobierno,False,Rechazada,170,177,1,A favor,En contra,A favor,En contra,En contra,En contra,En contra,En contra,En contra,En contra,Abstención,A favor,
20240723,56,25,,proyecto_ley,,,,Gobierno,False,Rechazada,138,174,35,A favor,En contra,Abstención,En contra,En contra,En contra,En contra,En contra,En contra,Abstención,Abstención,A favor,
20240723,56,26,,proyecto_ley,,,,Gobierno,False,Rechazada,144,156,48,A favor,En contra,Abstención,En contra,A favor,Abstención,Abstención,En contra,En contra,Abstención,Abstención,A favor,
20240723,56,27,,proyecto_ley,,,,Gobierno,False,Rechazada,141,206,1,A favor,En contra,En contra,En contra,En contra,En contra,En contra,En contra,En contra,En contra,Abstención,A favor,
20240723,56,28,,proyecto_ley,,,,Gobierno,False,Rechazada,138,176,34,A favor,En contra,Abstención,En contra,En contra,En contra,En contra,En contra,En contra,En contra,Abstención,A favor,
20240723,56,29,,proyecto_ley,,,,Gobierno,False,Aprobada,347,0,0,A favor,A favor,A favor,A favor,A favor,A favor,A favor,A favor,A favor,A favor,A favor,A favor,
20240723,56,30,,proyecto_ley,,,,Gobierno,False,Aprobada,348,0,0,A favor,A favor,A favor,A favor,A favor,A favor,A favor,A favor,A favor,A favor,A favor,A favor,
20240723,56,31,,proyecto_ley,,,,Gobierno,False,Aprobada,348,0,0,A favor,A favor,A favor,A favor,A favor,A favor,A favor,A favor,A favor,A favor,A favor,A favor,
20240723,56,32,,proyecto_ley,,,,Gobierno,False,Aprobada,348,0,0,A favor,A favor,A favor,A favor,A favor,A favor,A favor,A favor,A favor,A favor,A favor,A favor,
20240723,56,33,,proyecto_ley,,,,Gobierno,False,Rechazada,17,330,1,En contra,En contra,En contra,En contra,A favor,En contra,A favor,En contra,A favor,Abstención,En contra,En contra,
20240723,56,34,,proyecto_ley,,,,Gobierno,False,Rechazada,10,305,33,En contra,En contra,En contra,Abstención,En contra,Abstención,A favor,En contra,A favor,Abstención,En contra,En contra,
20240723,56,35,,proyecto_ley,,,,Gobierno,False,Rechazada,17,187,144,Abstención,En contra,En contra,En contra,A favor,Abstención,A favor,En contra,A favor,Abstención,En contra,Abstención,
20240723,56,36,,proyecto_ley,,,,Gobierno,False,Rechazada,45,301,0,En contra,En contra,A favor,En contra,A favor,En contra,En contra,En contra,A favor,Dividido,A favor,En contra,
20240723,56,37,,proyecto_ley,,,,Gobierno,False,Rechazada,44,303,1,En contra,En contra,En contra,A favor,A favor,En contra,A favor,En contra,A favor,A favor,Abstención,En contra,
20240723,56,38,,proyecto_ley,,,,Gobierno,False,Rechazada,18,289,41,En contra,En contra,Abstención,En contra,A favor,Abstención,A favor,En contra,A favor,A favor,Abstención,En contra,
20240723,56,39,,proyecto_ley,,,,Gobierno,False,Rechazada,14,322,12,En contra,En contra,En contra,En contra,A favor,Abstención,A favor,En contra,Abstención,A favor,Abstención,En contra,
20240723,56,40,,proyecto_ley,,,,Gobierno,False,Rechazada,33,177,138,Abstención,En contra,A favor,En contra,En contra,En contra,En contra,En contra,En contra,En contra,En contra,Abstención,
20240723,56,41,,proyecto_ley,,,,Gobierno,False,Rechazada,33,314,0,En contra,En contra,A favor,En contra,En contra,En contra,En contra,En contra,En contra,En contra,En contra,En contra,
20240723,56,42,,proyecto_ley,,,,Gobierno,False,Rechazada,171,175,1,A favor,En contra,A favor,En contra,En contra,En contra,En contra,En contra,En contra,En contra,Abstención,A favor,
20240723,56,43,,proyecto_ley,,,,Gobierno,False,Rechazada,139,174,34,A favor,En contra,Abstención,En contra,En contra,En contra,En contra,En contra,En contra,En contra,Abstención,A favor,
20240723,56,44,,proyecto_ley,,,,Gobierno,False,Rechazada,138,175,35,A favor,En contra,Abstención,En contra,En contra,En contra,En contra,En contra,En contra,Abstención,Abstención,A favor,
20240723,56,45,,proyecto_ley,,,,Gobierno,False,Rechazada,138,209,1,A favor,En contra,En contra,En contra,En contra,En contra,En contra,En contra,En contra,En contra,Abstención,A favor,
20240723,56,46,,proyecto_ley,Punto 1,,,Gobierno,False,Aprobada,313,1,34,A favor,A favor,Abstención,A favor,A favor,A favor,A favor,A favor,A favor,Abstención,A favor,A favor,
20240723,56,47,,proyecto_ley,Punto 1,,,Gobierno,False,Aprobada,170,144,33,A favor,En contra,Abstención,A favor,En contra,En contra,A favor,En contra,En contra,En contra,En contra,A favor,
20240723,56,48,,proyecto_ley,,,,Gobierno,False,Rechazada,138,176,33,A favor,En contra,Abstención,En contra,En contra,En contra,En contra,En contra,En contra,En contra,En contra,A favor,
20240723,56,49,,proyecto_ley,,,,Gobierno,False,Rechazada,138,177,33,A favor,En contra,Abstención,En contra,En contra,En contra,En contra,En contra,En contra,En contra,En contra,A favor,
20240723,56,50,,proyecto_ley,,,,Gobierno,False,Rechazada,138,177,33,A favor,En contra,Abstención,En contra,En contra,En contra,En contra,En contra,En contra,En contra,En contra,A favor,
20240723,56,51,,proyecto_ley,Punto 1,,,Gobierno,False,Aprobada,344,3,0,A favor,A favor,A favor,A favor,A favor,A favor,A favor,A favor,A favor,En contra,A favor,A favor,
20240723,56,52,,proyecto_ley,,,,Gobierno,False,Aprobada,347,1,0,A favor,A favor,A favor,A favor,A favor,A favor,A favor,A favor,A favor,En contra,A favor,A favor,
20240723,56,53,,proyecto_ley,Punto 2,,,Gobierno,False,Rechazada,138,210,0,A favor,En contra,En contra,En contra,En contra,En contra,En contra,En contra,En contra,En contra,En contra,A favor,
20240723,56,54,,proyecto_ley,Punto 2,,,Gobierno,False,Rechazada,172,176,0,A favor,En contra,A favor,En contra,En contra,En contra,En contra,En contra,En contra,En contra,En contra,A favor,
20240723,56,55,,proyecto_ley,Punto 5,,,Gobierno,False,Rechazada,171,177,0,A favor,En contra,A favor,En contra,En contra,En contra,En contra,En contra,En contra,En contra,En contra,A favor,
20240723,56,56,,proyecto_ley,Punto 5,,,Gobierno,False,Rechazada,138,208,0,A favor,En contra,En contra,En contra,En contra,En contra,En contra,En contra,En contra,En contra,En contra,A favor,
20240723,56,57,,proyecto_ley,,,,Gobierno,False,Rechazada,138,210,0,A favor,En contra,En contra,En contra,En contra,En contra,En contra,En contra,En contra,En contra,En contra,A favor,
20240723,56,58,,proyecto_ley,,,,Gobierno,False,Rechazada,138,210,0,A favor,En contra,En contra,En contra,En contra,En contra,En contra,En contra,En contra,En contra,En contra,A favor,
20240723,56,59,,proyecto_ley,Punto 23,,,Gobierno,False,Aprobada,339,9,0,A favor,A favor,A favor,A favor,A favor,A favor,En contra,A favor,A favor,En contra,A favor,A favor,
20240723,56,60,,proyecto_ley,Punto 23,,,Gobierno,False,Aprobada,177,171,0,A favor,En contra,A favor,En contra,En contra,En contra,A favor,En contra,En contra,En contra,En contra,A favor,
20240723,56,61,,proyecto_ley,,,,Gobierno,False,Rechazada,139,175,33,A favor,En contra,Abstención,En contra,En contra,En contra,En contra,En contra,En contra,En contra,Dividido,A favor,
20240723,56,62,,proyecto_ley,,,,Gobierno,False,Rechazada,138,210,0,A favor,En contra,En contra,En contra,En contra,En contra,En contra,En contra,En contra,En contra,En contra,A favor,
20240723,56,63,,proposicion_ley,,,,,False,Rechazada,171,177,1,En contra,A favor,En contra,A favor,A favor,En contra,A favor,A favor,A favor,A favor,A favor,Abstención,
20240723,56,64,,proposicion_ley,,,,,False,Aprobada,258,44,32,A favor,A favor,En contra,Abstención,Dividido,En contra,Dividido,Abstención,En contra,Dividido,A favor,Abstención,
20240723,56,65,,proposicion_ley,,,,,False,Aprobada,259,43,32,A favor,A favor,En contra,Abstención,Dividido,En contra,Dividido,Abstención,En contra,Dividido,A favor,Abstención,
20240723,56,66,,proyecto_ley,,,,Gobierno,False,Aprobada,178,0,171,Abstención,A favor,Abstención,A favor,A favor,A favor,A favor,A favor,A favor,A favor,A favor,Abstención,
20240723,56,67,,proyecto_ley,,,,Gobierno,False,Aprobada,178,0,171,Abstención,A favor,Abstención,A favor,A favor,A favor,A favor,A favor,A favor,A favor,A favor,Abstención,
20240723,56,68,,proyecto_ley,,,,Gobierno,False,Aprobada,178,171,0,En contra,A favor,En contra,A favor,A favor,A favor,A favor,A favor,A favor,A favor,A favor,En contra,
20240723,56,69,,proyecto_ley,Punto 1,,,Gobierno,False,Aprobada,342,1,6,A favor,A favor,A favor,A favor,A favor,A favor,Abstención,A favor,A favor,En contra,A favor,A favor,
20240723,56,70,,proyecto_ley,,,,Gobierno,False,Rechazada,171,178,0,A favor,En contra,A favor,En contra,En contra,En contra,En contra,En contra,En contra,En contra,En contra,A favor,
20240723,56,71,,proyecto_ley,,,,Gobierno,False,Aprobada,316,0,33,A favor,A favor,Abstención,A favor,A favor,A favor,A favor,A favor,A favor,A favor,A favor,A favor,
20240723,56,72,,proyecto_ley,,,,Gobierno,False,Aprobada,349,0,0,A favor,A favor,A favor,A favor,A favor,A favor,A favor,A favor,A favor,A favor,A favor,A favor,
20240723,56,73,,proyecto_ley,,,,Gobierno,False,Rechazada,171,178,0,A favor,En contra,A favor,En contra,En contra,En contra,En contra,En contra,En contra,En contra,En contra,A favor,
20240723,56,74,,proyecto_ley,,,,Gobierno,False,Aprobada,316,0,33,A favor,A favor,Abstención,A favor,A favor,A favor,A favor,A favor,A favor,A favor,A favor,A favor,
20240723,56,75,,otro,,,,,False,Aprobada,178,33,138,Abstención,A favor,En contra,A favor,A favor,A favor,A favor,A favor,A favor,A favor,A favor,Abstención,
20240723,56,76,,proyecto_ley,,,,Gobierno,False,Aprobada,349,0,0,A favor,A favor,A favor,A favor,A favor,A favor,A favor,A favor,A favor,A favor,A favor,A favor,
20240723,56,77,,otro,,,,,False,Rechazada,171,178,0,En contra,A favor,En contra,A favor,A favor,En contra,A favor,A favor,A favor,A favor,A favor,En contra,
20240910,57,1,,proposicion_ley,,,,PP,False,Rechazada,170,177,1,A favor,En contra,A favor,En contra,En contra,En contra,En contra,En contra,En contra,En contra,En contra,A favor,
20240910,57,2,,proposicion_ley,,,,Vox,False,Rechazada,170,178,0,A favor,En contra,A favor,En contra,En contra,En contra,En contra,En contra,En contra,En contra,En contra,A favor,
20240910,57,3,,proyecto_ley,,,,Gobierno,False,Aprobada,179,169,0,En contra,A favor,En contra,A favor,A favor,A favor,A favor,A favor,A favor,A favor,A favor,A favor,
20240911,58,1,,PNL,,,,PP,False,Aprobada,177,164,1,A favor,En contra,A favor,En contra,En contra,Dividido,En contra,A favor,En contra,En contra,A favor,A favor,
20240911,58,2,,PNL,,,,PSOE,False,Aprobada,308,0,33,A favor,A favor,Abstención,A favor,A favor,Dividido,A favor,A favor,A favor,A favor,A favor,A favor,
20240911,58,3,,mocion,Punto 1,,,Vox,False,Rechazada,171,172,0,A favor,En contra,A favor,En contra,En contra,Dividido,En contra,En contra,En contra,En contra,En contra,A favor,
20240911,58,4,,mocion,Punto 2,,,Vox,False,Rechazada,33,170,139,Abstención,En contra,A favor,En contra,En contra,Dividido,En contra,En contra,En contra,En contra,En contra,Abstención,
20240911,58,5,,mocion,Punto 3,,,Vox,False,Rechazada,171,172,0,A favor,En contra,A favor,En contra,En contra,Dividido,En contra,En contra,En contra,En contra,En contra,A favor,
20240911,58,6,,mocion,Punto 4,,,Vox,False,Rechazada,33,172,137,Abstención,En contra,A favor,En contra,En contra,Dividido,En contra,En contra,En contra,En contra,En contra,Abstención,
20240911,58,7,,mocion,Punto 5,,,Vox,False,Rechazada,33,171,138,Abstención,En contra,A favor,En contra,En contra,Dividido,En contra,En contra,En contra,En contra,En contra,Abstención,
20240911,58,8,,mocion,Punto 6,,,Vox,False,Rechazada,170,172,0,A favor,En contra,A favor,En contra,En contra,Dividido,En contra,En contra,En contra,En contra,En contra,A favor,
20240911,58,9,,mocion,,,,PP,False,Rechazada,139,171,33,A favor,En contra,Abstención,En contra,En contra,Dividido,En contra,En contra,En contra,En contra,A favor,A favor,
20240911,58,10,,mocion,,,,ERC,False,Rechazada,167,171,5,En contra,A favor,En contra,A favor,A favor,Dividido,A favor,Abstención,A favor,A favor,A favor,En contra,
20240911,58,11,,otro,,,,,False,Aprobada,310,33,0,A favor,A favor,En contra,A favor,A favor,Dividido,A favor,A favor,A favor,A favor,A favor,A favor,
20240917,59,1,,proposicion_ley,,,,Plurinacional SUMAR,False,Rechazada,172,178,0,En contra,A favor,En contra,A favor,A favor,En contra,A favor,A favor,A favor,A favor,A favor,En contra,
20240917,59,2,,proposicion_ley,,,,Junts,False,Aprobada,304,38,8,A favor,A favor,A favor,En contra,Abstención,A favor,En contra,A favor,En contra,En contra,A favor,A favor,
20240917,59,3,,proyecto_ley,,,,Gobierno,False,Rechazada,57,291,2,En contra,En contra,En contra,A favor,A favor,A favor,A favor,A favor,A favor,A favor,Abstención,En contra,
20240918,60,1,,proyecto_ley,,,,Gobierno,False,Aprobada,346,0,0,A favor,A favor,A favor,A favor,A favor,A favor,A favor,A favor,A favor,A favor,A favor,A favor,
20240918,60,2,,proyecto_ley,,,,Gobierno,False,Aprobada,346,0,0,A favor,A favor,A favor,A favor,A favor,A favor,A favor,A favor,A favor,A favor,A favor,A favor,
20240918,60,3,,PNL,,,,Vox,False,Rechazada,168,178,0,A favor,En contra,A favor,En contra,En contra,En contra,En contra,En contra,En contra,En contra,En contra,En contra,
20240918,60,4,,PNL,,,,Plurinacional SUMAR,False,Rechazada,44,302,1,En contra,En contra,En contra,A favor,A favor,En contra,A favor,En contra,A favor,A favor,En contra,En contra,
20240918,60,5,,mocion,,,,Vox,False,Rechazada,33,177,137,Abstención,En contra,A favor,En contra,En contra,En contra,En contra,En contra,En contra,En contra,En contra,Abstención,
20240918,60,6,,mocion,,,,Mixto,False,Aprobada,319,25,3,A favor,A favor,A favor,A favor,En contra,En contra,En contra,A favor,En contra,En contra,A favor,A favor,
20240918,60,7,,mocion,,,,PP,False,Rechazada,138,209,0,A favor,En contra,En contra,En contra,En contra,En contra,En contra,En contra,En contra,En contra,A favor,A favor,
20240924,61,1,,proposicion_ley,,,,,False,Aprobada,177,170,0,En contra,A favor,En contra,A favor,A favor,A favor,A favor,A favor,A favor,A favor,A favor,En contra,
20240924,61,2,,proposicion_ley,,,,Mixto,False,Aprobada,172,170,5,En contra,A favor,En contra,A favor,A favor,A favor,A favor,Abstención,A favor,A favor,A favor,En contra,
20240926,63,1,,PNL,,,,PNV,False,Aprobada,346,0,0,A favor,A favor,A favor,A favor,A favor,A favor,A favor,A favor,A favor,A favor,A favor,A favor,
20240926,63,2,,PNL,,,,Mixto,False,Aprobada,300,0,46,A favor,A favor,Abstención,A favor,A favor,Abstención,Abstención,A favor,A favor,A favor,A favor,A favor,
20240926,63,3,,mocion,,,,Vox,False,Rechazada,33,177,136,Abstención,En contra,A favor,En contra,En contra,En contra,En contra,En contra,En contra,En contra,En contra,Abstención,
20240926,63,4,,mocion,Punto 1,,,PP,False,Rechazada,170,175,1,A favor,En contra,A favor,En contra,En contra,En contra,En contra,En contra,En contra,Abstención,A favor,A favor,
20240926,63,5,,mocion,Punto 2,,,PP,False,Rechazada,137,164,44,A favor,En contra,Abstención,En contra,Abstención,En contra,En contra,Abstención,En contra,A favor,A favor,A favor,
20240926,63,6,,proyecto_ley,,,,Gobierno,False,Rechazada,168,176,1,A favor,En contra,A favor,En contra,En contra,En contra,En contra,En contra,En contra,En contra,En contra,A favor,
20240926,63,7,,proyecto_ley,,,,Gobierno,False,Aprobada,346,0,0,A favor,A favor,A favor,A favor,A favor,A favor,A favor,A favor,A favor,A favor,A favor,A favor,
20240926,63,8,,proposicion_ley,,,,,False,Aprobada,339,0,0,A favor,A favor,A favor,A favor,A favor,A favor,A favor,Dividido,A favor,A favor,A favor,A favor,
20240926,63,9,,proyecto_ley,,,,Gobierno,False,Aprobada,339,0,0,A favor,A favor,A favor,A favor,A favor,A favor,A favor,Dividido,Dividido,A favor,A favor,A favor,
20241008,64,1,,proposicion_ley,,,,,False,Aprobada,341,0,0,A favor,A favor,A favor,A favor,A favor,A favor,A favor,Dividido,A favor,A favor,Dividido,A favor,
20241008,64,2,,proposicion_ley,,,,PSOE,False,Aprobada,314,33,0,A favor,A favor,En contra,A favor,A favor,A favor,A favor,A favor,A favor,A favor,A favor,A favor,
20241010,66,1,,proposicion_ley,,,,,False,Rechazada,12,326,6,En contra,En contra,En contra,En contra,A favor,En contra,Abstención,En contra,A favor,A favor,En contra,En contra,
20241010,66,2,,proposicion_ley,,,,,False,Rechazada,12,324,7,En contra,En contra,En contra,En contra,A favor,En contra,Abstención,En contra,A favor,A favor,Abstención,En contra,
20241010,66,3,,PNL,Punto 1,,,PP,False,Aprobada,183,144,19,A favor,En contra,A favor,En contra,A favor,Abstención,Abstención,Abstención,A favor,A favor,Abstención,A favor,
20241010,66,4,,PNL,Punto 2,,,PP,False,Aprobada,330,0,13,A favor,A favor,A favor,A favor,A favor,Abstención,Abstención,A favor,A favor,A favor,A favor,A favor,
20241010,66,5,,PNL,Punto 3,,,PP,False,Aprobada,174,164,7,A favor,En contra,A favor,En contra,En contra,Abstención,En contra,En contra,A favor,En contra,En contra,A favor,
20241010,66,6,,PNL,,,,PSOE,False,Aprobada,175,33,138,Abstención,A favor,En contra,A favor,A favor,A favor,A favor,A favor,A favor,A favor,A favor,Abstención,
20241010,66,7,,mocion,,,,Mixto,False,Aprobada,299,0,47,A favor,A favor,Abstención,A favor,Abstención,Abstención,A favor,A favor,A favor,A favor,A favor,A favor,
20241010,66,8,,mocion,Punto 1,,,Vox,False,Rechazada,33,313,0,En contra,En contra,A favor,En contra,En contra,En contra,En contra,En contra,En contra,En contra,En contra,En contra,
20241010,66,9,,mocion,Punto 2,,,Vox,False,Rechazada,171,175,0,A favor,En contra,A favor,En contra,En contra,En contra,En contra,En contra,En contra,En contra,En contra,A favor,
20241010,66,10,,mocion,Punto 3,,,Vox,False,Rechazada,171,175,0,A favor,En contra,A favor,En contra,En contra,En contra,En contra,En contra,En contra,En contra,En contra,A favor,
20241010,66,11,,mocion,Punto 4,,,Vox,False,Rechazada,171,175,0,A favor,En contra,A favor,En contra,En contra,En contra,En contra,En contra,En contra,En contra,En contra,A favor,
20241010,66,12,,mocion,Punto 5,,,Vox,False,Rechazada,171,175,0,A favor,En contra,A favor,En contra,En contra,En contra,En contra,En contra,En contra,En contra,En contra,A favor,
20241010,66,13,,mocion,Punto 6,,,Vox,False,Rechazada,171,175,0,A favor,En contra,A favor,En contra,En contra,En contra,En contra,En contra,En contra,En contra,En contra,A favor,
20241010,66,14,,mocion,,,,PP,False,Rechazada,171,175,0,A favor,En contra,A favor,En contra,En contra,En contra,En contra,En contra,En contra,En contra,En contra,A favor,
20241010,66,15,,proposicion_ley,,,,,False,Aprobada,344,0,0,A favor,A favor,A favor,A favor,A favor,A favor,A favor,A favor,A favor,A favor,A favor,A favor,
20241010,66,16,,convenio,,,,Gobierno,False,Aprobada,299,0,47,A favor,A favor,Abstención,A favor,Abstención,Abstención,A favor,A favor,A favor,A favor,A favor,A favor,
20241010,66,17,,convenio,,,,Gobierno,False,Aprobada,303,4,38,A favor,A favor,A favor,Abstención,Abstención,A favor,Abstención,A favor,En contra,Dividido,A favor,A favor,
20241010,66,18,,convenio,,,,Gobierno,False,Aprobada,293,33,19,A favor,A favor,En contra,A favor,Abstención,Abstención,Abstención,A favor,A favor,A favor,A favor,A favor,
20241010,66,19,,convenio,,,,Gobierno,False,Aprobada,300,33,13,A favor,A favor,En contra,A favor,Abstención,A favor,Abstención,A favor,A favor,A favor,A favor,A favor,
20241010,66,20,,convenio,,,,Gobierno,False,Aprobada,161,33,152,Abstención,A favor,En contra,A favor,A favor,Abstención,Abstención,A favor,A favor,A favor,A favor,Abstención,
20241015,67,1,,proposicion_ley,,,,PP,False,Rechazada,169,174,0,A favor,En contra,A favor,En contra,En contra,En contra,En contra,En contra,En contra,En contra,En contra,A favor,
20241015,67,2,,proposicion_ley,,,,Vox,False,Rechazada,33,175,135,Abstención,En contra,A favor,En contra,En contra,En contra,En contra,En contra,En contra,En contra,En contra,En contra,
20241015,67,3,,proyecto_ley,,,,Gobierno,True,Rechazada,33,174,136,Abstención,En contra,A favor,En contra,En contra,En contra,En contra,En contra,En contra,En contra,En contra,Abstención,
20241016,68,1,,PNL,Punto 1,,,PP,False,Rechazada,171,174,0,A favor,En contra,A favor,En contra,En contra,En contra,En contra,En contra,En contra,En contra,A favor,A favor,
20241016,68,2,,PNL,Punto 2,,,PP,False,Rechazada,170,174,0,A favor,En contra,A favor,En contra,En contra,En contra,En contra,En contra,En contra,En contra,A favor,A favor,
20241016,68,3,,PNL,Punto 3,,,PP,False,Rechazada,171,173,1,A favor,En contra,A favor,En contra,En contra,En contra,En contra,En contra,En contra,En contra,A favor,A favor,
20241016,68,4,,PNL,Punto 4,,,PP,False,Aprobada,199,21,124,A favor,Abstención,A favor,A favor,En contra,En contra,En contra,Abstención,A favor,En contra,A favor,A favor,
20241016,68,5,,PNL,,,,PSOE,False,Aprobada,312,33,0,A favor,A favor,En contra,A favor,A favor,A favor,A favor,A favor,A favor,A favor,A favor,A favor,
20241016,68,6,,mocion,Punto 1,,,Vox,False,Rechazada,170,175,0,A favor,En contra,A favor,En contra,En contra,En contra,En contra,En contra,En contra,En contra,En contra,A favor,
20241016,68,7,,mocion,Punto 2,,,Vox,False,Rechazada,33,312,0,En contra,En contra,A favor,En contra,En contra,En contra,En contra,En contra,En contra,En contra,En contra,En contra,
20241016,68,8,,mocion,Punto 3,,,Vox,False,Rechazada,33,312,0,En contra,En contra,A favor,En contra,En contra,En contra,En contra,En contra,En contra,En contra,En contra,En contra,
20241016,68,9,,mocion,Punto 4,,,Vox,False,Rechazada,33,312,0,En contra,En contra,A favor,En contra,En contra,En contra,En contra,En contra,En contra,En contra,En contra,En contra,
20241016,68,10,,mocion,Punto 5,,,Vox,False,Rechazada,33,312,0,En contra,En contra,A favor,En contra,En contra,En contra,En contra,En contra,En contra,En contra,En contra,En contra,
20241016,68,11,,mocion,Punto 1,,,Mixto,False,Aprobada,178,154,13,A favor,En contra,En contra,A favor,A favor,Abstención,A favor,Abstención,A favor,A favor,En contra,Abstención,
20241016,68,12,,mocion,Punto 2,,,Mixto,False,Aprobada,306,33,5,A favor,A favor,En contra,A favor,A favor,A favor,A favor,Abstención,A favor,A favor,A favor,A favor,
20241016,68,13,,mocion,Punto 3,,,Mixto,False,Aprobada,307,33,5,A favor,A favor,En contra,A favor,A favor,A favor,A favor,Abstención,A favor,A favor,A favor,A favor,
20241016,68,14,,mocion,,,,PP,False,Aprobada,186,156,3,A favor,En contra,A favor,En contra,A favor,A favor,En contra,En contra,A favor,Abstención,Abstención,Abstención,
20241022,69,1,,proposicion_ley,,,,PP,False,Aprobada,174,144,30,A favor,En contra,A favor,Abstención,En contra,En contra,En contra,En contra,A favor,Abstención,Abstención,A favor,
20241022,69,2,,proposicion_ley,,,,Plurinacional SUMAR,False,Aprobada,314,31,0,A favor,A favor,En contra,A favor,A favor,A favor,A favor,A favor,A favor,A favor,A favor,A favor,
20241022,69,3,,proyecto_ley,,,,Gobierno,True,Rechazada,33,315,0,En contra,En contra,A favor,En contra,En contra,En contra,En contra,En contra,En contra,En contra,En contra,En contra,
20241023,70,1,,PNL,,,,PP,False,Aprobada,177,160,10,A favor,En contra,A favor,En contra,En contra,A favor,En contra,Abstención,Abstención,A favor,A favor,A favor,
20241023,70,2,,PNL,,,,PP,False,Aprobada,178,163,7,A favor,En contra,A favor,En contra,En contra,A favor,En contra,Abstención,En contra,Abstención,A favor,A favor,
20241023,70,3,,PNL,,,,PP,False,Aprobada,179,164,5,A favor,En contra,A favor,En contra,En contra,A favor,En contra,Abstención,En contra,A favor,A favor,A favor,
20241023,70,4,,PNL,,,,PP,False,Aprobada,177,164,6,A favor,En contra,A favor,En contra,En contra,A favor,En contra,Abstención,En contra,Abstención,A favor,A favor,
20241023,70,5,,PNL,,,,PP,False,Aprobada,179,164,6,A favor,En contra,A favor,En contra,En contra,A favor,En contra,Abstención,En contra,Abstención,A favor,A favor,
20241023,70,6,,PNL,,,,PP,False,Rechazada,172,172,5,A favor,En contra,A favor,En contra,En contra,En contra,En contra,Abstención,En contra,En contra,A favor,A favor,
20241023,70,7,,PNL,,,,PP,False,Rechazada,172,172,4,A favor,En contra,A favor,En contra,En contra,En contra,En contra,Abstención,En contra,En contra,A favor,A favor,
20241023,70,8,,PNL,,,,PP,False,Rechazada,172,172,5,A favor,En contra,A favor,En contra,En contra,En contra,En contra,Abstención,En contra,En contra,A favor,A favor,
20241023,70,9,,PNL,,,,PP,False,Rechazada,172,172,5,A favor,En contra,A favor,En contra,En contra,En contra,En contra,Abstención,En contra,En contra,A favor,A favor,
20241023,70,10,,PNL,,,,PP,False,Rechazada,172,173,4,A favor,En contra,A favor,En contra,En contra,En contra,En contra,Abstención,En contra,En contra,A favor,A favor,
20241023,70,11,,PNL,,,,PSOE,False,Aprobada,316,33,0,A favor,A favor,En contra,A favor,A favor,A favor,A favor,A favor,A favor,A favor,A favor,A favor,
20241023,70,12,,mocion,,,,Junts,False,Aprobada,174,34,138,A favor,Abstención,En contra,A favor,A favor,A favor,Abstención,Abstención,Abstención,Abstención,Abstención,Abstención,
20241023,70,13,,mocion,Punto 1,,,PP,False,Aprobada,297,52,0,A favor,A favor,A favor,En contra,En contra,En contra,En contra,A favor,En contra,En contra,A favor,A favor,
20241023,70,14,,mocion,Punto 2,,,PP,False,Aprobada,304,31,14,A favor,A favor,A favor,En contra,A favor,Abstención,Abstención,A favor,En contra,A favor,Abstención,A favor,
20241023,70,15,,mocion,Punto 3,,,PP,False,Rechazada,171,171,6,A favor,En contra,A favor,En contra,En contra,En contra,En contra,Abstención,En contra,A favor,Abstención,A favor,
20241023,70,16,,mocion,Punto 3,,,PP,False,Aprobada,172,171,5,A favor,En contra,A favor,En contra,En contra,En contra,En contra,Abstención,En contra,A favor,Abstención,A favor,
20241023,70,17,,mocion,Punto 4,,,PP,False,Aprobada,179,170,0,A favor,En contra,A favor,En contra,En contra,En contra,En contra,A favor,En contra,A favor,A favor,A favor,
20241023,70,18,,mocion,Punto 5,,,PP,False,Aprobada,178,168,2,A favor,En contra,A favor,En contra,En contra,A favor,En contra,En contra,En contra,Abstención,Abstención,A favor,
20241023,70,19,,mocion,Punto 6,,,PP,False,Rechazada,171,177,1,A favor,En contra,A favor,En contra,En contra,En contra,En contra,En contra,En contra,En contra,Abstención,A favor,
20241023,70,20,,mocion,Punto 7,,,PP,False,Rechazada,171,176,2,A favor,En contra,A favor,En contra,En contra,En contra,En contra,En contra,En contra,Abstención,Abstención,A favor,
20241023,70,21,,mocion,Punto 1,,,Vox,False,Rechazada,170,178,1,A favor,En contra,A favor,En contra,En contra,En contra,En contra,En contra,En contra,En contra,En contra,Abstención,
20241023,70,22,,mocion,Punto 2,,,Vox,False,Rechazada,164,177,1,A favor,En contra,A favor,En contra,En contra,En contra,En contra,En contra,En contra,En contra,En contra,Abstención,
20241023,70,23,,mocion,Punto 3,,,Vox,False,Rechazada,171,178,0,A favor,En contra,A favor,En contra,En contra,En contra,En contra,En contra,En contra,En contra,En contra,A favor,
20241023,70,24,,mocion,Punto 4,,,Vox,False,Rechazada,33,316,0,En contra,En contra,A favor,En contra,En contra,En contra,En contra,En contra,En contra,En contra,En contra,En contra,
20241023,70,25,,mocion,Punto 5,,,Vox,False,Rechazada,33,178,138,Abstención,En contra,A favor,En contra,En contra,En contra,En contra,En contra,En contra,En contra,En contra,Abstención,
20241023,70,26,,mocion,Punto 6,,,Vox,False,Rechazada,33,177,138,Abstención,En contra,A favor,En contra,En contra,En contra,En contra,En contra,En contra,En contra,En contra,Abstención,
20241023,70,27,,mocion,Punto 7,,,Vox,False,Rechazada,171,178,0,A favor,En contra,A favor,En contra,En contra,En contra,En contra,En contra,En contra,En contra,En contra,A favor,
20241023,70,28,,mocion,Punto 8,,,Vox,False,Rechazada,171,177,0,A favor,En contra,A favor,En contra,En contra,En contra,En contra,En contra,En contra,En contra,En contra,A favor,
20241023,70,29,,otro,,,,,False,Aprobada,347,0,1,A favor,A favor,A favor,A favor,A favor,A favor,A favor,A favor,A favor,Abstención,A favor,A favor,
20241023,70,30,,otro,,,,,False,Aprobada,177,170,2,En contra,A favor,En contra,A favor,A favor,A favor,A favor,A favor,A favor,A favor,Abstención,En contra,
20241023,70,31,,otro,,,,,False,Aprobada,177,171,1,En contra,A favor,En contra,A favor,A favor,A favor,A favor,A favor,A favor,A favor,Abstención,En contra,
20241029,71,1,,proposicion_ley,,,,,False,Aprobada,176,170,0,En contra,A favor,En contra,A favor,A favor,A favor,A favor,A favor,A favor,A favor,A favor,En contra,
20241029,71,2,,proposicion_ley,,,,PP,False,Rechazada,170,176,0,A favor,En contra,A favor,En contra,En contra,En contra,En contra,En contra,En contra,En contra,En contra,A favor,
20241030,73,1,,otro,,,,,False,Aprobada,175,1,0,Dividido,A favor,Dividido,A favor,A favor,A favor,A favor,A favor,A favor,En contra,A favor,Dividido,
20241030,73,2,,proyecto_ley,,,,Gobierno,False,Aprobada,176,0,0,Dividido,A favor,Dividido,A favor,A favor,A favor,A favor,A favor,A favor,A favor,A favor,Dividido,
20241112,74,2,,proposicion_ley,,,,,False,Aprobada,305,32,1,A favor,A favor,En contra,A favor,A favor,A favor,A favor,A favor,A favor,A favor,A favor,A favor,
20241114,76,1,,proyecto_ley,,,,Gobierno,False,Rechazada,18,329,0,En contra,En contra,En contra,En contra,A favor,En contra,A favor,En contra,A favor,A favor,En contra,En contra,
20241114,76,2,,proyecto_ley,,,,Gobierno,False,Rechazada,9,337,1,En contra,En contra,En contra,En contra,A favor,En contra,En contra,En contra,En contra,Abstención,A favor,A favor,
20241114,76,3,,proyecto_ley,,,,Gobierno,False,Aprobada,177,167,0,En contra,A favor,En contra,A favor,A favor,A favor,A favor,A favor,A favor,A favor,A favor,En contra,
20241114,76,4,,proyecto_ley,,,,Gobierno,False,Rechazada,18,329,0,En contra,En contra,En contra,En contra,A favor,En contra,A favor,En contra,A favor,A favor,En contra,En contra,
20241114,76,5,,proyecto_ley,,,,Gobierno,False,Aprobada,160,154,33,A favor,En contra,Abstención,En contra,A favor,A favor,A favor,A favor,En contra,Abstención,A favor,A favor,
20241114,76,6,,proyecto_ley,,,,Gobierno,False,Rechazada,142,204,1,En contra,A favor,En contra,En contra,A favor,A favor,En contra,A favor,En contra,Abstención,A favor,En contra,
20241114,76,7,,proyecto_ley,,,,Gobierno,False,Rechazada,18,329,0,En contra,En contra,En contra,En contra,A favor,En contra,A favor,A favor,En contra,En contra,En contra,En contra,
20241114,76,8,,proyecto_ley,,,,Gobierno,False,Rechazada,28,317,2,En contra,En contra,En contra,En contra,A favor,A favor,A favor,A favor,A favor,Abstención,Abstención,En contra,
20241114,76,9,,proyecto_ley,,,,Gobierno,False,Rechazada,25,322,0,En contra,En contra,En contra,En contra,A favor,A favor,A favor,En contra,A favor,A favor,En contra,En contra,
20241114,76,10,,proyecto_ley,,,,Gobierno,False,Rechazada,46,301,0,En contra,En contra,En contra,A favor,A favor,En contra,A favor,En contra,A favor,A favor,A favor,En contra,
20241114,76,11,,proyecto_ley,,,,Gobierno,False,Rechazada,45,302,0,En contra,En contra,En contra,A favor,A favor,En contra,A favor,En contra,A favor,A favor,En contra,En contra,
20241114,76,12,,proyecto_ley,,,,Gobierno,False,Rechazada,168,179,0,A favor,En contra,A favor,En contra,En contra,En contra,En contra,En contra,En contra,En contra,En contra,A favor,
20241114,76,13,,proyecto_ley,,,,Gobierno,False,Rechazada,32,179,136,Abstención,En contra,A favor,En contra,En contra,En contra,En contra,En contra,En contra,En contra,En contra,Abstención,
20241114,76,14,,proyecto_ley,,,,Gobierno,False,Rechazada,32,315,0,En contra,En contra,A favor,En contra,En contra,En contra,En contra,En contra,En contra,En contra,En contra,En contra,
20241114,76,15,,proyecto_ley,,,,Gobierno,False,Rechazada,135,211,0,A favor,En contra,En contra,En contra,En contra,En contra,En contra,En contra,En contra,En contra,En contra,A favor,
20241114,76,16,,proyecto_ley,,,,Gobierno,False,Rechazada,168,178,0,A favor,En contra,A favor,En contra,En contra,En contra,En contra,En contra,En contra,En contra,En contra,A favor,
20241114,76,17,,proyecto_ley,,,,Gobierno,False,Rechazada,136,178,32,A favor,En contra,Abstención,En contra,En contra,En contra,En contra,En contra,En contra,En contra,En contra,A favor,
20241114,76,18,,proyecto_ley,,,,Gobierno,False,Aprobada,179,168,0,En contra,A favor,En contra,A favor,A favor,A favor,A favor,A favor,A favor,A favor,A favor,En contra,
20241114,76,19,,proyecto_ley,,,,Gobierno,False,Rechazada,135,180,32,A favor,En contra,Abstención,En contra,En contra,En contra,En contra,En contra,En contra,En contra,En contra,A favor,
20241114,76,20,,proyecto_ley,,,,Gobierno,False,Rechazada,168,178,0,A favor,En contra,A favor,En contra,En contra,En contra,En contra,En contra,En contra,En contra,En contra,A favor,
20241114,76,21,,proyecto_ley,,,,Gobierno,False,Aprobada,179,167,1,En contra,A favor,En contra,A favor,A favor,A favor,A favor,A favor,A favor,A favor,A favor,Abstención,
20241114,76,22,,proyecto_ley,,,,Gobierno,False,Aprobada,315,31,0,A favor,A favor,En contra,A favor,A favor,A favor,A favor,A favor,A favor,A favor,A favor,A favor,
20241114,76,23,,proyecto_ley,,,,Gobierno,False,Aprobada,315,31,0,A favor,A favor,En contra,A favor,A favor,A favor,A favor,A favor,A favor,A favor,A favor,A favor,
20241114,76,24,,proyecto_ley,,,,Gobierno,False,Aprobada,178,168,0,En contra,A favor,En contra,A favor,A favor,A favor,A favor,A favor,A favor,A favor,A favor,En contra,
20241114,76,25,,proyecto_ley,,,,Gobierno,False,Aprobada,179,168,0,En contra,A favor,En contra,A favor,A favor,A favor,A favor,A favor,A favor,A favor,A favor,En contra,
20241114,76,26,,proyecto_ley,,,,Gobierno,False,Aprobada,313,34,0,A favor,A favor,En contra,A favor,A favor,A favor,A favor,A favor,A favor,A favor,A favor,A favor,
20241114,76,27,,proyecto_ley,,,,Gobierno,False,Aprobada,180,167,0,En contra,A favor,En contra,A favor,A favor,A favor,A favor,A favor,A favor,A favor,A favor,En contra,
20241114,76,28,,proyecto_ley,,,,Gobierno,False,Aprobada,179,168,0,En contra,A favor,En contra,A favor,A favor,A favor,A favor,A favor,A favor,A favor,A favor,En contra,
20241114,76,29,,proyecto_ley,,,,Gobierno,False,Aprobada,179,168,0,En contra,A favor,En contra,A favor,A favor,A favor,A favor,A favor,A favor,A favor,A favor,En contra,
20241114,76,30,,proyecto_ley,,,,Gobierno,False,Aprobada,179,168,0,En contra,A favor,En contra,A favor,A favor,A favor,A favor,A favor,A favor,A favor,A favor,En contra,
20241114,76,31,,proyecto_ley,,,,Gobierno,False,Aprobada,179,168,0,En contra,A favor,En contra,A favor,A favor,A favor,A favor,A favor,A favor,A favor,A favor,En contra,
20241114,76,32,,proyecto_ley,,,,Gobierno,False,Aprobada,315,32,0,A favor,A favor,En contra,A favor,A favor,A favor,A favor,A favor,A favor,A favor,A favor,A favor,
20241114,76,33,,proyecto_ley,,,,Gobierno,False,Aprobada,314,32,0,A favor,A favor,En contra,A favor,A favor,A favor,A favor,A favor,A favor,A favor,A favor,A favor,
20241114,76,35,,otro,,,,,False,Aprobada,291,39,14,A favor,A favor,En contra,A favor,Abstención,En contra,Abstención,A favor,A favor,Abstención,A favor,A favor,
20241114,76,36,,convenio,,,,Gobierno,False,Aprobada,301,0,45,A favor,A favor,Abstención,A favor,Abstención,A favor,Abstención,A favor,A favor,Dividido,A favor,A favor,
20241114,76,37,,convenio,,,,Gobierno,False,Aprobada,262,37,48,A favor,A favor,En contra,Abstención,Abstención,Abstención,Abstención,A favor,En contra,En contra,A favor,A favor,
20241114,76,38,,proyecto_ley,,,,Gobierno,False,Aprobada,180,167,0,En contra,A favor,En contra,A favor,A favor,A favor,A favor,A favor,A favor,A favor,A favor,En contra,
20241114,76,39,,proyecto_ley,,,,Gobierno,False,Aprobada,180,167,0,En contra,A favor,En contra,A favor,A favor,A favor,A favor,A favor,A favor,A favor,A favor,En contra,
20241114,76,40,,proyecto_ley,,,,Gobierno,False,Aprobada,179,168,0,En contra,A favor,En contra,A favor,A favor,A favor,A favor,A favor,A favor,A favor,A favor,En contra,
20241114,76,41,,proyecto_ley,,,,Gobierno,False,Aprobada,343,0,0,A favor,A favor,A favor,A favor,A favor,A favor,A favor,A favor,A favor,A favor,A favor,A favor,
20241114,76,42,,PNL,,,,Vox,False,Rechazada,32,179,136,Abstención,En contra,A favor,En contra,En contra,En contra,En contra,En contra,En contra,En contra,En contra,Abstención,
20241114,76,43,,PNL,,,,PP,False,Rechazada,168,178,0,A favor,En contra,A favor,En contra,En contra,En contra,En contra,En contra,En contra,En contra,En contra,A favor,
20241114,76,44,,mocion,,,,Vox,False,Rechazada,32,179,136,Abstención,En contra,A favor,En contra,En contra,En contra,En contra,En contra,En contra,En contra,En contra,Abstención,
20241114,76,45,,mocion,,,,PP,False,Rechazada,167,179,0,A favor,En contra,A favor,En contra,En contra,En contra,En contra,En contra,En contra,En contra,En contra,A favor,
20241119,77,1,,proposicion_ley,,,,PSOE,False,Aprobada,176,33,136,Abstención,A favor,En contra,A favor,A favor,A favor,A favor,A favor,A favor,A favor,A favor,A favor,
20241119,77,2,,proposicion_ley,,,,PP,False,Aprobada,295,40,11,A favor,A favor,A favor,En contra,En contra,Abstención,En contra,A favor,Abstención,En contra,A favor,A favor,
20241121,79,1,,proyecto_ley,,,,Gobierno,False,Rechazada,18,330,0,En contra,En contra,En contra,En contra,A favor,En contra,A favor,En contra,A favor,A favor,En contra,En contra,
20241121,79,2,,proyecto_ley,,,,Gobierno,False,Rechazada,32,303,13,En contra,En contra,En contra,A favor,Abstención,En contra,Abstención,En contra,A favor,A favor,En contra,En contra,
20241121,79,3,,proyecto_ley,,,,Gobierno,False,Rechazada,45,303,0,En contra,En contra,En contra,A favor,A favor,En contra,A favor,En contra,A favor,A favor,En contra,En contra,
20241121,79,4,,proyecto_ley,,,,Gobierno,False,Rechazada,32,303,13,En contra,En contra,En contra,A favor,Abstención,En contra,Abstención,En contra,A favor,A favor,En contra,En contra,
20241121,79,5,,proyecto_ley,,,,Gobierno,False,Rechazada,5,342,0,En contra,En contra,En contra,En contra,En contra,En contra,En contra,En contra,A favor,En contra,A favor,En contra,
20241121,79,6,,proyecto_ley,,,,Gobierno,False,Rechazada,139,162,47,A favor,En contra,Abstención,En contra,Abstención,En contra,Abstención,En contra,En contra,Abstención,A favor,A favor,
20241121,79,7,,proyecto_ley,,,,Gobierno,False,Rechazada,18,329,1,En contra,En contra,En contra,En contra,A favor,En contra,A favor,En contra,A favor,A favor,Abstención,En contra,
20241121,79,8,,proyecto_ley,,,,Gobierno,False,Rechazada,45,303,0,En contra,En contra,En contra,A favor,A favor,En contra,A favor,En contra,A favor,A favor,En contra,En contra,
20241121,79,9,,proyecto_ley,,,,Gobierno,False,Rechazada,45,303,0,En contra,En contra,En contra,A favor,A favor,En contra,A favor,En contra,A favor,A favor,En contra,En contra,
20241121,79,10,,proyecto_ley,,,,Gobierno,False,Rechazada,18,330,0,En contra,En contra,En contra,En contra,A favor,En contra,A favor,En contra,A favor,A favor,En contra,En contra,
20241121,79,11,,proyecto_ley,,,,Gobierno,False,Rechazada,164,178,5,En contra,A favor,En contra,A favor,A favor,En contra,A favor,Abstención,A favor,A favor,A favor,En contra,
20241121,79,12,,proyecto_ley,,,,Gobierno,False,Rechazada,44,303,0,En contra,En contra,En contra,A favor,A favor,En contra,A favor,En contra,A favor,A favor,En contra,En contra,
20241121,79,13,,proyecto_ley,,,,Gobierno,False,Rechazada,33,315,0,En contra,En contra,A favor,En contra,En contra,En contra,En contra,En contra,En contra,En contra,En contra,En contra,
20241121,79,14,,proyecto_ley,,,,Gobierno,False,Rechazada,145,201,1,En contra,A favor,En contra,En contra,A favor,A favor,A favor,A favor,En contra,Abstención,A favor,En contra,
20241121,79,15,,proyecto_ley,,,,Gobierno,False,Rechazada,164,184,0,En contra,A favor,En contra,A favor,En contra,A favor,En contra,A favor,A favor,A favor,A favor,En contra,
20241121,79,16,,proyecto_ley,,,,Gobierno,False,Aprobada,179,169,0,En contra,A favor,En contra,A favor,A favor,A favor,A favor,A favor,A favor,A favor,A favor,A favor,
20241121,79,17,,proyecto_ley,,,,Gobierno,False,Aprobada,177,170,0,En contra,A favor,En contra,A favor,A favor,A favor,A favor,A favor,A favor,A favor,A favor,En contra,
20241121,79,18,,proyecto_ley,,,,Gobierno,False,Aprobada,177,171,0,En contra,A favor,En contra,A favor,A favor,A favor,A favor,A favor,A favor,A favor,A favor,En contra,
20241121,79,19,,proyecto_ley,,,,Gobierno,False,Rechazada,172,175,1,En contra,A favor,En contra,A favor,A favor,A favor,A favor,A favor,En contra,Abstención,A favor,En contra,
20241121,79,20,,proyecto_ley,,,,Gobierno,False,Aprobada,159,148,41,En contra,A favor,Abstención,A favor,Abstención,A favor,Abstención,A favor,En contra,Abstención,A favor,En contra,
20241121,79,21,,proyecto_ley,,,,Gobierno,False,Rechazada,159,175,14,En contra,A favor,En contra,A favor,Abstención,A favor,Abstención,A favor,En contra,Abstención,A favor,En contra,
20241121,79,22,,proyecto_ley,,,,Gobierno,False,Rechazada,159,189,0,En contra,A favor,En contra,A favor,En contra,A favor,En contra,A favor,En contra,En contra,A favor,En contra,
20241121,79,23,,proyecto_ley,,,,Gobierno,False,Rechazada,159,173,15,En contra,A favor,En contra,A favor,Abstención,A favor,Abstención,A favor,En contra,En contra,A favor,En contra,
20241121,79,24,,proyecto_ley,,,,Gobierno,False,Aprobada,177,169,2,En contra,A favor,En contra,A favor,A favor,A favor,A favor,A favor,A favor,A favor,A favor,En contra,
20241121,79,25,,PNL,,,,PSOE,False,Aprobada,178,33,138,Abstención,A favor,En contra,A favor,A favor,A favor,A favor,A favor,A favor,A favor,A favor,Abstención,
20241121,79,26,,PNL,,,,Plurinacional SUMAR,False,Aprobada,170,33,144,Abstención,A favor,En contra,A favor,A favor,Abstención,A favor,A favor,A favor,A favor,A favor,Abstención,
20241121,79,27,,mocion,,,,Mixto,False,Rechazada,57,291,1,En contra,En contra,En contra,A favor,A favor,A favor,A favor,A favor,A favor,A favor,Abstención,En contra,
20241121,79,28,,mocion,Punto 1,,,Vox,False,Rechazada,171,178,0,A favor,En contra,A favor,En contra,En contra,En contra,En contra,En contra,En contra,En contra,En contra,A favor,
20241121,79,29,,mocion,Punto 2,,,Vox,False,Rechazada,33,177,138,Abstención,En contra,A favor,En contra,En contra,En contra,En contra,En contra,En contra,En contra,En contra,Abstención,
20241121,79,30,,mocion,Punto 3,,,Vox,False,Rechazada,171,176,1,A favor,En contra,A favor,En contra,En contra,En contra,En contra,En contra,En contra,En contra,En contra,A favor,
20241121,79,31,,mocion,Punto 4,,,Vox,False,Rechazada,171,178,0,A favor,En contra,A favor,En contra,En contra,En contra,En contra,En contra,En contra,En contra,En contra,A favor,
20241121,79,32,,mocion,Punto 5,,,Vox,False,Rechazada,169,180,0,A favor,En contra,A favor,En contra,En contra,En contra,En contra,En contra,En contra,En contra,En contra,En contra,
20241121,79,33,,mocion,Punto 1,,,Vox,False,Rechazada,171,178,0,A favor,En contra,A favor,En contra,En contra,En contra,En contra,En contra,En contra,En contra,En contra,A favor,
20241121,79,34,,mocion,Punto 2,,,Vox,False,Rechazada,170,179,0,A favor,En contra,A favor,En contra,En contra,En contra,En contra,En contra,En contra,En contra,En contra,A favor,
20241121,79,35,,mocion,Punto 3,,,Vox,False,Rechazada,33,178,138,Abstención,En contra,A favor,En contra,En contra,En contra,En contra,En contra,En contra,En contra,En contra,Abstención,
20241121,79,36,,mocion,Punto 4,,,Vox,False,Rechazada,171,178,0,A favor,En contra,A favor,En contra,En contra,En contra,En contra,En contra,En contra,En contra,En contra,A favor,
20241121,79,37,,mocion,Punto 5,,,Vox,False,Rechazada,171,178,0,A favor,En contra,A favor,En contra,En contra,En contra,En contra,En contra,En contra,En contra,En contra,A favor,
20241121,79,38,,mocion,Punto 6,,,Vox,False,Rechazada,170,178,0,A favor,En contra,A favor,En contra,En contra,En contra,En contra,En contra,En contra,En contra,En contra,A favor,
20241121,79,39,,mocion,Punto 7,,,Vox,False,Rechazada,171,178,0,A favor,En contra,A favor,En contra,En contra,En contra,En contra,En contra,En contra,En contra,En contra,A favor,
20241121,79,40,,mocion,Punto 8,,,Vox,False,Rechazada,171,176,0,A favor,En contra,A favor,En contra,En contra,En contra,En contra,En contra,En contra,En contra,En contra,A favor,
20241121,79,41,,mocion,Punto 9,,,Vox,False,Rechazada,171,177,0,A favor,En contra,A favor,En contra,En contra,En contra,En contra,En contra,En contra,En contra,En contra,A favor,
20241121,79,42,,mocion,Punto 10,,,Vox,False,Rechazada,170,178,1,A favor,En contra,A favor,En contra,En contra,En contra,En contra,En contra,En contra,En contra,En contra,Abstención,
20241121,79,43,,mocion,Punto 11,,,Vox,False,Rechazada,171,178,0,A favor,En contra,A favor,En contra,En contra,En contra,En contra,En contra,En contra,En contra,En contra,A favor,
20241121,79,44,,mocion,Punto 12,,,Vox,False,Rechazada,33,178,138,Abstención,En contra,A favor,En contra,En contra,En contra,En contra,En contra,En contra,En contra,En contra,Abstención,
20241121,79,45,,mocion,,,,Mixto,False,Aprobada,292,44,13,A favor,A favor,A favor,En contra,En contra,Abstención,En contra,Abstención,En contra,Abstención,A favor,A favor,
20241121,79,46,,mocion,Punto 1,,,PP,False,Aprobada,171,37,141,A favor,Abstención,A favor,En contra,Abstención,Abstención,En contra,Abstención,En contra,Abstención,Abstención,A favor,
20241121,79,47,,mocion,Punto 2,,,PP,False,Aprobada,172,37,140,A favor,Abstención,A favor,En contra,Abstención,Abstención,En contra,Abstención,En contra,A favor,Abstención,A favor,
20241121,79,48,,mocion,Punto 3,,,PP,False,Aprobada,170,36,140,A favor,Abstención,A favor,En contra,Abstención,Abstención,En contra,Abstención,En contra,A favor,Abstención,A favor,
20241121,79,49,,mocion,Punto 4,,,PP,False,Aprobada,139,36,172,A favor,Abstención,Abstención,En contra,Abstención,Abstención,En contra,Abstención,En contra,Abstención,Abstención,A favor,
20241121,79,50,,mocion,Punto 5,,,PP,False,Aprobada,171,37,141,A favor,Abstención,A favor,En contra,Abstención,Abstención,En contra,Abstención,En contra,Abstención,Abstención,A favor,
20241121,79,51,,mocion,Punto 6,,,PP,False,Aprobada,169,37,142,A favor,Abstención,A favor,En contra,Abstención,Abstención,En contra,Abstención,En contra,Abstención,Abstención,A favor,
20241121,79,52,,mocion,Punto 7,,,PP,False,Aprobada,171,37,141,A favor,Abstención,A favor,En contra,Abstención,Abstención,En contra,Abstención,En contra,Abstención,Abstención,A favor,
20241121,79,53,,mocion,Punto 8,,,PP,False,Aprobada,171,37,141,A favor,Abstención,A favor,En contra,Abstención,Abstención,En contra,Abstención,En contra,A favor,Abstención,A favor,
20241121,79,54,,mocion,Punto 9,,,PP,False,Aprobada,171,37,141,A favor,Abstención,A favor,En contra,Abstención,Abstención,En contra,Abstención,En contra,Abstención,Abstención,A favor,
20241121,79,55,,mocion,Punto 10,,,PP,False,Aprobada,171,36,141,A favor,Abstención,A favor,En contra,Abstención,Abstención,En contra,Abstención,En contra,Abstención,Abstención,A favor,
20241121,79,56,,mocion,Punto 11,,,PP,False,Aprobada,171,37,141,A favor,Abstención,A favor,En contra,Abstención,Abstención,En contra,Abstención,En contra,Abstención,Abstención,A favor,
20241121,79,57,,mocion,Punto 12,,,PP,False,Aprobada,171,37,141,A favor,Abstención,A favor,En contra,Abstención,Abstención,En contra,Abstención,En contra,Abstención,Abstención,A favor,
20241121,79,58,,mocion,Punto 13,,,PP,False,Aprobada,171,37,141,A favor,Abstención,A favor,En contra,Abstención,Abstención,En contra,Abstención,En contra,Abstención,Abstención,A favor,
20241121,79,59,,mocion,Punto 14,,,PP,False,Aprobada,138,70,141,A favor,Abstención,En contra,En contra,Abstención,Abstención,En contra,Abstención,En contra,Abstención,Abstención,A favor,
20241121,79,60,,otro,,,,,False,Aprobada,314,33,2,A favor,A favor,En contra,A favor,A favor,A favor,A favor,A favor,A favor,A favor,A favor,A favor,
20241121,79,61,,proyecto_ley,,,,Gobierno,False,Aprobada,349,0,0,A favor,A favor,A favor,A favor,A favor,A favor,A favor,A favor,A favor,A favor,A favor,A favor,
20241121,79,62,,proyecto_ley,,,,Gobierno,False,Aprobada,178,171,0,En contra,A favor,En contra,A favor,A favor,A favor,A favor,A favor,A favor,A favor,A favor,En contra,
20241121,79,63,,proyecto_ley,,,,Gobierno,False,Rechazada,170,178,1,A favor,En contra,A favor,En contra,En contra,En contra,En contra,En contra,En contra,En contra,En contra,Abstención,
20241121,79,64,,proyecto_ley,,,,Gobierno,False,Aprobada,342,7,0,A favor,A favor,A favor,A favor,En contra,A favor,A favor,A favor,A favor,A favor,A favor,A favor,
20241121,79,65,,proyecto_ley,,,,Gobierno,False,Aprobada,179,170,0,En contra,A favor,En contra,A favor,A favor,A favor,A favor,A favor,A favor,A favor,A favor,A favor,
20241126,80,3,,proposicion_ley,,,,Vox,False,Rechazada,32,174,134,Abstención,En contra,A favor,En contra,En contra,En contra,En contra,En contra,En contra,En contra,En contra,Abstención,
20241128,82,1,,PNL,,,,Junts,False,Aprobada,144,33,167,A favor,Abstención,En contra,Abstención,Abstención,A favor,Abstención,Abstención,A favor,Abstención,Abstención,A favor,
20241128,82,2,,PNL,,,,PP,False,Rechazada,167,177,1,A favor,En contra,A favor,En contra,En contra,En contra,En contra,En contra,En contra,Abstención,En contra,A favor,
20241128,82,3,,mocion,Punto 1,,,PP,False,Aprobada,170,38,140,A favor,Abstención,A favor,En contra,Abstención,Abstención,En contra,Abstención,En contra,Abstención,Abstención,A favor,
20241128,82,4,,mocion,Punto 2,,,PP,False,Aprobada,170,38,140,A favor,Abstención,A favor,En contra,Abstención,Abstención,En contra,Abstención,En contra,Abstención,Abstención,A favor,
20241128,82,5,,mocion,Punto 3,,,PP,False,Aprobada,170,38,140,A favor,Abstención,A favor,En contra,Abstención,Abstención,En contra,Abstención,En contra,Abstención,Abstención,A favor,
20241128,82,6,,mocion,Punto 4,,,PP,False,Aprobada,169,37,141,A favor,Abstención,A favor,En contra,Abstención,Abstención,En contra,Abstención,En contra,Abstención,Abstención,A favor,
20241128,82,7,,mocion,Punto 5,,,PP,False,Aprobada,137,37,172,A favor,Abstención,Abstención,En contra,Abstención,Abstención,En contra,Abstención,En contra,Abstención,Abstención,A favor,
20241128,82,8,,mocion,Punto 6,,,PP,False,Aprobada,169,38,140,A favor,Abstención,A favor,En contra,Abstención,Abstención,En contra,Abstención,En contra,Abstención,Abstención,A favor,
20241128,82,9,,mocion,Punto 7,,,PP,False,Aprobada,170,38,140,A favor,Abstención,A favor,En contra,Abstención,Abstención,En contra,Abstención,En contra,Abstención,Abstención,A favor,
20241128,82,10,,mocion,Punto 8,,,PP,False,Aprobada,168,38,141,A favor,Abstención,A favor,En contra,Abstención,Abstención,En contra,Abstención,En contra,Abstención,Abstención,A favor,
20241128,82,11,,mocion,Punto 9,,,PP,False,Aprobada,170,38,140,A favor,Abstención,A favor,En contra,Abstención,Abstención,En contra,Abstención,En contra,Abstención,Abstención,A favor,
20241128,82,12,,mocion,Punto 10,,,PP,False,Aprobada,170,46,132,A favor,Abstención,A favor,En contra,Abstención,En contra,En contra,Abstención,En contra,En contra,Abstención,A favor,
20241128,82,13,,mocion,Punto 1,,,PP,False,Rechazada,170,178,0,A favor,En contra,A favor,En contra,En contra,En contra,En contra,En contra,En contra,En contra,En contra,A favor,
20241128,82,14,,mocion,Punto 2,,,PP,False,Rechazada,170,177,0,A favor,En contra,A favor,En contra,En contra,En contra,En contra,En contra,En contra,En contra,En contra,A favor,
20241128,82,15,,mocion,Punto 3,,,PP,False,Rechazada,169,177,0,A favor,En contra,A favor,En contra,En contra,En contra,En contra,En contra,En contra,En contra,En contra,A favor,
20241128,82,16,,mocion,Punto 4,,,PP,False,Rechazada,169,178,0,A favor,En contra,A favor,En contra,En contra,En contra,En contra,En contra,En contra,En contra,En contra,A favor,
20241128,82,17,,mocion,Punto 5,,,PP,False,Rechazada,170,177,1,A favor,En contra,A favor,En contra,En contra,En contra,En contra,En contra,En contra,Abstención,En contra,A favor,
20241128,82,18,,proposicion_ley,,,,,True,Rechazada,34,178,135,Abstención,En contra,A favor,En contra,En contra,En contra,En contra,En contra,En contra,En contra,En contra,Abstención,
20241210,83,1,,proposicion_ley,,,,,False,Aprobada,316,5,21,A favor,A favor,A favor,A favor,Abstención,Abstención,Abstención,En contra,A favor,A favor,Abstención,A favor,
20241210,83,2,,proposicion_ley,,,,PSOE,False,Rechazada,162,180,1,En contra,A favor,En contra,A favor,A favor,En contra,A favor,En contra,A favor,A favor,Abstención,En contra,
20241212,85,1,,PNL,,,,PSOE,False,Aprobada,287,33,26,A favor,A favor,En contra,A favor,Abstención,Abstención,Abstención,Abstención,A favor,Abstención,A favor,A favor,
20241212,85,2,,PNL,Punto 1,,,PP,False,Aprobada,183,163,0,A favor,En contra,A favor,En contra,En contra,A favor,En contra,A favor,En contra,En contra,A favor,A favor,
20241212,85,3,,PNL,Punto 2,,,PP,False,Aprobada,171,161,13,A favor,En contra,A favor,En contra,En contra,Abstención,En contra,Abstención,En contra,En contra,Abstención,A favor,
20241212,85,4,,PNL,Punto 3,,,PP,False,Aprobada,302,31,13,A favor,A favor,A favor,En contra,Abstención,A favor,Abstención,A favor,En contra,En contra,A favor,A favor,
20241212,85,5,,PNL,Punto 4,,,PP,False,Aprobada,183,163,0,A favor,En contra,A favor,En contra,En contra,A favor,En contra,A favor,En contra,En contra,A favor,A favor,
20241212,85,6,,mocion,,,,Vox,False,Rechazada,33,176,137,Abstención,En contra,A favor,En contra,En contra,En contra,En contra,En contra,En contra,En contra,En contra,Abstención,
20241212,85,7,,mocion,,,,PP,False,Rechazada,137,175,33,A favor,En contra,Abstención,En contra,En contra,En contra,En contra,En contra,En contra,En contra,En contra,A favor,
20241212,85,8,,proposicion_ley,,,,,False,Rechazada,169,176,0,A favor,En contra,A favor,En contra,En contra,En contra,En contra,En contra,En contra,En contra,En contra,A favor,
20241212,85,9,,proposicion_ley,,,,,False,Rechazada,33,176,137,Abstención,En contra,A favor,En contra,En contra,En contra,En contra,En contra,En contra,En contra,En contra,Abstención,
20241212,85,10,,otro,,,,,False,Aprobada,312,33,0,A favor,A favor,En contra,A favor,A favor,A favor,A favor,A favor,A favor,A favor,A favor,A favor,
20241212,85,11,,proyecto_ley,,,,Gobierno,False,Aprobada,346,0,0,A favor,A favor,A favor,A favor,A favor,A favor,A favor,A favor,A favor,A favor,A favor,A favor,
20241212,85,12,,proposicion_ley,,,,,False,Rechazada,136,177,33,A favor,En contra,Abstención,En contra,En contra,En contra,En contra,En contra,En contra,En contra,En contra,En contra,
20241212,85,13,,proyecto_ley,,,,Gobierno,False,Aprobada,346,0,0,A favor,A favor,A favor,A favor,A favor,A favor,A favor,A favor,A favor,A favor,A favor,A favor,
20241212,85,14,,otro,,,,,False,Aprobada,313,33,0,A favor,A favor,En contra,A favor,A favor,A favor,A favor,A favor,A favor,A favor,A favor,A favor,
20241217,86,1,,proposicion_ley,,,,,False,Aprobada,176,169,0,En contra,A favor,En contra,A favor,A favor,A favor,A favor,A favor,A favor,A favor,A favor,En contra,
20241217,86,2,,proposicion_ley,,,,PSOE,False,Aprobada,311,33,0,A favor,A favor,En contra,A favor,A favor,A favor,A favor,A favor,A favor,A favor,A favor,A favor,
20241219,88,1,,proyecto_ley,,,,Gobierno,False,Rechazada,44,303,1,En contra,En contra,En contra,A favor,A favor,En contra,A favor,En contra,A favor,Abstención,En contra,En contra,
20241219,88,2,,proyecto_ley,,,,Gobierno,False,Rechazada,16,331,1,En contra,En contra,En contra,En contra,A favor,En contra,A favor,En contra,A favor,Abstención,En contra,En contra,
20241219,88,3,,proyecto_ley,,,,Gobierno,False,Rechazada,56,291,0,En contra,En contra,En contra,A favor,A favor,A favor,A favor,A favor,A favor,A favor,En contra,En contra,
20241219,88,4,,proyecto_ley,,,,Gobierno,False,Rechazada,24,297,27,En contra,En contra,En contra,Abstención,A favor,A favor,A favor,En contra,A favor,A favor,En contra,En contra,
20241219,88,5,,proyecto_ley,,,,Gobierno,False,Rechazada,51,162,134,Abstención,En contra,En contra,A favor,A favor,A favor,A favor,En contra,A favor,A favor,En contra,Abstención,
20241219,88,6,,proyecto_ley,,,,Gobierno,False,Rechazada,17,304,27,En contra,En contra,En contra,Abstención,A favor,En contra,A favor,En contra,A favor,A favor,En contra,En contra,
20241219,88,7,,proyecto_ley,,,,Gobierno,False,Rechazada,36,279,33,En contra,En contra,A favor,Abstención,En contra,En contra,En contra,Abstención,En contra,Abstención,A favor,A favor,
20241219,88,8,,proyecto_ley,,,,Gobierno,False,Aprobada,297,23,28,A favor,A favor,A favor,Abstención,En contra,En contra,A favor,En contra,En contra,Abstención,A favor,A favor,
20241219,88,9,,proyecto_ley,,,,Gobierno,False,Rechazada,35,150,163,Abstención,En contra,A favor,Abstención,En contra,En contra,En contra,En contra,En contra,A favor,A favor,A favor,
20241219,88,10,,proyecto_ley,,,,Gobierno,False,Rechazada,2,345,0,En contra,En contra,En contra,En contra,En contra,En contra,En contra,En contra,En contra,En contra,A favor,A favor,
20241219,88,11,,proyecto_ley,,,,Gobierno,False,Rechazada,170,178,0,A favor,En contra,A favor,En contra,En contra,En contra,En contra,En contra,En contra,En contra,A favor,A favor,
20241219,88,12,,proyecto_ley,,,,Gobierno,False,Aprobada,171,167,10,A favor,En contra,A favor,En contra,En contra,En contra,Abstención,Abstención,En contra,En contra,A favor,A favor,
20241219,88,13,,proyecto_ley,,,,Gobierno,False,Rechazada,152,194,0,En contra,A favor,En contra,En contra,A favor,A favor,A favor,A favor,A favor,A favor,A favor,A favor,
20241219,88,14,,proyecto_ley,,,,Gobierno,False,Rechazada,29,318,0,En contra,En contra,En contra,En contra,A favor,A favor,A favor,A favor,A favor,A favor,En contra,En contra,
20241219,88,15,,proyecto_ley,,,,Gobierno,False,Rechazada,50,296,0,En contra,En contra,En contra,A favor,A favor,A favor,A favor,En contra,A favor,A favor,En contra,En contra,
20241219,88,16,,proyecto_ley,,,,Gobierno,False,Rechazada,23,324,1,En contra,En contra,En contra,En contra,A favor,A favor,A favor,En contra,A favor,Abstención,En contra,En contra,
20241219,88,17,,proyecto_ley,,,,Gobierno,False,Aprobada,161,159,27,A favor,En contra,En contra,Abstención,A favor,A favor,A favor,En contra,A favor,A favor,En contra,A favor,
20241219,88,18,,proyecto_ley,,,,Gobierno,False,Rechazada,16,298,33,En contra,En contra,En contra,Abstención,A favor,En contra,A favor,Abstención,A favor,Abstención,En contra,En contra,
20241219,88,19,,proyecto_ley,,,,Gobierno,False,Rechazada,43,266,38,En contra,En contra,Abstención,A favor,A favor,En contra,A favor,Abstención,A favor,A favor,En contra,En contra,
20241219,88,20,,proyecto_ley,,,,Gobierno,False,Rechazada,43,162,142,Abstención,En contra,En contra,A favor,A favor,En contra,A favor,Abstención,A favor,Abstención,En contra,Abstención,
20241219,88,21,,proyecto_ley,,,,Gobierno,False,Rechazada,51,260,37,En contra,En contra,Abstención,A favor,A favor,A favor,A favor,Abstención,A favor,A favor,En contra,En contra,
20241219,88,22,,proyecto_ley,,,,Gobierno,False,Rechazada,44,292,12,En contra,En contra,En contra,A favor,A favor,Abstención,A favor,Abstención,A favor,A favor,En contra,En contra,
20241219,88,23,,proyecto_ley,,,,Gobierno,False,Rechazada,51,296,0,En contra,En contra,En contra,A favor,A favor,A favor,A favor,En contra,A favor,A favor,En contra,En contra,
20241219,88,24,,proyecto_ley,,,,Gobierno,False,Rechazada,44,297,6,En contra,En contra,En contra,A favor,A favor,En contra,A favor,Abstención,A favor,A favor,Abstención,En contra,
20241219,88,25,,proyecto_ley,,,,Gobierno,False,Rechazada,44,303,0,En contra,En contra,En contra,A favor,A favor,En contra,A favor,En contra,A favor,A favor,En contra,En contra,
20241219,88,26,,proyecto_ley,,,,Gobierno,False,Rechazada,33,178,137,Abstención,En contra,A favor,En contra,En contra,En contra,En contra,En contra,En contra,En contra,En contra,Abstención,
20241219,88,27,,proyecto_ley,,,,Gobierno,False,Rechazada,169,178,0,A favor,En contra,A favor,En contra,En contra,En contra,En contra,En contra,En contra,En contra,En contra,A favor,
20241219,88,28,,proyecto_ley,,,,Gobierno,False,Rechazada,33,315,0,En contra,En contra,A favor,En contra,En contra,En contra,En contra,En contra,En contra,En contra,En contra,En contra,
20241219,88,29,,proyecto_ley,,,,Gobierno,False,Rechazada,168,170,10,En contra,A favor,En contra,A favor,A favor,A favor,A favor,Abstención,Abstención,Abstención,A favor,En contra,
20241219,88,30,,proyecto_ley,,,,Gobierno,False,Rechazada,126,198,21,En contra,A favor,En contra,En contra,Abstención,A favor,Abstención,Abstención,Abstención,Abstención,A favor,En contra,
20241219,88,31,,proyecto_ley,,,,Gobierno,False,Rechazada,165,177,6,En contra,A favor,En contra,A favor,A favor,En contra,A favor,Abstención,A favor,Abstención,A favor,En contra,
20241219,88,32,,proyecto_ley,,,,Gobierno,False,Rechazada,170,178,0,A favor,En contra,A favor,En contra,En contra,En contra,En contra,En contra,En contra,En contra,En contra,A favor,
20241219,88,33,,proyecto_ley,,,,Gobierno,False,Rechazada,136,173,38,A favor,En contra,Abstención,En contra,En contra,En contra,En contra,Abstención,En contra,En contra,En contra,A favor,
20241219,88,34,,proyecto_ley,,,,Gobierno,False,Rechazada,137,209,2,A favor,En contra,En contra,En contra,En contra,En contra,En contra,En contra,En contra,Abstención,En contra,A favor,
20241219,88,35,,proyecto_ley,,,,Gobierno,False,Rechazada,137,210,1,A favor,En contra,En contra,En contra,En contra,En contra,En contra,En contra,En contra,Abstención,En contra,A favor,
20241219,88,36,,proyecto_ley,,,,Gobierno,False,Rechazada,144,204,0,A favor,En contra,En contra,En contra,En contra,A favor,En contra,En contra,En contra,En contra,En contra,A favor,
20241219,88,37,,proyecto_ley,,,,Gobierno,False,Rechazada,174,174,0,A favor,En contra,A favor,En contra,En contra,A favor,En contra,En contra,En contra,En contra,En contra,A favor,
20241219,88,38,,proyecto_ley,,,,Gobierno,False,Aprobada,178,170,0,A favor,En contra,A favor,En contra,En contra,A favor,En contra,En contra,En contra,En contra,En contra,A favor,
20241219,88,39,,proyecto_ley,,,,Gobierno,False,Rechazada,145,166,37,A favor,En contra,Abstención,En contra,En contra,A favor,En contra,Abstención,En contra,En contra,En contra,A favor,
20241219,88,40,,proyecto_ley,,,,Gobierno,False,Rechazada,151,159,38,A favor,En contra,Abstención,En contra,A favor,A favor,En contra,Abstención,En contra,En contra,En contra,A favor,
20241219,88,41,,proyecto_ley,,,,Gobierno,False,Rechazada,170,178,0,A favor,En contra,A favor,En contra,En contra,En contra,En contra,En contra,En contra,En contra,En contra,A favor,
20241219,88,42,,proyecto_ley,,,,Gobierno,False,Aprobada,177,171,0,A favor,En contra,A favor,En contra,En contra,A favor,En contra,En contra,En contra,En contra,En contra,A favor,
20241219,88,43,,proyecto_ley,,,,Gobierno,False,Rechazada,169,176,0,A favor,En contra,A favor,En contra,En contra,En contra,En contra,En contra,En contra,En contra,En contra,A favor,
20241219,88,44,,proyecto_ley,,,,Gobierno,False,Aprobada,177,171,0,A favor,En contra,A favor,En contra,En contra,A favor,En contra,En contra,En contra,En contra,En contra,A favor,
20241219,88,45,,proyecto_ley,,,,Gobierno,False,Rechazada,137,210,0,A favor,En contra,En contra,En contra,En contra,En contra,En contra,En contra,En contra,En contra,En contra,A favor,
20241219,88,46,,proyecto_ley,,,,Gobierno,False,Rechazada,143,203,0,A favor,En contra,En contra,En contra,En contra,A favor,En contra,En contra,En contra,En contra,En contra,A favor,
20241219,88,47,,proyecto_ley,,,,Gobierno,False,Rechazada,134,178,33,A favor,En contra,Abstención,En contra,En contra,En contra,En contra,En contra,En contra,En contra,En contra,A favor,
20241219,88,48,,proyecto_ley,,,,Gobierno,False,Rechazada,171,177,0,En contra,A favor,En contra,A favor,A favor,En contra,A favor,A favor,A favor,A favor,A favor,En contra,
20241219,88,49,,proyecto_ley,,,,Gobierno,False,Rechazada,164,177,5,En contra,A favor,En contra,A favor,A favor,En contra,A favor,Abstención,A favor,Abstención,A favor,En contra,
20241219,88,50,,proyecto_ley,,,,Gobierno,False,Rechazada,172,176,0,En contra,A favor,En contra,A favor,A favor,En contra,A favor,A favor,A favor,A favor,A favor,En contra,
20241219,88,51,,proyecto_ley,,,,Gobierno,False,Rechazada,121,222,5,En contra,A favor,En contra,En contra,En contra,En contra,En contra,Abstención,En contra,En contra,A favor,En contra,
20241219,88,52,,proyecto_ley,,,,Gobierno,False,Rechazada,157,176,14,En contra,A favor,En contra,A favor,Abstención,En contra,A favor,Abstención,A favor,Abstención,Abstención,En contra,
20241219,88,53,,proyecto_ley,,,,Gobierno,False,Rechazada,170,178,0,A favor,En contra,A favor,En contra,En contra,En contra,En contra,En contra,En contra,En contra,En contra,A favor,
20241219,88,54,,proyecto_ley,,,,Gobierno,False,Aprobada,173,170,5,En contra,A favor,En contra,A favor,A favor,A favor,A favor,Abstención,A favor,A favor,A favor,En contra,
20241219,88,55,,proyecto_ley,,,,Gobierno,False,Aprobada,177,169,0,En contra,A favor,En contra,A favor,A favor,A favor,A favor,A favor,A favor,A favor,A favor,En contra,
20241219,88,56,121/000020,proyecto_ley,,,,Gobierno,False,Rechazada,165,172,12,En contra,A favor,En contra,A favor,A favor,Abstención,A favor,Abstención,A favor,A favor,A favor,En contra,
20241219,88,57,,PNL,,,,PP,False,Aprobada,348,0,0,A favor,A favor,A favor,A favor,A favor,A favor,A favor,A favor,A favor,A favor,A favor,A favor,
20241219,88,58,,mocion,Punto 1,,,PNV,False,Aprobada,164,151,34,A favor,En contra,Abstención,En contra,A favor,A favor,A favor,A favor,En contra,Abstención,A favor,A favor,
20241219,88,59,,mocion,Punto 2,,,PNV,False,Aprobada,164,150,33,A favor,En contra,Abstención,En contra,A favor,A favor,A favor,A favor,En contra,Abstención,A favor,A favor,
20241219,88,60,,mocion,Punto 3,,,PNV,False,Aprobada,192,4,153,A favor,Abstención,Abstención,A favor,A favor,A favor,A favor,A favor,En contra,A favor,A favor,A favor,
20241219,88,61,,mocion,Punto 4,,,PNV,False,Aprobada,192,124,33,A favor,En contra,Abstención,A favor,A favor,A favor,A favor,A favor,En contra,A favor,A favor,A favor,
20241219,88,62,,mocion,Punto 5,,,PNV,False,Aprobada,271,38,40,A favor,A favor,Abstención,En contra,En contra,A favor,Abstención,A favor,En contra,Abstención,A favor,A favor,
20241219,88,63,,mocion,Punto 6,,,PNV,False,Aprobada,301,4,40,A favor,A favor,Abstención,A favor,A favor,A favor,Abstención,A favor,En contra,Abstención,A favor,A favor,
20241219,88,64,,mocion,Punto 7,,,PNV,False,Aprobada,284,31,34,A favor,A favor,Abstención,En contra,A favor,A favor,A favor,A favor,En contra,Abstención,A favor,A favor,
20241219,88,65,,mocion,Punto 8,,,PNV,False,Aprobada,311,37,1,A favor,A favor,En contra,A favor,A favor,A favor,A favor,A favor,En contra,Abstención,A favor,A favor,
20241219,88,66,,mocion,,,,Vox,False,Rechazada,33,177,138,Abstención,En contra,A favor,En contra,En contra,En contra,En contra,En contra,En contra,En contra,En contra,Abstención,
20241219,88,67,,mocion,Punto 1,,,ERC,False,Rechazada,23,147,179,Abstención,En contra,Abstención,En contra,A favor,Abstención,A favor,A favor,A favor,A favor,Abstención,Abstención,
20241219,88,68,,mocion,Punto 2,,,ERC,False,Rechazada,23,147,179,Abstención,En contra,Abstención,En contra,A favor,Abstención,A favor,A favor,A favor,A favor,Abstención,Abstención,
20241219,88,69,,mocion,Punto 3,,,ERC,False,Aprobada,307,0,41,A favor,A favor,Abstención,A favor,A favor,Abstención,A favor,A favor,A favor,A favor,A favor,A favor,
20241219,88,70,,mocion,Punto 4,,,ERC,False,Aprobada,172,0,176,Abstención,A favor,Abstención,A favor,A favor,Abstención,A favor,A favor,A favor,A favor,A favor,A favor,
20241219,88,71,,mocion,Punto 5,,,ERC,False,Aprobada,172,0,177,Abstención,A favor,Abstención,A favor,A favor,Abstención,A favor,A favor,A favor,A favor,A favor,A favor,
20241219,88,72,,mocion,Punto 6,,,ERC,False,Aprobada,25,0,323,Abstención,Abstención,Abstención,Abstención,A favor,Abstención,A favor,A favor,A favor,A favor,A favor,A favor,
20241219,88,73,,mocion,Punto 7,,,ERC,False,Aprobada,28,23,298,Abstención,Abstención,Abstención,Abstención,A favor,A favor,A favor,Abstención,A favor,A favor,A favor,A favor,
20241219,88,74,,mocion,Punto 8,,,ERC,False,Rechazada,18,296,35,En contra,En contra,Abstención,En contra,A favor,En contra,A favor,En contra,A favor,A favor,Abstención,Abstención,
20241219,88,75,,mocion,Punto 9,,,ERC,False,Aprobada,310,0,38,A favor,A favor,Abstención,A favor,A favor,A favor,A favor,Abstención,A favor,A favor,A favor,A favor,
20241219,88,76,,mocion,Punto 10,,,ERC,False,Aprobada,311,0,37,A favor,A favor,Abstención,A favor,A favor,A favor,A favor,Abstención,A favor,A favor,A favor,A favor,
20241219,88,77,,mocion,Punto 11,,,ERC,False,Aprobada,309,0,40,A favor,A favor,Abstención,A favor,A favor,Abstención,A favor,A favor,A favor,A favor,A favor,A favor,
20241219,88,78,,mocion,Punto 12,,,ERC,False,Aprobada,166,3,178,Abstención,A favor,Abstención,A favor,A favor,Abstención,A favor,Abstención,A favor,A favor,A favor,A favor,
20241219,88,79,,mocion,Punto 13,,,ERC,False,Rechazada,23,283,43,En contra,En contra,Abstención,En contra,A favor,Abstención,A favor,A favor,A favor,A favor,Abstención,Abstención,
20241219,88,80,,mocion,Punto 1,,,PP,False,Rechazada,171,178,0,A favor,En contra,A favor,En contra,En contra,En contra,En contra,En contra,En contra,En contra,En contra,A favor,
20241219,88,81,,mocion,Punto 2,,,PP,False,Rechazada,171,178,0,A favor,En contra,A favor,En contra,En contra,En contra,En contra,En contra,En contra,En contra,En contra,A favor,
20241219,88,82,,mocion,Punto 3,,,PP,False,Rechazada,171,178,0,A favor,En contra,A favor,En contra,En contra,En contra,En contra,En contra,En contra,En contra,En contra,A favor,
20241219,88,83,,mocion,Punto 4,,,PP,False,Rechazada,171,178,0,A favor,En contra,A favor,En contra,En contra,En contra,En contra,En contra,En contra,En contra,En contra,A favor,
20241219,88,84,,mocion,Punto 5,,,PP,False,Rechazada,170,178,0,A favor,En contra,A favor,En contra,En contra,En contra,En contra,En contra,En contra,En contra,En contra,A favor,
20241219,88,85,,proyecto_ley,,,,Gobierno,False,Aprobada,176,33,138,Abstención,A favor,En contra,A favor,A favor,A favor,A favor,A favor,A favor,A favor,A favor,Abstención,
20241219,88,86,,otro,,,,,False,Aprobada,316,33,0,A favor,A favor,En contra,A favor,A favor,A favor,A favor,A favor,A favor,A favor,A favor,A favor,
20241219,88,87,,proyecto_ley,,,,Gobierno,False,Aprobada,348,0,0,A favor,A favor,A favor,A favor,A favor,A favor,A favor,A favor,A favor,A favor,A favor,A favor,
20241219,88,88,,proyecto_ley,,,,Gobierno,False,Aprobada,177,170,0,En contra,A favor,En contra,A favor,A favor,A favor,A favor,A favor,A favor,A favor,A favor,En contra,
20241219,88,89,,otro,,,,,False,Aprobada,348,0,1,A favor,A favor,A favor,A favor,A favor,A favor,A favor,A favor,A favor,Abstención,A favor,A favor,
20241219,88,90,,proyecto_ley,,,,Gobierno,False,Rechazada,138,178,33,A favor,En contra,Abstención,En contra,En contra,En contra,En contra,En contra,En contra,En contra,En contra,A favor,
20241219,88,91,,proyecto_ley,,,,Gobierno,False,Aprobada,178,171,0,A favor,En contra,A favor,En contra,En contra,A favor,En contra,En contra,En contra,En contra,En contra,A favor,
20241219,88,92,,proyecto_ley,,,,Gobierno,False,Rechazada,171,177,0,A favor,En contra,A favor,En contra,En contra,En contra,En contra,En contra,En contra,En contra,En contra,A favor,
20241219,88,93,,proyecto_ley,,,,Gobierno,False,Rechazada,138,177,33,A favor,En contra,Abstención,En contra,En contra,En contra,En contra,En contra,En contra,En contra,En contra,A favor,
20241219,88,94,,proyecto_ley,,,,Gobierno,False,Aprobada,311,38,0,A favor,A favor,A favor,En contra,A favor,A favor,En contra,A favor,En contra,En contra,A favor,A favor,
20241219,88,95,,proyecto_ley,,,,Gobierno,False,Rechazada,171,178,0,A favor,En contra,A favor,En contra,En contra,En contra,En contra,En contra,En contra,En contra,En contra,A favor,
20241219,88,96,,proyecto_ley,,,,Gobierno,False,Aprobada,181,167,1,A favor,En contra,A favor,En contra,En contra,A favor,En contra,En contra,En contra,Abstención,En contra,A favor,
20241219,88,97,,proyecto_ley,,,,Gobierno,False,Rechazada,171,178,0,A favor,En contra,A favor,En contra,En contra,En contra,En contra,En contra,En contra,En contra,En contra,A favor,
20241219,88,98,,proyecto_ley,,,,Gobierno,False,Aprobada,179,170,0,A favor,En contra,A favor,En contra,En contra,A favor,En contra,En contra,En contra,A favor,En contra,A favor,
20241219,88,99,,proyecto_ley,,,,Gobierno,False,Rechazada,138,178,33,A favor,En contra,Abstención,En contra,En contra,En contra,En contra,En contra,En contra,En contra,En contra,A favor,
20241219,88,100,,proyecto_ley,,,,Gobierno,False,Rechazada,171,177,0,A favor,En contra,A favor,En contra,En contra,En contra,En contra,En contra,En contra,En contra,En contra,A favor,
20241219,88,101,,proyecto_ley,,,,Gobierno,False,Rechazada,138,211,0,A favor,En contra,En contra,En contra,En contra,En contra,En contra,En contra,En contra,En contra,En contra,A favor,
20241219,88,102,,proyecto_ley,,,,Gobierno,False,Rechazada,171,177,1,A favor,En contra,A favor,En contra,En contra,En contra,En contra,En contra,En contra,En contra,Abstención,A favor,
20241219,88,103,,proyecto_ley,,,,Gobierno,False,Aprobada,183,166,0,A favor,En contra,A favor,En contra,En contra,A favor,En contra,A favor,En contra,En contra,En contra,A favor,
20241219,88,104,,proyecto_ley,,,,Gobierno,False,Rechazada,171,178,0,A favor,En contra,A favor,En contra,En contra,En contra,En contra,En contra,En contra,En contra,En contra,A favor,
20241219,88,105,,proyecto_ley,,,,Gobierno,False,Rechazada,171,178,0,A favor,En contra,A favor,En contra,En contra,En contra,En contra,En contra,En contra,En contra,En contra,A favor,
20241219,88,106,,proyecto_ley,,,,Gobierno,False,Aprobada,348,0,0,A favor,A favor,A favor,A favor,A favor,A favor,A favor,A favor,A favor,A favor,A favor,A favor,
20241219,88,107,158/000012,otro,,,,,False,Aprobada,317,31,0,A favor,A favor,En contra,A favor,A favor,A favor,A favor,A favor,A favor,A favor,A favor,A favor,
20250122,89,1,,otro,,,,,False,Rechazada,171,177,1,En contra,A favor,En contra,A favor,A favor,En contra,A favor,A favor,A favor,A favor,A favor,Abstención,
20250122,89,2,,otro,,,,,False,Rechazada,165,183,1,En contra,A favor,En contra,A favor,A favor,En contra,A favor,En contra,A favor,A favor,Abstención,En contra,
20250122,89,3,,otro,,,,,False,Aprobada,298,51,0,A favor,A favor,En contra,A favor,A favor,En contra,En contra,A favor,En contra,En contra,A favor,A favor,
20250122,89,4,,proyecto_ley,,,,Gobierno,False,Aprobada,349,0,0,A favor,A favor,A favor,A favor,A favor,A favor,A favor,A favor,A favor,A favor,A favor,A favor,
20250122,89,5,,otro,,,,,False,Aprobada,345,0,0,,,,,,,,,,,,,
20250211,90,1,,proposicion_ley,,,,,False,Aprobada,344,0,0,A favor,A favor,A favor,A favor,A favor,A favor,A favor,A favor,A favor,A favor,A favor,A favor,
20250211,90,2,,proposicion_ley,,,,PP,False,Rechazada,171,173,0,A favor,En contra,A favor,En contra,En contra,En contra,En contra,En contra,En contra,En contra,A favor,A favor,
20250212,91,1,,PNL,,,,PP,False,Aprobada,171,164,14,A favor,En contra,A favor,En contra,Abstención,Abstención,En contra,En contra,En contra,En contra,En contra,A favor,
20250212,91,2,,PNL,,,,PSOE,False,Aprobada,316,33,0,A favor,A favor,En contra,A favor,A favor,A favor,A favor,A favor,A favor,A favor,A favor,A favor,
20250212,91,3,,mocion,,,,Mixto,False,Aprobada,315,33,0,A favor,A favor,En contra,A favor,A favor,A favor,A favor,A favor,A favor,A favor,A favor,A favor,
20250212,91,4,,mocion,,,,Vox,False,Rechazada,33,177,138,Abstención,En contra,A favor,En contra,En contra,En contra,En contra,En contra,En contra,En contra,En contra,Abstención,
20250212,91,5,,mocion,Punto 1,,,PP,False,Rechazada,169,178,0,A favor,En contra,A favor,En contra,En contra,En contra,En contra,En contra,En contra,En contra,En contra,A favor,
20250212,91,6,,mocion,Punto 2,,,PP,False,Rechazada,170,178,0,A favor,En contra,A favor,En contra,En contra,En contra,En contra,En contra,En contra,En contra,En contra,A favor,
20250212,91,7,,mocion,Punto 3,,,PP,False,Rechazada,171,176,0,A favor,En contra,A favor,En contra,En contra,En contra,En contra,En contra,En contra,En contra,En contra,A favor,
20250212,91,8,,mocion,Punto 4,,,PP,False,Rechazada,171,177,0,A favor,En contra,A favor,En contra,En contra,En contra,En contra,En contra,En contra,En contra,En contra,A favor,
20250212,91,9,,mocion,Punto 5,,,PP,False,Rechazada,171,178,0,A favor,En contra,A favor,En contra,En contra,En contra,En contra,En contra,En contra,En contra,En contra,A favor,
20250212,91,10,,mocion,Punto 6,,,PP,False,Rechazada,171,178,0,A favor,En contra,A favor,En contra,En contra,En contra,En contra,En contra,En contra,En contra,En contra,A favor,
20250212,91,11,,mocion,Punto 7,,,PP,False,Rechazada,171,177,0,A favor,En contra,A favor,En contra,En contra,En contra,En contra,En contra,En contra,En contra,En contra,A favor,
20250212,91,12,,otro,,,,,False,Aprobada,315,33,1,A favor,A favor,En contra,A favor,A favor,A favor,A favor,A favor,A favor,A favor,A favor,Abstención,
20250212,91,13,,proyecto_ley,,,,Gobierno,False,Aprobada,347,1,0,A favor,A favor,A favor,A favor,A favor,A favor,A favor,A favor,A favor,A favor,A favor,A favor,
20250212,91,14,,convenio,,,,Gobierno,False,Aprobada,327,1,20,A favor,A favor,A favor,A favor,Abstención,Abstención,Abstención,A favor,A favor,Dividido,A favor,A favor,
20250212,91,15,,convenio,,,,Gobierno,False,Aprobada,327,0,20,A favor,A favor,A favor,A favor,Abstención,Abstención,Abstención,A favor,A favor,Dividido,A favor,A favor,
20250212,91,16,,convenio,,,,Gobierno,False,Aprobada,294,0,53,A favor,A favor,Abstención,A favor,Abstención,Abstención,Abstención,A favor,A favor,Dividido,A favor,A favor,
20250212,91,17,,convenio,,,,Gobierno,False,Aprobada,328,0,20,A favor,A favor,A favor,A favor,Abstención,Abstención,Abstención,A favor,A favor,Dividido,A favor,A favor,
20250212,91,18,,otro,,,,,False,Aprobada,348,0,0,A favor,A favor,A favor,A favor,A favor,A favor,A favor,A favor,A favor,A favor,A favor,A favor,
20250218,92,1,,proposicion_ley,,,,,False,Aprobada,299,37,6,A favor,A favor,En contra,A favor,A favor,A favor,Abstención,A favor,En contra,Dividido,A favor,A favor,
20250218,92,2,,proposicion_ley,,,,Vox,False,Rechazada,169,174,0,A favor,En contra,A favor,En contra,En contra,En contra,En contra,En contra,En contra,Dividido,En contra,En contra,
20250219,93,1,,PNL,,,,Vox,False,Rechazada,32,175,137,Abstención,En contra,A favor,En contra,En contra,En contra,En contra,En contra,En contra,Dividido,En contra,Abstención,
20250219,93,2,,PNL,Punto 1,,,Plurinacional SUMAR,False,Aprobada,174,152,17,A favor,En contra,En contra,A favor,A favor,Abstención,Abstención,Abstención,A favor,Dividido,A favor,Dividido,
20250219,93,3,,PNL,Punto 2,,,Plurinacional SUMAR,False,Aprobada,290,33,21,A favor,A favor,En contra,A favor,Abstención,Abstención,Abstención,A favor,A favor,Dividido,A favor,Abstención,
20250219,93,5,,mocion,Punto 1,,,Mixto,False,Rechazada,12,301,31,En contra,En contra,En contra,Abstención,A favor,En contra,Abstención,En contra,A favor,Dividido,En contra,En contra,
20250219,93,6,,mocion,Punto 2,,,Mixto,False,Rechazada,42,298,0,En contra,En contra,En contra,A favor,A favor,En contra,A favor,En contra,A favor,Dividido,En contra,En contra,
20250219,93,7,,mocion,Punto 3,,,Mixto,False,Rechazada,43,175,126,En contra,Abstención,En contra,A favor,A favor,Abstención,A favor,En contra,A favor,Dividido,Abstención,En contra,
20250219,93,8,,mocion,Punto 4,,,Mixto,False,Rechazada,43,301,0,En contra,En contra,En contra,A favor,A favor,En contra,A favor,En contra,A favor,Dividido,En contra,En contra,
20250219,93,9,,mocion,Punto 5,,,Mixto,False,Rechazada,46,296,0,En contra,En contra,En contra,A favor,A favor,En contra,A favor,A favor,A favor,Dividido,A favor,En contra,
20250219,93,10,,mocion,,,,Vox,False,Rechazada,33,175,136,Abstención,En contra,A favor,En contra,En contra,En contra,En contra,En contra,En contra,Dividido,En contra,Abstención,
20250219,93,11,,mocion,Punto 1,,,PP,False,Aprobada,173,170,1,A favor,En contra,A favor,En contra,En contra,En contra,En contra,A favor,En contra,Dividido,Abstención,A favor,
20250219,93,12,,mocion,Punto 2,,,PP,False,Aprobada,292,26,25,A favor,A favor,A favor,Abstención,En contra,En contra,En contra,A favor,En contra,Dividido,A favor,A favor,
20250219,93,13,,mocion,Punto 3,,,PP,False,Aprobada,293,50,0,A favor,A favor,A favor,En contra,En contra,En contra,En contra,A favor,En contra,Dividido,A favor,A favor,
20250219,93,14,,mocion,Punto 4,,,PP,False,Aprobada,172,163,7,A favor,En contra,A favor,En contra,En contra,Abstención,En contra,A favor,En contra,Dividido,A favor,A favor,
20250219,93,15,,mocion,Punto 5,,,PP,False,Rechazada,169,175,0,A favor,En contra,A favor,En contra,En contra,En contra,En contra,En contra,En contra,Dividido,En contra,A favor,
20250219,93,16,,mocion,Punto 6,,,PP,False,Aprobada,180,162,0,A favor,En contra,A favor,En contra,En contra,A favor,En contra,A favor,En contra,Dividido,A favor,A favor,
20250225,94,1,,proposicion_ley,,,,Plurinacional SUMAR,False,Aprobada,195,116,33,A favor,En contra,Abstención,A favor,A favor,A favor,A favor,A favor,A favor,A favor,A favor,A favor,
20250225,94,2,,proposicion_ley,,,,PNV,False,Rechazada,124,186,34,En contra,A favor,Abstención,En contra,En contra,En contra,En contra,A favor,En contra,Abstención,A favor,A favor,
20250226,95,1,,otro,,,,,False,Rechazada,51,296,0,En contra,En contra,En contra,A favor,A favor,A favor,A favor,En contra,A favor,A favor,En contra,En contra,
20250226,95,2,,otro,,,,,False,Rechazada,18,296,33,En contra,En contra,En contra,Abstención,A favor,Abstención,A favor,En contra,A favor,A favor,En contra,En contra,
20250226,95,3,,otro,,,,,False,Rechazada,51,263,33,En contra,En contra,A favor,Abstención,A favor,Abstención,A favor,En contra,A favor,A favor,En contra,En contra,
20250226,95,4,,otro,,,,,False,Rechazada,11,305,31,En contra,En contra,En contra,Abstención,En contra,En contra,A favor,Abstención,A favor,A favor,En contra,En contra,
20250226,95,5,,otro,,,,,False,Rechazada,18,291,38,En contra,En contra,En contra,Abstención,A favor,Abstención,A favor,Abstención,A favor,A favor,En contra,En contra,
20250226,95,6,,otro,,,,,False,Rechazada,34,313,0,En contra,En contra,A favor,En contra,En contra,En contra,En contra,En contra,En contra,En contra,En contra,En contra,
20250226,95,7,,PNL,,,,Mixto,False,Rechazada,46,183,119,En contra,Abstención,En contra,A favor,A favor,En contra,A favor,En contra,A favor,A favor,En contra,En contra,
20250226,95,8,,mocion,Punto 1,,,Vox,False,Rechazada,33,177,138,Abstención,En contra,A favor,En contra,En contra,En contra,En contra,En contra,En contra,En contra,En contra,Abstención,
20250226,95,9,,mocion,Punto 2,,,Vox,False,Rechazada,32,315,0,En contra,En contra,A favor,En contra,En contra,En contra,En contra,En contra,En contra,En contra,En contra,En contra,
20250226,95,10,,mocion,Punto 3,,,Vox,False,Rechazada,33,176,139,Abstención,En contra,A favor,En contra,En contra,En contra,En contra,En contra,En contra,En contra,En contra,Abstención,
20250226,95,11,,mocion,Punto 4,,,Vox,False,Rechazada,32,174,135,Abstención,En contra,A favor,En contra,En contra,En contra,En contra,En contra,En contra,En contra,En contra,Abstención,
20250226,95,12,,mocion,Punto 5,,,Vox,False,Rechazada,33,177,138,Abstención,En contra,A favor,En contra,En contra,En contra,En contra,En contra,En contra,En contra,En contra,Abstención,
20250226,95,13,,mocion,Punto 6,,,Vox,False,Rechazada,170,177,0,A favor,En contra,A favor,En contra,En contra,En contra,En contra,En contra,En contra,En contra,En contra,A favor,
20250226,95,14,,mocion,Punto 7,,,Vox,False,Rechazada,171,177,0,A favor,En contra,A favor,En contra,En contra,En contra,En contra,En contra,En contra,En contra,En contra,A favor,
20250226,95,15,,mocion,Punto 8,,,Vox,False,Rechazada,171,177,0,A favor,En contra,A favor,En contra,En contra,En contra,En contra,En contra,En contra,En contra,En contra,A favor,
20250226,95,16,,mocion,Punto 9,,,Vox,False,Rechazada,170,177,0,A favor,En contra,A favor,En contra,En contra,En contra,En contra,En contra,En contra,En contra,En contra,A favor,
20250226,95,17,,mocion,Punto 1,,,PP,False,Rechazada,171,176,0,A favor,En contra,A favor,En contra,En contra,En contra,En contra,En contra,En contra,En contra,En contra,A favor,
20250226,95,18,,mocion,Punto 2,,,PP,False,Rechazada,171,177,0,A favor,En contra,A favor,En contra,En contra,En contra,En contra,En contra,En contra,En contra,En contra,A favor,
20250226,95,19,,mocion,Punto 3,,,PP,False,Rechazada,171,176,0,A favor,En contra,A favor,En contra,En contra,En contra,En contra,En contra,En contra,En contra,En contra,A favor,
20250226,95,20,,mocion,Punto 4,,,PP,False,Rechazada,170,177,0,A favor,En contra,A favor,En contra,En contra,En contra,En contra,En contra,En contra,En contra,En contra,A favor,
20250226,95,21,,mocion,Punto 5,,,PP,False,Rechazada,170,176,0,A favor,En contra,A favor,En contra,En contra,En contra,En contra,En contra,En contra,A favor,En contra,A favor,
20250226,95,22,,otro,,,,,False,Aprobada,315,33,0,A favor,A favor,En contra,A favor,A favor,A favor,A favor,A favor,A favor,A favor,A favor,A favor,
20250311,96,1,,proposicion_ley,,,,,False,Rechazada,56,282,1,En contra,En contra,En contra,A favor,A favor,A favor,A favor,A favor,A favor,A favor,Abstención,En contra,
20250311,96,2,,proposicion_ley,,,,PP,False,Aprobada,169,44,131,A favor,Abstención,A favor,En contra,En contra,Abstención,En contra,Abstención,En contra,En contra,A favor,A favor,
20250313,98,1,,PNL,,,,ERC,False,Aprobada,175,167,0,En contra,A favor,En contra,A favor,A favor,A favor,A favor,A favor,A favor,A favor,A favor,En contra,
20250313,98,2,,PNL,Punto 1,,,PP,False,Rechazada,172,174,0,A favor,En contra,A favor,En contra,En contra,En contra,En contra,En contra,En contra,En contra,A favor,A favor,
20250313,98,3,,PNL,Punto 2,,,PP,False,Rechazada,171,175,0,A favor,En contra,A favor,En contra,En contra,En contra,En contra,En contra,En contra,En contra,A favor,A favor,
20250313,98,4,,PNL,Punto 3,,,PP,False,Rechazada,170,176,0,A favor,En contra,A favor,En contra,En contra,En contra,En contra,En contra,En contra,En contra,En contra,A favor,
20250313,98,5,,PNL,Punto 4,,,PP,False,Rechazada,171,175,0,A favor,En contra,A favor,En contra,En contra,En contra,En contra,En contra,En contra,En contra,A favor,A favor,
20250313,98,6,,PNL,Punto 5,,,PP,False,Rechazada,170,176,0,A favor,En contra,A favor,En contra,En contra,En contra,En contra,En contra,En contra,En contra,En contra,A favor,
20250313,98,7,,PNL,Punto 6,,,PP,False,Rechazada,170,176,0,A favor,En contra,A favor,En contra,En contra,En contra,En contra,En contra,En contra,En contra,En contra,A favor,
20250313,98,8,,mocion,,,,Mixto,False,Aprobada,186,153,7,A favor,En contra,En contra,A favor,A favor,Abstención,A favor,A favor,A favor,A favor,En contra,A favor,
20250313,98,9,,mocion,,,,Vox,False,Rechazada,33,313,0,En contra,En contra,A favor,En contra,En contra,En contra,En contra,En contra,En contra,En contra,En contra,En contra,
20250313,98,10,,mocion,Punto 1,,,PP,False,Aprobada,170,168,7,A favor,En contra,A favor,En contra,En contra,Abstención,En contra,En contra,En contra,A favor,En contra,A favor,
20250313,98,11,,mocion,Punto 2,,,PP,False,Aprobada,171,167,7,A favor,En contra,A favor,En contra,En contra,Abstención,En contra,En contra,En contra,A favor,En contra,A favor,
20250313,98,12,,mocion,Punto 3,,,PP,False,Aprobada,175,163,8,A favor,En contra,A favor,En contra,En contra,Abstención,En contra,A favor,En contra,Abstención,A favor,A favor,
20250313,98,13,,mocion,Punto 4,,,PP,False,Aprobada,211,121,13,A favor,En contra,A favor,A favor,A favor,Abstención,Abstención,A favor,A favor,A favor,A favor,Abstención,
20250313,98,14,,mocion,Punto 5,,,PP,False,Rechazada,146,151,49,A favor,En contra,Abstención,En contra,A favor,Abstención,Abstención,Abstención,En contra,A favor,A favor,A favor,
20250313,98,15,,proyecto_ley,,,,Gobierno,True,Rechazada,33,175,137,Abstención,En contra,A favor,En contra,En contra,En contra,En contra,En contra,En contra,En contra,En contra,Abstención,
20250313,98,16,,proyecto_ley,,,,Gobierno,False,Rechazada,170,176,0,A favor,En contra,A favor,En contra,En contra,En contra,En contra,En contra,En contra,En contra,En contra,A favor,
20250313,98,17,,proyecto_ley,,,,Gobierno,False,Rechazada,170,175,0,A favor,En contra,A favor,En contra,En contra,En contra,En contra,En contra,En contra,En contra,En contra,A favor,
20250313,98,18,,convenio,,,,Gobierno,False,Aprobada,299,0,45,A favor,A favor,Abstención,A favor,Abstención,A favor,Abstención,A favor,A favor,Dividido,A favor,A favor,
20250313,98,19,,convenio,,,,Gobierno,False,Aprobada,292,0,52,A favor,A favor,Abstención,A favor,Abstención,Abstención,Abstención,A favor,A favor,Dividido,A favor,A favor,
20250313,98,20,,otro,,,,,False,Aprobada,176,169,1,En contra,A favor,En contra,A favor,A favor,A favor,A favor,A favor,A favor,A favor,A favor,Abstención,
20250313,98,21,,proyecto_ley,,,,Gobierno,False,Aprobada,326,1,16,A favor,A favor,A favor,A favor,A favor,Abstención,Abstención,Abstención,A favor,A favor,Dividido,A favor,
20250318,99,1,,proposicion_ley,,,,Junts,False,Aprobada,300,44,0,A favor,A favor,A favor,En contra,En contra,A favor,En contra,A favor,En contra,En contra,A favor,A favor,
20250318,99,2,,proposicion_ley,,,,PSOE,False,Aprobada,177,32,135,Abstención,A favor,En contra,A favor,A favor,A favor,A favor,A favor,A favor,A favor,A favor,A favor,
20250320,101,1,,proyecto_ley,,,,Gobierno,False,Rechazada,17,327,0,En contra,En contra,En contra,En contra,A favor,En contra,A favor,En contra,A favor,A favor,En contra,En contra,
20250320,101,2,,proyecto_ley,,,,Gobierno,False,Rechazada,33,312,0,En contra,En contra,A favor,En contra,En contra,En contra,En contra,En contra,En contra,En contra,En contra,En contra,
20250320,101,3,,proyecto_ley,,,,Gobierno,False,Rechazada,169,175,1,A favor,En contra,A favor,En contra,En contra,En contra,En contra,En contra,En contra,Abstención,En contra,A favor,
20250320,101,4,,PNL,,,,PSOE,False,Aprobada,166,33,147,Abstención,A favor,En contra,A favor,A favor,Abstención,A favor,Abstención,A favor,A favor,A favor,A favor,
20250320,101,5,,PNL,,,,PP,False,Rechazada,136,165,45,A favor,En contra,Abstención,En contra,En contra,Abstención,En contra,Abstención,En contra,En contra,En contra,A favor,
20250320,101,6,,mocion,Punto 1,,,Mixto,False,Aprobada,178,32,135,Abstención,A favor,En contra,A favor,A favor,A favor,A favor,A favor,A favor,A favor,A favor,A favor,
20250320,101,7,,mocion,Punto 2,,,Mixto,False,Aprobada,178,33,135,Abstención,A favor,En contra,A favor,A favor,A favor,A favor,A favor,A favor,A favor,A favor,A favor,
20250320,101,8,,mocion,Punto 3,,,Mixto,False,Rechazada,37,302,7,En contra,En contra,En contra,A favor,Abstención,En contra,A favor,En contra,A favor,A favor,En contra,En contra,
20250320,101,9,,mocion,Punto 4,,,Mixto,False,Rechazada,44,302,0,En contra,En contra,En contra,A favor,A favor,En contra,A favor,En contra,A favor,A favor,En contra,En contra,
20250320,101,10,,mocion,Punto 5,,,Mixto,False,Aprobada,172,34,139,Abstención,A favor,En contra,A favor,A favor,A favor,A favor,Abstención,A favor,A favor,A favor,Abstención,
20250320,101,11,,mocion,Punto 6,,,Mixto,False,Rechazada,37,302,7,En contra,En contra,En contra,A favor,Abstención,En contra,A favor,En contra,A favor,A favor,En contra,En contra,
20250320,101,12,,mocion,,,,Vox,False,Rechazada,33,177,136,Abstención,En contra,A favor,En contra,En contra,En contra,En contra,En contra,En contra,En contra,En contra,Abstención,
20250320,101,13,,mocion,,,,Mixto,False,Rechazada,169,172,5,A favor,En contra,A favor,En contra,En contra,En contra,En contra,Abstención,En contra,En contra,En contra,A favor,
20250320,101,14,,mocion,Punto 1,,,PP,False,Rechazada,170,176,0,A favor,En contra,A favor,En contra,En contra,En contra,En contra,En contra,En contra,En contra,En contra,A favor,
20250320,101,15,,mocion,Punto 2,,,PP,False,Rechazada,135,210,0,A favor,En contra,En contra,En contra,En contra,En contra,En contra,En contra,En contra,En contra,En contra,A favor,
20250320,101,16,,mocion,Punto 3,,,PP,False,Aprobada,175,170,0,A favor,En contra,A favor,En contra,En contra,En contra,En contra,A favor,En contra,En contra,A favor,A favor,
20250320,101,17,,mocion,Punto 4,,,PP,False,Rechazada,168,176,1,A favor,En contra,A favor,En contra,En contra,En contra,En contra,En contra,En contra,En contra,Abstención,A favor,
20250320,101,18,,mocion,Punto 5,,,PP,False,Rechazada,141,204,1,A favor,En contra,En contra,En contra,En contra,En contra,En contra,A favor,En contra,En contra,Abstención,A favor,
20250320,101,19,,proyecto_ley,,,,Gobierno,False,Rechazada,167,176,2,En contra,A favor,En contra,A favor,A favor,En contra,A favor,A favor,A favor,Abstención,A favor,Abstención,
20250320,101,20,,proyecto_ley,,,,Gobierno,False,Aprobada,309,37,0,A favor,A favor,En contra,A favor,A favor,A favor,A favor,A favor,En contra,A favor,A favor,A favor,
20250320,101,21,,proyecto_ley,,,,Gobierno,False,Rechazada,136,176,33,A favor,En contra,Abstención,En contra,En contra,En contra,En contra,En contra,En contra,En contra,Dividido,A favor,
20250320,101,22,,proyecto_ley,,,,Gobierno,False,Aprobada,263,50,33,A favor,A favor,Abstención,En contra,En contra,En contra,En contra,A favor,En contra,A favor,A favor,A favor,
20250320,101,23,,proyecto_ley,,,,Gobierno,False,Aprobada,275,37,34,A favor,A favor,Abstención,En contra,En contra,A favor,A favor,A favor,En contra,Abstención,A favor,A favor,
20250320,101,24,,proyecto_ley,,,,Gobierno,False,Rechazada,136,171,39,A favor,En contra,Abstención,En contra,En contra,En contra,En contra,Abstención,En contra,Abstención,En contra,A favor,
20250320,101,25,,proyecto_ley,,,,Gobierno,False,Rechazada,142,170,34,A favor,En contra,Abstención,En contra,En contra,En contra,A favor,En contra,En contra,Abstención,En contra,A favor,
20250320,101,26,,proyecto_ley,,,,Gobierno,False,Rechazada,136,209,1,A favor,En contra,En contra,En contra,En contra,En contra,En contra,En contra,En contra,Abstención,En contra,A favor,
20250320,101,27,,proyecto_ley,,,,Gobierno,False,Rechazada,136,170,39,A favor,En contra,Abstención,En contra,En contra,En contra,En contra,Abstención,En contra,Abstención,En contra,A favor,
20250320,101,28,,proyecto_ley,,,,Gobierno,False,Rechazada,136,174,34,A favor,En contra,Abstención,En contra,En contra,En contra,En contra,En contra,En contra,Abstención,En contra,A favor,
20250320,101,29,,proyecto_ley,,,,Gobierno,False,Aprobada,275,37,33,A favor,A favor,Abstención,En contra,En contra,A favor,A favor,A favor,En contra,A favor,A favor,A favor,
20250320,101,30,,proyecto_ley,Punto 2,,,Gobierno,False,Rechazada,154,158,34,A favor,En contra,Abstención,En contra,En contra,A favor,A favor,A favor,En contra,Abstención,En contra,A favor,
20250320,101,31,,proyecto_ley,,,,Gobierno,False,Rechazada,136,209,1,A favor,En contra,En contra,En contra,En contra,En contra,En contra,En contra,En contra,Abstención,En contra,A favor,
20250320,101,32,,proyecto_ley,,,,Gobierno,False,Rechazada,136,209,1,A favor,En contra,En contra,En contra,En contra,En contra,En contra,En contra,En contra,Abstención,En contra,A favor,
20250320,101,33,,proyecto_ley,,,,Gobierno,False,Rechazada,135,177,34,A favor,En contra,Abstención,En contra,En contra,En contra,En contra,En contra,En contra,Abstención,En contra,A favor,
20250320,101,34,,proyecto_ley,,,,Gobierno,False,Aprobada,300,45,1,A favor,A favor,En contra,A favor,En contra,A favor,A favor,A favor,En contra,Abstención,A favor,A favor,
20250320,101,35,,proyecto_ley,,,,Gobierno,False,Aprobada,297,15,34,A favor,A favor,Abstención,A favor,A favor,A favor,En contra,En contra,En contra,Abstención,A favor,A favor,
20250320,101,36,,proyecto_ley,,,,Gobierno,False,Aprobada,283,30,33,A favor,A favor,Abstención,En contra,A favor,A favor,A favor,A favor,En contra,A favor,A favor,A favor,
20250320,101,37,,proyecto_ley,Punto 4,,,Gobierno,False,Aprobada,331,10,5,A favor,A favor,A favor,A favor,A favor,A favor,En contra,Abstención,En contra,A favor,A favor,A favor,
20250320,101,38,,proyecto_ley,Punto 5,,,Gobierno,False,Rechazada,142,171,33,A favor,En contra,Abstención,En contra,En contra,En contra,En contra,Abstención,En contra,Abstención,En contra,A favor,
20250320,101,39,,proyecto_ley,,,,Gobierno,False,Aprobada,276,37,33,A favor,A favor,Abstención,En contra,En contra,A favor,A favor,A favor,En contra,A favor,A favor,A favor,
20250320,101,40,,proyecto_ley,,,,Gobierno,False,Rechazada,135,176,34,A favor,En contra,Abstención,En contra,En contra,En contra,En contra,En contra,En contra,Abstención,En contra,A favor,
20250320,101,41,,proyecto_ley,,,,Gobierno,False,Aprobada,276,36,33,A favor,A favor,Abstención,En contra,En contra,A favor,A favor,A favor,En contra,A favor,A favor,A favor,
20250320,101,42,,proyecto_ley,,,,Gobierno,False,Aprobada,301,10,34,A favor,A favor,Abstención,A favor,A favor,A favor,En contra,A favor,En contra,Abstención,A favor,A favor,
20250320,101,43,,proyecto_ley,,,,Gobierno,False,Aprobada,274,37,34,A favor,A favor,Abstención,En contra,En contra,A favor,A favor,A favor,En contra,Abstención,A favor,A favor,
20250320,101,44,,proyecto_ley,,,,Gobierno,False,Aprobada,309,37,0,A favor,A favor,En contra,A favor,A favor,A favor,A favor,A favor,En contra,A favor,A favor,A favor,
20250320,101,45,,proyecto_ley,,,,Gobierno,False,Rechazada,136,177,33,A favor,En contra,Abstención,En contra,En contra,En contra,En contra,En contra,En contra,En contra,En contra,A favor,
20250320,101,46,,proyecto_ley,,,,Gobierno,False,Aprobada,292,17,37,A favor,A favor,Abstención,A favor,En contra,A favor,En contra,Abstención,En contra,A favor,A favor,A favor,
20250320,101,47,,proyecto_ley,,,,Gobierno,False,Rechazada,134,176,34,A favor,En contra,Abstención,En contra,En contra,En contra,En contra,En contra,En contra,Abstención,En contra,A favor,
20250320,101,48,,proyecto_ley,,,,Gobierno,False,Aprobada,181,150,14,A favor,En contra,A favor,En contra,Abstención,A favor,Abstención,A favor,En contra,En contra,Abstención,A favor,
20250320,101,49,,proyecto_ley,,,,Gobierno,False,Aprobada,314,10,20,A favor,A favor,A favor,A favor,Abstención,Abstención,En contra,Abstención,En contra,Abstención,A favor,A favor,
20250320,101,50,,proyecto_ley,,,,Gobierno,False,Rechazada,136,177,33,A favor,En contra,Abstención,En contra,En contra,En contra,En contra,En contra,En contra,En contra,En contra,A favor,
20250320,101,51,,proyecto_ley,,,,Gobierno,False,Rechazada,141,157,48,A favor,En contra,Abstención,En contra,Abstención,En contra,Abstención,A favor,En contra,Abstención,Abstención,A favor,
20250320,101,52,,proyecto_ley,,,,Gobierno,False,Rechazada,135,176,34,A favor,En contra,Abstención,En contra,En contra,En contra,En contra,En contra,En contra,Abstención,En contra,A favor,
20250320,101,53,,proyecto_ley,,,,Gobierno,False,Rechazada,133,178,35,En contra,A favor,Abstención,En contra,En contra,En contra,En contra,A favor,En contra,Abstención,A favor,Abstención,
20250320,101,54,,proyecto_ley,,,,Gobierno,False,Rechazada,135,176,33,A favor,En contra,Abstención,En contra,En contra,En contra,En contra,En contra,En contra,En contra,En contra,A favor,
20250320,101,55,,proyecto_ley,,,,Gobierno,False,Aprobada,176,168,1,A favor,En contra,A favor,En contra,En contra,A favor,En contra,En contra,En contra,Abstención,En contra,A favor,
20250320,101,56,,proyecto_ley,,,,Gobierno,False,Rechazada,136,177,33,A favor,En contra,Abstención,En contra,En contra,En contra,En contra,En contra,En contra,En contra,En contra,A favor,
20250320,101,57,,proyecto_ley,,,,Gobierno,False,Rechazada,167,171,6,A favor,En contra,A favor,En contra,En contra,En contra,En contra,Abstención,En contra,Abstención,En contra,A favor,
20250320,101,58,,proyecto_ley,,,,Gobierno,False,Aprobada,276,36,33,A favor,A favor,Abstención,En contra,En contra,A favor,A favor,A favor,En contra,A favor,A favor,A favor,
20250320,101,59,,proyecto_ley,,,,Gobierno,False,Aprobada,312,33,0,A favor,A favor,En contra,A favor,A favor,A favor,A favor,A favor,A favor,A favor,A favor,A favor,
20250320,101,60,,proyecto_ley,,,,Gobierno,False,Rechazada,149,157,39,A favor,En contra,Abstención,En contra,A favor,A favor,Abstención,En contra,En contra,A favor,En contra,A favor,
20250320,101,61,,proyecto_ley,,,,Gobierno,False,Aprobada,174,150,21,A favor,En contra,A favor,En contra,Abstención,Abstención,Abstención,A favor,En contra,En contra,Abstención,A favor,
20250320,101,62,,proyecto_ley,,,,Gobierno,False,Rechazada,167,177,0,A favor,En contra,A favor,En contra,En contra,En contra,En contra,En contra,En contra,En contra,En contra,A favor,
20250320,101,63,,proyecto_ley,,,,Gobierno,False,Aprobada,308,37,0,A favor,A favor,A favor,En contra,En contra,A favor,A favor,A favor,En contra,Dividido,A favor,A favor,
20250320,101,64,,proyecto_ley,,,,Gobierno,False,Aprobada,282,30,33,A favor,A favor,Abstención,A favor,En contra,En contra,En contra,En contra,En contra,En contra,A favor,A favor,
20250320,101,65,,proyecto_ley,,,,Gobierno,False,Aprobada,340,0,5,A favor,A favor,A favor,A favor,A favor,A favor,A favor,Abstención,A favor,A favor,A favor,A favor,
20250325,102,1,,proyecto_ley,,,,Gobierno,True,Rechazada,32,177,136,Abstención,En contra,A favor,En contra,En contra,En contra,En contra,En contra,En contra,En contra,En contra,En contra,
20250325,102,2,,proposicion_ley,,,,PP,False,Rechazada,149,196,0,A favor,En contra,En contra,En contra,En contra,A favor,En contra,A favor,En contra,En contra,En contra,A favor,
20250325,102,3,,proposicion_ley,,,,PSOE,False,Aprobada,176,32,137,Abstención,A favor,En contra,A favor,A favor,A favor,A favor,A favor,A favor,A favor,A favor,Abstención,
20250326,103,1,,PNL,,,,,False,Aprobada,168,33,145,Abstención,A favor,En contra,A favor,A favor,Abstención,A favor,A favor,A favor,A favor,A favor,Abstención,
20250326,103,2,,PNL,,,,PSOE,False,Aprobada,175,33,138,Abstención,A favor,En contra,A favor,A favor,A favor,A favor,A favor,A favor,A favor,A favor,Abstención,
20250326,103,3,,mocion,,,,Vox,False,Rechazada,33,176,137,Abstención,En contra,A favor,En contra,En contra,En contra,En contra,En contra,En contra,En contra,En contra,En contra,
20250326,103,4,,mocion,Punto 1,,,ERC,False,Rechazada,56,170,120,En contra,Abstención,En contra,A favor,A favor,A favor,A favor,A favor,A favor,A favor,Abstención,En contra,
20250326,103,5,,mocion,Punto 2,,,ERC,False,Rechazada,29,155,162,Abstención,En contra,En contra,Abstención,A favor,A favor,A favor,A favor,A favor,A favor,En contra,En contra,
20250326,103,6,,mocion,Punto 3,,,ERC,False,Aprobada,313,33,0,A favor,A favor,En contra,A favor,A favor,A favor,A favor,A favor,A favor,A favor,A favor,A favor,
20250326,103,7,,mocion,Punto 4,,,ERC,False,Rechazada,49,170,127,En contra,Abstención,En contra,A favor,A favor,Abstención,A favor,A favor,A favor,A favor,A favor,En contra,
20250326,103,8,,mocion,Punto 5,,,ERC,False,Aprobada,312,33,0,A favor,A favor,En contra,A favor,A favor,A favor,A favor,A favor,A favor,A favor,A favor,A favor,
20250326,103,9,,mocion,Punto 6,,,ERC,False,Aprobada,313,33,0,A favor,A favor,En contra,A favor,A favor,A favor,A favor,A favor,A favor,A favor,A favor,A favor,
20250326,103,10,,mocion,Punto 1,,,PP,False,Aprobada,169,162,15,A favor,En contra,A favor,En contra,En contra,Abstención,En contra,Abstención,En contra,En contra,Abstención,A favor,
20250326,103,11,,mocion,Punto 2,,,PP,False,Aprobada,172,161,13,A favor,En contra,A favor,En contra,En contra,Abstención,En contra,Abstención,En contra,A favor,Abstención,A favor,
20250326,103,12,,mocion,Punto 3,,,PP,False,Aprobada,169,162,15,A favor,En contra,A favor,En contra,En contra,Abstención,En contra,Abstención,En contra,En contra,Abstención,A favor,
20250326,103,13,,mocion,Punto 4,,,PP,False,Aprobada,171,162,13,A favor,En contra,A favor,En contra,En contra,Abstención,En contra,Abstención,En contra,En contra,Abstención,A favor,
20250408,104,1,,proposicion_ley,,,,,False,Aprobada,342,0,0,A favor,A favor,A favor,A favor,A favor,A favor,A favor,A favor,A favor,A favor,A favor,A favor,
20250408,104,2,,otro,,,,PP,False,Aprobada,324,6,10,A favor,A favor,A favor,A favor,Abstención,A favor,En contra,A favor,Abstención,A favor,A favor,A favor,
20250408,104,3,,proyecto_ley,,,,Gobierno,False,Aprobada,306,33,2,A favor,A favor,En contra,A favor,A favor,A favor,A favor,A favor,A favor,A favor,A favor,A favor,
20250410,106,1,,proposicion_ley,,,,,False,Rechazada,44,305,1,En contra,En contra,En contra,A favor,A favor,En contra,A favor,En contra,A favor,Abstención,En contra,En contra,
20250410,106,2,,proposicion_ley,,,,,False,Rechazada,171,179,0,A favor,En contra,A favor,En contra,En contra,En contra,En contra,En contra,En contra,En contra,En contra,A favor,
20250410,106,3,,proposicion_ley,,,,,False,Rechazada,52,298,0,En contra,En contra,En contra,A favor,A favor,A favor,A favor,En contra,A favor,A favor,En contra,En contra,
20250410,106,4,,proposicion_ley,,,,,False,Rechazada,52,298,0,En contra,En contra,En contra,A favor,A favor,A favor,A favor,En contra,A favor,A favor,En contra,En contra,
20250410,106,5,,proposicion_ley,,,,,False,Rechazada,52,298,0,En contra,En contra,En contra,A favor,A favor,A favor,A favor,En contra,A favor,A favor,En contra,En contra,
20250410,106,6,,proposicion_ley,,,,,False,Rechazada,138,178,33,A favor,En contra,Abstención,En contra,En contra,En contra,En contra,En contra,En contra,En contra,En contra,A favor,
20250410,106,7,,proposicion_ley,,,,,False,Rechazada,171,177,0,A favor,En contra,A favor,En contra,En contra,En contra,En contra,En contra,En contra,En contra,En contra,A favor,
20250410,106,8,140/000007,PNL,,,,PP,False,Aprobada,139,51,159,A favor,Abstención,En contra,Abstención,Abstención,En contra,En contra,Abstención,En contra,A favor,A favor,A favor,
20250410,106,9,,PNL,,,,PSOE,False,Aprobada,312,0,33,A favor,A favor,Abstención,A favor,A favor,A favor,A favor,A favor,A favor,A favor,A favor,A favor,
20250410,106,10,,mocion,,,,Mixto,False,Aprobada,317,33,0,A favor,A favor,En contra,A favor,A favor,A favor,A favor,A favor,A favor,A favor,A favor,A favor,
20250410,106,11,,mocion,,,,Vox,False,Rechazada,33,180,137,Abstención,En contra,A favor,En contra,En contra,En contra,En contra,En contra,En contra,En contra,En contra,En contra,
20250410,106,12,,mocion,,,,PP,False,Aprobada,151,5,194,A favor,Abstención,Abstención,Abstención,Abstención,A favor,Abstención,A favor,En contra,Abstención,A favor,A favor,
20250410,106,13,,otro,,,,,False,Aprobada,180,33,137,Abstención,A favor,En contra,A favor,A favor,A favor,A favor,A favor,A favor,A favor,A favor,A favor,
20250410,106,14,,proyecto_ley,,,,Gobierno,False,Aprobada,349,0,0,A favor,A favor,A favor,A favor,A favor,A favor,A favor,A favor,A favor,A favor,A favor,A favor,
20250410,106,15,,otro,,,,,False,Aprobada,179,170,1,En contra,A favor,En contra,A favor,A favor,A favor,A favor,A favor,A favor,A favor,A favor,Abstención,
20250410,106,16,,proyecto_ley,,,,Gobierno,False,Aprobada,349,0,0,A favor,A favor,A favor,A favor,A favor,A favor,A favor,A favor,A favor,A favor,A favor,A favor,
20250410,106,17,,proposicion_ley,,,,,False,Aprobada,179,34,136,Abstención,A favor,En contra,A favor,A favor,A favor,A favor,A favor,A favor,A favor,A favor,A favor,
20250410,106,18,,proposicion_ley,,,,,False,Aprobada,178,33,137,Abstención,A favor,En contra,A favor,A favor,A favor,A favor,A favor,A favor,A favor,A favor,A favor,
20250410,106,19,,proyecto_ley,,,,Gobierno,True,Rechazada,33,316,0,En contra,En contra,A favor,En contra,En contra,En contra,En contra,En contra,En contra,En contra,En contra,En contra,
20250410,106,20,,proyecto_ley,,,,Gobierno,False,Aprobada,312,34,3,A favor,A favor,En contra,A favor,A favor,A favor,A favor,A favor,A favor,A favor,A favor,Abstención,
20250410,106,21,,proposicion_ley,,,,,False,Aprobada,349,0,0,A favor,A favor,A favor,A favor,A favor,A favor,A favor,A favor,A favor,A favor,A favor,A favor,
20250506,107,1,,proposicion_ley,,,,PSOE,False,Aprobada,311,0,32,A favor,A favor,Abstención,A favor,A favor,A favor,A favor,A favor,A favor,A favor,A favor,A favor,
20250506,107,2,,proposicion_ley,,,,Vox,False,Rechazada,169,175,0,A favor,En contra,A favor,En contra,En contra,En contra,En contra,En contra,En contra,En contra,En contra,A favor,
20250506,107,3,,proyecto_ley,,,,Gobierno,False,Aprobada,311,0,33,A favor,A favor,Abstención,A favor,A favor,A favor,A favor,A favor,A favor,A favor,A favor,A favor,
20250508,109,1,,proyecto_ley,,,,Gobierno,False,Rechazada,27,303,4,En contra,En contra,En contra,En contra,A favor,A favor,A favor,A favor,Abstención,A favor,A favor,En contra,
20250508,109,2,,proyecto_ley,,,,Gobierno,False,Aprobada,155,140,40,En contra,A favor,Abstención,A favor,Abstención,A favor,Abstención,En contra,A favor,Abstención,A favor,En contra,
20250508,109,3,,proyecto_ley,,,,Gobierno,False,Rechazada,162,174,0,En contra,A favor,En contra,A favor,En contra,A favor,A favor,A favor,En contra,En contra,A favor,En contra,
20250508,109,4,,proyecto_ley,,,,Gobierno,False,Rechazada,162,174,0,A favor,En contra,A favor,En contra,En contra,En contra,En contra,En contra,En contra,En contra,En contra,A favor,
20250508,109,5,,proyecto_ley,,,,Gobierno,False,Rechazada,144,189,1,A favor,En contra,En contra,En contra,A favor,En contra,En contra,En contra,A favor,Abstención,En contra,A favor,
20250508,109,6,,proyecto_ley,,,,Gobierno,False,Rechazada,134,200,0,A favor,En contra,En contra,En contra,En contra,En contra,En contra,En contra,En contra,En contra,En contra,A favor,
20250508,109,7,,PNL,,,,Vox,False,Rechazada,32,180,137,Abstención,En contra,A favor,En contra,En contra,En contra,En contra,En contra,En contra,En contra,En contra,Abstención,
20250508,109,8,,PNL,,,,PP,False,Rechazada,138,204,7,A favor,En contra,En contra,En contra,En contra,Abstención,En contra,En contra,En contra,En contra,En contra,A favor,
20250508,109,9,,mocion,,,,Vox,False,Rechazada,32,179,138,Abstención,En contra,A favor,En contra,En contra,En contra,En contra,En contra,En contra,En contra,En contra,Abstención,
20250508,109,10,,mocion,Punto 1,,,PP,False,Aprobada,183,158,7,A favor,En contra,A favor,En contra,A favor,Abstención,En contra,En contra,A favor,A favor,A favor,A favor,
20250508,109,11,,mocion,Punto 2,,,PP,False,Aprobada,183,153,13,A favor,En contra,A favor,En contra,A favor,Abstención,Abstención,En contra,A favor,A favor,A favor,A favor,
20250508,109,12,,mocion,Punto 3,,,PP,False,Rechazada,170,172,7,A favor,En contra,A favor,En contra,En contra,Abstención,En contra,En contra,En contra,En contra,En contra,A favor,
20250508,109,13,,proyecto_ley,,,,Gobierno,False,Aprobada,180,32,137,Abstención,A favor,En contra,A favor,A favor,A favor,A favor,A favor,A favor,A favor,A favor,A favor,
20250508,109,14,,otro,,,,,False,Aprobada,176,169,4,En contra,A favor,En contra,A favor,A favor,A favor,A favor,A favor,Abstención,A favor,A favor,A favor,
20250508,109,15,,proyecto_ley,,,,Gobierno,False,Aprobada,347,0,0,A favor,A favor,A favor,A favor,A favor,A favor,A favor,A favor,A favor,A favor,A favor,A favor,
20250508,109,16,,proyecto_ley,,,,Gobierno,False,Aprobada,317,0,32,A favor,A favor,Abstención,A favor,A favor,A favor,A favor,A favor,A favor,A favor,A favor,A favor,
20250508,109,17,,otro,,,,,False,Aprobada,340,0,3,A favor,A favor,A favor,A favor,A favor,A favor,A favor,A favor,A favor,Abstención,A favor,A favor,
20250508,109,18,,otro,,,,,False,Aprobada,317,32,0,A favor,A favor,En contra,A favor,A favor,A favor,A favor,A favor,A favor,A favor,A favor,A favor,
20250513,110,1,,proposicion_ley,,,,,False,Rechazada,170,171,4,A favor,En contra,A favor,En contra,En contra,En contra,En contra,En contra,Abstención,En contra,En contra,A favor,
20250513,110,2,,proposicion_ley,,,,PP,False,Aprobada,178,167,0,A favor,En contra,A favor,En contra,En contra,A favor,En contra,En contra,En contra,En contra,En contra,A favor,
20250514,111,1,,PNL,,,,PSOE,False,Aprobada,175,169,1,En contra,A favor,En contra,A favor,A favor,A favor,A favor,A favor,A favor,A favor,A favor,Abstención,
20250514,111,2,,PNL,,,,Plurinacional SUMAR,False,Rechazada,43,290,13,En contra,En contra,En contra,A favor,A favor,Abstención,A favor,Abstención,A favor,A favor,Abstención,En contra,
20250514,111,3,,mocion,Punto 1,,,Mixto,False,Rechazada,43,302,0,En contra,En contra,En contra,A favor,A favor,En contra,A favor,En contra,A favor,A favor,En contra,En contra,
20250514,111,4,,mocion,Punto 2,,,Mixto,False,Rechazada,30,303,13,En contra,En contra,En contra,A favor,Abstención,En contra,Abstención,En contra,A favor,A favor,En contra,En contra,
20250514,111,5,,mocion,,,,Vox,False,Rechazada,33,175,138,Abstención,En contra,A favor,En contra,En contra,En contra,En contra,En contra,En contra,En contra,En contra,Abstención,
20250514,111,6,,mocion,,,,PP,False,Aprobada,171,168,7,A favor,En contra,A favor,En contra,En contra,Abstención,En contra,En contra,En contra,En contra,En contra,A favor,
20250514,111,7,,convenio,,,,Gobierno,False,Aprobada,263,61,20,A favor,A favor,En contra,En contra,Abstención,Abstención,Abstención,A favor,En contra,Dividido,A favor,A favor,
20250514,111,8,,convenio,,,,Gobierno,False,Rechazada,163,171,11,En contra,A favor,En contra,A favor,A favor,Abstención,A favor,A favor,Abstención,Dividido,A favor,En contra,
20250514,111,9,,convenio,,,,Gobierno,False,Aprobada,323,0,20,A favor,A favor,A favor,A favor,Abstención,Abstención,Abstención,A favor,A favor,Dividido,A favor,A favor,
20250514,111,10,,convenio,,,,Gobierno,False,Aprobada,293,4,46,A favor,A favor,Abstención,A favor,Abstención,A favor,Abstención,A favor,En contra,Dividido,A favor,A favor,
20250514,111,11,,convenio,,,,Gobierno,False,Aprobada,299,33,13,A favor,A favor,En contra,A favor,Abstención,A favor,Abstención,A favor,A favor,Dividido,A favor,A favor,
20250514,111,12,,convenio,,,,Gobierno,False,Aprobada,291,0,53,A favor,A favor,Abstención,A favor,Abstención,Abstención,Abstención,A favor,A favor,Dividido,A favor,A favor,
20250520,112,1,,otro,,,,,False,Aprobada,176,170,0,En contra,A favor,En contra,A favor,A favor,A favor,A favor,A favor,A favor,A favor,A favor,En contra,
20250520,112,2,,proposicion_ley,,,,,False,Aprobada,176,171,0,En contra,A favor,En contra,A favor,A favor,A favor,A favor,A favor,A favor,A favor,A favor,En contra,
20250520,112,3,,PNL,,,,PP,False,Aprobada,170,163,13,A favor,En contra,A favor,En contra,En contra,Abstención,En contra,En contra,Abstención,Abstención,Abstención,A favor,
20250520,112,4,,PNL,,,,PSOE,False,Aprobada,169,33,144,Abstención,A favor,En contra,A favor,A favor,Abstención,A favor,A favor,A favor,A favor,A favor,A favor,
20250520,112,5,,mocion,Punto 1,,,PP,False,Aprobada,171,168,8,A favor,En contra,A favor,En contra,Abstención,En contra,En contra,En contra,En contra,En contra,Abstención,A favor,
20250520,112,6,,mocion,Punto 2,,,PP,False,Aprobada,185,155,7,A favor,En contra,A favor,En contra,A favor,A favor,En contra,En contra,Abstención,Abstención,Abstención,A favor,
20250520,112,7,,mocion,Punto 3,,,PP,False,Aprobada,182,162,2,A favor,En contra,A favor,En contra,A favor,En contra,En contra,En contra,A favor,Abstención,A favor,A favor,
20250520,112,8,,mocion,Punto 4,,,PP,False,Aprobada,191,155,1,A favor,En contra,A favor,En contra,A favor,A favor,En contra,En contra,A favor,A favor,A favor,A favor,
20250520,112,9,,mocion,Punto 5,,,PP,False,Aprobada,171,167,9,A favor,En contra,A favor,En contra,Abstención,En contra,En contra,En contra,En contra,Abstención,Abstención,A favor,
20250527,114,1,,proposicion_ley,,,,PP,False,Rechazada,137,175,33,A favor,En contra,Abstención,En contra,En contra,En contra,En contra,En contra,En contra,En contra,En contra,A favor,
20250527,114,2,,proposicion_ley,,,,PSOE,False,Aprobada,177,168,0,En contra,A favor,En contra,A favor,A favor,A favor,A favor,A favor,A favor,A favor,A favor,En contra,
20250528,115,1,,PNL,,,,PP,False,Aprobada,345,1,0,A favor,A favor,A favor,A favor,A favor,A favor,A favor,A favor,A favor,A favor,A favor,A favor,
20250528,115,2,,PNL,,,,PSOE,False,Aprobada,313,33,0,A favor,A favor,En contra,A favor,A favor,A favor,A favor,A favor,A favor,A favor,A favor,A favor,
20250528,115,3,,mocion,,,,Vox,False,Rechazada,171,176,0,A favor,En contra,A favor,En contra,En contra,En contra,En contra,En contra,En contra,En contra,En contra,A favor,
20250528,115,4,,mocion,,,,Vox,False,Rechazada,33,177,137,Abstención,En contra,A favor,En contra,En contra,En contra,En contra,En contra,En contra,En contra,En contra,En contra,
20250528,115,5,,mocion,,,,PP,False,Aprobada,171,163,13,A favor,En contra,A favor,En contra,Abstención,Abstención,En contra,En contra,En contra,En contra,En contra,A favor,
20250528,115,6,,otro,,,,,False,Aprobada,180,165,1,A favor,En contra,A favor,En contra,En contra,A favor,En contra,En contra,A favor,En contra,Abstención,Dividido,
20250528,115,7,,otro,,,,,False,Aprobada,175,170,1,En contra,A favor,En contra,A favor,A favor,A favor,A favor,A favor,A favor,A favor,Abstención,A favor,
20250528,115,8,,otro,,,,,False,Aprobada,314,0,33,A favor,A favor,Abstención,A favor,A favor,A favor,A favor,A favor,A favor,A favor,A favor,A favor,
20250610,116,1,,proposicion_ley,,,,PP,False,Aprobada,189,155,1,A favor,En contra,A favor,En contra,A favor,A favor,En contra,A favor,En contra,Abstención,A favor,A favor,
20250610,116,2,,otro,,,,PSOE,False,Aprobada,175,33,136,Abstención,A favor,En contra,A favor,A favor,A favor,A favor,A favor,A favor,A favor,A favor,Abstención,
20250612,118,1,,PNL,,,,PP,False,Aprobada,179,164,5,A favor,En contra,A favor,En contra,En contra,A favor,En contra,Abstención,En contra,A favor,En contra,A favor,
20250612,118,2,,PNL,Punto 1,,,Vox,False,Rechazada,170,176,0,A favor,En contra,A favor,En contra,En contra,En contra,En contra,En contra,En contra,En contra,En contra,A favor,
20250612,118,3,,PNL,Punto 2,,,Vox,False,Rechazada,33,313,1,En contra,En contra,A favor,En contra,En contra,En contra,En contra,En contra,En contra,En contra,En contra,En contra,
20250612,118,4,,PNL,Punto 3,,,Vox,False,Rechazada,33,314,1,En contra,En contra,A favor,En contra,En contra,En contra,En contra,En contra,En contra,En contra,En contra,En contra,
20250612,118,5,,PNL,Punto 4,,,Vox,False,Rechazada,170,178,0,A favor,En contra,A favor,En contra,En contra,En contra,En contra,En contra,En contra,En contra,En contra,A favor,
20250612,118,6,,PNL,Punto 5,,,Vox,False,Rechazada,170,177,0,A favor,En contra,A favor,En contra,En contra,En contra,En contra,En contra,En contra,En contra,En contra,A favor,
20250612,118,7,,mocion,,,,Mixto,False,Rechazada,45,296,7,En contra,En contra,En contra,A favor,A favor,Abstención,A favor,En contra,A favor,A favor,En contra,En contra,
20250612,118,8,,mocion,Punto 1,,,Vox,False,Rechazada,33,315,0,En contra,En contra,A favor,En contra,En contra,En contra,En contra,En contra,En contra,En contra,En contra,En contra,
20250612,118,9,,mocion,Punto 2,,,Vox,False,Rechazada,33,177,138,Abstención,En contra,A favor,En contra,En contra,En contra,En contra,En contra,En contra,En contra,En contra,Abstención,
20250612,118,10,,mocion,Punto 3,,,Vox,False,Rechazada,33,178,136,Abstención,En contra,A favor,En contra,En contra,En contra,En contra,En contra,En contra,En contra,En contra,Abstención,
20250612,118,11,,mocion,Punto 4,,,Vox,False,Rechazada,33,177,137,Abstención,En contra,A favor,En contra,En contra,En contra,En contra,En contra,En contra,En contra,En contra,Abstención,
20250612,118,12,,mocion,,,,ERC,False,Rechazada,43,298,6,En contra,En contra,En contra,A favor,A favor,En contra,A favor,Abstención,A favor,A favor,Abstención,En contra,
20250612,118,13,,mocion,Punto 1,,,PP,False,Aprobada,180,152,16,A favor,En contra,A favor,En contra,Abstención,A favor,En contra,Abstención,Abstención,A favor,A favor,A favor,
20250612,118,14,,mocion,Punto 2,,,PP,False,Aprobada,179,153,16,A favor,En contra,A favor,En contra,Abstención,A favor,En contra,Abstención,Abstención,A favor,A favor,A favor,
20250612,118,15,,mocion,Punto 3,,,PP,False,Aprobada,179,157,12,A favor,En contra,A favor,En contra,Abstención,A favor,En contra,En contra,Abstención,Abstención,A favor,A favor,
20250612,118,16,,mocion,Punto 4,,,PP,False,Aprobada,184,152,11,A favor,En contra,A favor,En contra,Abstención,A favor,En contra,A favor,Abstención,A favor,A favor,A favor,
20250612,118,17,,mocion,Punto 5,,,PP,False,Rechazada,145,185,15,A favor,En contra,En contra,En contra,Abstención,A favor,En contra,Abstención,Abstención,A favor,A favor,A favor,
20250612,118,18,,proyecto_ley,,,,Gobierno,False,Rechazada,170,177,0,A favor,En contra,A favor,En contra,En contra,En contra,En contra,En contra,En contra,En contra,En contra,A favor,
20250617,119,1,,proposicion_ley,,,,PP,False,Aprobada,171,166,7,A favor,En contra,A favor,En contra,En contra,Abstención,En contra,En contra,En contra,En contra,En contra,A favor,
20250617,119,2,,proposicion_ley,,,,Vox,False,Rechazada,171,172,0,A favor,En contra,A favor,En contra,En contra,En contra,En contra,En contra,En contra,En contra,En contra,A favor,
20250619,121,1,,proposicion_ley,,,,,False,Rechazada,170,176,0,A favor,En contra,A favor,En contra,En contra,En contra,En contra,En contra,En contra,En contra,En contra,A favor,
20250619,121,2,,PNL,,,,PP,False,Rechazada,170,174,1,A favor,En contra,A favor,En contra,En contra,En contra,En contra,En contra,En contra,En contra,Abstención,A favor,
20250619,121,3,,PNL,,,,PSOE,False,Aprobada,176,33,136,Abstención,A favor,En contra,A favor,A favor,A favor,A favor,A favor,A favor,A favor,A favor,A favor,
20250619,121,4,,mocion,,,,Bildu,False,Aprobada,175,169,1,En contra,A favor,En contra,A favor,A favor,A favor,A favor,A favor,A favor,A favor,Abstención,En contra,
20250619,121,5,,mocion,,,,Vox,False,Rechazada,33,312,0,En contra,En contra,A favor,En contra,En contra,En contra,En contra,En contra,En contra,En contra,En contra,En contra,
20250619,121,6,,mocion,Punto 1,,,PP,False,Aprobada,314,26,5,A favor,A favor,A favor,A favor,En contra,En contra,En contra,Abstención,En contra,En contra,A favor,A favor,
20250619,121,7,,mocion,Punto 2,,,PP,False,Aprobada,170,169,6,A favor,En contra,A favor,En contra,En contra,En contra,En contra,Abstención,En contra,En contra,Abstención,A favor,
20250619,121,8,,mocion,Punto 3,,,PP,False,Aprobada,170,169,6,A favor,En contra,A favor,En contra,En contra,En contra,En contra,Abstención,En contra,En contra,Abstención,A favor,
20250619,121,9,,proposicion_ley,,,,,True,Rechazada,33,176,136,Abstención,En contra,A favor,En contra,En contra,En contra,En contra,En contra,En contra,En contra,En contra,En contra,
20250619,121,10,,otro,,,,,False,Aprobada,311,34,0,A favor,A favor,En contra,A favor,A favor,A favor,A favor,A favor,A favor,A favor,A favor,A favor,
20250624,122,1,,otro,,,,PP,False,Aprobada,289,44,11,A favor,A favor,A favor,En contra,En contra,Abstención,En contra,En contra,Abstención,A favor,Abstención,A favor,
20250624,122,2,,proposicion_ley,,,,PSOE,False,Aprobada,311,33,1,A favor,A favor,En contra,A favor,A favor,A favor,A favor,A favor,A favor,A favor,A favor,Abstención,
20250624,122,3,,proyecto_ley,,,,Gobierno,False,Aprobada,310,33,2,A favor,A favor,En contra,A favor,A favor,A favor,A favor,A favor,A favor,A favor,A favor,A favor,
20250626,124,1,,PNL,,,,Bildu,False,Aprobada,174,169,1,En contra,A favor,En contra,A favor,A favor,A favor,A favor,A favor,A favor,A favor,Abstención,En contra,
20250626,124,2,,PNL,Punto 1,,,PP,False,Aprobada,176,158,12,A favor,En contra,A favor,En contra,A favor,Abstención,En contra,En contra,Abstención,A favor,Abstención,A favor,
20250626,124,3,,PNL,Punto 2,,,PP,False,Aprobada,177,157,12,A favor,En contra,A favor,En contra,A favor,Abstención,En contra,En contra,Abstención,A favor,Abstención,A favor,
20250626,124,4,,PNL,Punto 3,,,PP,False,Aprobada,184,152,9,A favor,En contra,A favor,En contra,Abstención,A favor,En contra,A favor,Abstención,A favor,A favor,A favor,
20250626,124,5,,PNL,Punto 4,,,PP,False,Aprobada,184,152,10,A favor,En contra,A favor,En contra,Abstención,A favor,En contra,A favor,Abstención,Abstención,A favor,A favor,
20250626,124,6,,mocion,,,,Vox,False,Rechazada,170,174,0,A favor,En contra,A favor,En contra,En contra,En contra,En contra,En contra,En contra,En contra,En contra,A favor,
20250626,124,7,,mocion,,,,Junts,False,Aprobada,176,163,6,A favor,En contra,A favor,En contra,En contra,A favor,En contra,Abstención,En contra,En contra,Abstención,A favor,
20250626,124,8,,mocion,Punto 1,,,PP,False,Rechazada,170,174,1,A favor,En contra,A favor,En contra,En contra,En contra,En contra,En contra,En contra,Abstención,A favor,A favor,
20250626,124,9,,mocion,Punto 2,,,PP,False,Aprobada,327,7,12,A favor,A favor,A favor,A favor,Abstención,A favor,Abstención,A favor,En contra,Abstención,A favor,A favor,
20250626,124,10,,mocion,Punto 3,,,PP,False,Rechazada,171,174,1,A favor,En contra,A favor,En contra,En contra,En contra,En contra,En contra,En contra,Abstención,A favor,A favor,
20250626,124,11,,otro,,,,,False,Aprobada,177,33,136,Abstención,A favor,En contra,A favor,A favor,A favor,A favor,A favor,A favor,A favor,A favor,A favor,
20250626,124,12,,proyecto_ley,,,,Gobierno,False,Aprobada,339,6,0,A favor,A favor,A favor,A favor,A favor,A favor,A favor,En contra,A favor,A favor,A favor,A favor,
20250626,124,13,,proyecto_ley,,,,Gobierno,True,Rechazada,32,313,0,En contra,En contra,A favor,En contra,En contra,En contra,En contra,En contra,En contra,En contra,En contra,En contra,
20250626,124,14,,proyecto_ley,,,,Gobierno,False,Aprobada,310,33,2,A favor,A favor,En contra,A favor,A favor,A favor,A favor,A favor,A favor,A favor,A favor,A favor,
20250626,124,15,,convenio,,,,Gobierno,False,Aprobada,301,0,45,A favor,A favor,Abstención,A favor,Abstención,A favor,Abstención,A favor,A favor,A favor,A favor,A favor,
20250626,124,16,,convenio,,,,Gobierno,False,Aprobada,345,0,0,A favor,A favor,A favor,A favor,A favor,A favor,A favor,A favor,A favor,Dividido,A favor,A favor,
20250626,124,17,,convenio,,,,Gobierno,False,Aprobada,299,0,45,A favor,A favor,Abstención,A favor,Abstención,A favor,Abstención,A favor,A favor,Dividido,A favor,A favor,
20250626,124,18,,otro,,,,,False,Aprobada,342,1,2,A favor,A favor,A favor,A favor,A favor,A favor,A favor,A favor,A favor,Abstención,A favor,A favor,
20250626,124,19,,otro,,,,,False,Aprobada,312,33,0,A favor,A favor,En contra,A favor,A favor,A favor,A favor,A favor,A favor,A favor,A favor,A favor,
20250708,125,1,,otro,,,,,False,Rechazada,166,174,0,A favor,En contra,A favor,En contra,En contra,En contra,En contra,En contra,En contra,Dividido,En contra,Dividido,
20250708,125,2,,otro,,,,,False,Rechazada,166,174,0,A favor,En contra,A favor,En contra,En contra,En contra,En contra,En contra,En contra,Dividido,En contra,Dividido,
20250722,128,1,,otro,,,,,False,Rechazada,170,177,0,A favor,En contra,A favor,En contra,En contra,En contra,En contra,En contra,En contra,En contra,En contra,A favor,
20250722,128,2,,otro,,,,,False,Rechazada,169,175,1,A favor,En contra,A favor,En contra,En contra,En contra,En contra,En contra,En contra,En contra,Abstención,A favor,
20250722,128,3,,otro,,,,,False,Aprobada,177,170,0,En contra,A favor,En contra,A favor,A favor,A favor,A favor,A favor,A favor,A favor,A favor,En contra,
20250722,128,4,,proyecto_ley,,,,Gobierno,False,Aprobada,178,32,138,Abstención,A favor,En contra,A favor,A favor,A favor,A favor,A favor,A favor,A favor,A favor,Abstención,
20250722,128,5,,proyecto_ley,,,,Gobierno,False,Aprobada,142,50,157,A favor,Abstención,En contra,Abstención,En contra,Abstención,En contra,Abstención,En contra,A favor,A favor,A favor,
20250722,128,6,,proyecto_ley,,,,Gobierno,False,Rechazada,171,177,1,A favor,En contra,A favor,En contra,En contra,En contra,En contra,En contra,En contra,En contra,En contra,A favor,
20250722,128,7,,proyecto_ley,,,,Gobierno,False,Aprobada,298,50,1,A favor,A favor,En contra,A favor,En contra,A favor,En contra,A favor,En contra,Abstención,En contra,A favor,
20250722,128,8,,proyecto_ley,,,,Gobierno,False,Rechazada,172,177,0,A favor,En contra,A favor,En contra,En contra,En contra,En contra,En contra,En contra,En contra,En contra,A favor,
20250722,128,9,,proyecto_ley,,,,Gobierno,False,Aprobada,146,51,152,A favor,Abstención,En contra,Abstención,En contra,A favor,En contra,Abstención,En contra,A favor,En contra,A favor,
20250722,128,10,,proposicion_ley,,,,,False,Aprobada,299,31,19,A favor,A favor,A favor,En contra,Abstención,Abstención,Abstención,A favor,En contra,Abstención,A favor,A favor,
20250722,128,11,,otro,,,,,False,Aprobada,178,171,0,En contra,A favor,En contra,A favor,A favor,A favor,A favor,A favor,A favor,A favor,A favor,En contra,
20250722,128,12,,otro,,,,,False,Aprobada,177,171,0,En contra,A favor,En contra,A favor,A favor,A favor,A favor,A favor,A favor,A favor,A favor,En contra,
20250722,128,13,,otro,,,,,False,Aprobada,177,170,0,En contra,A favor,En contra,A favor,A favor,A favor,A favor,A favor,A favor,A favor,A favor,En contra,
20250722,128,14,,otro,,,,,False,Aprobada,177,171,0,En contra,A favor,En contra,A favor,A favor,A favor,A favor,A favor,A favor,A favor,A favor,En contra,
20250722,128,15,,otro,,,,,False,Aprobada,308,39,1,A favor,A favor,En contra,A favor,A favor,En contra,A favor,A favor,A favor,A favor,A favor,A favor,
20250722,128,16,,proyecto_ley,,,,Gobierno,False,Aprobada,343,0,5,A favor,A favor,A favor,A favor,A favor,A favor,A favor,Abstención,A favor,A favor,A favor,A favor,
20250722,128,17,,otro,,,,,False,Rechazada,165,183,0,En contra,A favor,En contra,A favor,A favor,En contra,A favor,A favor,En contra,En contra,A favor,En contra,
20250722,128,18,,otro,,,,,False,Aprobada,313,33,1,A favor,A favor,En contra,A favor,A favor,A favor,A favor,A favor,A favor,A favor,A favor,A favor,
20250722,128,19,,proyecto_ley,,,,Gobierno,False,Aprobada,335,6,5,A favor,A favor,A favor,A favor,A favor,En contra,A favor,Abstención,A favor,A favor,A favor,A favor,
20250909,129,1,,proposicion_ley,,,,PP,False,Rechazada,170,177,0,A favor,En contra,A favor,En contra,En contra,En contra,En contra,En contra,En contra,En contra,En contra,A favor,
20250909,129,2,,proposicion_ley,,,,PSOE,False,Aprobada,313,33,0,A favor,A favor,En contra,A favor,A favor,A favor,A favor,A favor,A favor,A favor,A favor,A favor,
20250909,129,3,,otro,,,,,False,Aprobada,313,0,33,A favor,A favor,Abstención,A favor,A favor,A favor,A favor,A favor,A favor,A favor,A favor,A favor,
20250909,129,4,,proyecto_ley,,,,Gobierno,False,Aprobada,347,0,0,A favor,A favor,A favor,A favor,A favor,A favor,A favor,A favor,A favor,A favor,A favor,A favor,
20250910,130,1,,PNL,Punto 1,,,PP,False,Aprobada,184,157,7,A favor,En contra,A favor,En contra,Abstención,A favor,En contra,En contra,A favor,A favor,A favor,A favor,
20250910,130,2,,PNL,Punto 2,,,PP,False,Aprobada,176,165,7,A favor,En contra,A favor,En contra,En contra,Abstención,En contra,En contra,A favor,A favor,En contra,A favor,
20250910,130,3,,PNL,Punto 3,,,PP,False,Aprobada,171,166,11,A favor,En contra,A favor,En contra,En contra,Abstención,En contra,En contra,Abstención,En contra,En contra,A favor,
20250910,130,4,,PNL,Punto 4,,,PP,False,Aprobada,179,157,12,A favor,En contra,A favor,En contra,Abstención,A favor,En contra,En contra,Abstención,Abstención,A favor,A favor,
20250910,130,5,,PNL,Punto 5,,,PP,False,Rechazada,146,202,0,A favor,En contra,En contra,En contra,En contra,A favor,En contra,En contra,En contra,En contra,A favor,A favor,
20250910,130,6,,PNL,,,,PSOE,False,Aprobada,171,170,7,En contra,A favor,En contra,A favor,A favor,Abstención,A favor,A favor,A favor,A favor,A favor,A favor,
20250910,130,7,,mocion,,,,Vox,False,Rechazada,33,177,138,Abstención,En contra,A favor,En contra,En contra,En contra,En contra,En contra,En contra,En contra,En contra,Abstención,
20250910,130,8,,mocion,,,,PP,False,Rechazada,171,177,0,A favor,En contra,A favor,En contra,En contra,En contra,En contra,En contra,En contra,En contra,En contra,A favor,
20250910,130,9,,proyecto_ley,,,,Gobierno,True,Rechazada,33,178,137,Abstención,En contra,A favor,En contra,En contra,En contra,En contra,En contra,En contra,En contra,En contra,En contra,
20250910,130,10,,proyecto_ley,,,,Gobierno,False,Aprobada,178,170,0,A favor,En contra,A favor,En contra,En contra,A favor,En contra,En contra,En contra,En contra,En contra,A favor,
20250910,130,11,,otro,,,,,False,Aprobada,157,40,151,Abstención,A favor,En contra,A favor,Abstención,En contra,Abstención,A favor,A favor,Abstención,A favor,Abstención,
20250916,131,1,,proposicion_ley,,,,Vox,False,Rechazada,169,177,1,A favor,En contra,A favor,En contra,En contra,En contra,En contra,En contra,En contra,En contra,En contra,Abstención,
20250916,131,2,,proposicion_ley,,,,Plurinacional SUMAR,False,Rechazada,170,176,1,En contra,A favor,En contra,A favor,A favor,En contra,A favor,A favor,A favor,A favor,A favor,Abstención,
20250917,132,1,,otro,,,,,False,Rechazada,35,309,0,En contra,En contra,A favor,En contra,En contra,En contra,En contra,En contra,En contra,En contra,En contra,En contra,
20250917,132,2,,PNL,,,,Vox,False,Rechazada,33,313,0,En contra,En contra,A favor,En contra,En contra,En contra,En contra,En contra,En contra,En contra,En contra,En contra,
20250917,132,3,,PNL,,,,Plurinacional SUMAR,False,Aprobada,171,170,6,En contra,A favor,En contra,A favor,A favor,Abstención,A favor,A favor,A favor,A favor,A favor,En contra,
20250917,132,4,,mocion,,,,Mixto,False,Aprobada,172,163,12,A favor,En contra,A favor,En contra,En contra,Abstención,En contra,Abstención,En contra,En contra,A favor,A favor,
20250917,132,5,,mocion,Punto 1,,,Mixto,False,Aprobada,306,34,6,A favor,A favor,En contra,A favor,A favor,Abstención,A favor,A favor,A favor,A favor,A favor,A favor,
20250917,132,6,,mocion,Punto 2,,,Mixto,False,Aprobada,302,33,12,A favor,A favor,En contra,A favor,A favor,Abstención,Abstención,A favor,A favor,A favor,A favor,A favor,
20250917,132,7,,mocion,Punto 3,,,Mixto,False,Aprobada,305,33,6,A favor,A favor,En contra,A favor,A favor,Abstención,A favor,A favor,A favor,A favor,A favor,A favor,
20250917,132,8,,mocion,Punto 4,,,Mixto,False,Aprobada,306,34,6,A favor,A favor,En contra,A favor,A favor,Abstención,A favor,A favor,A favor,A favor,A favor,A favor,
20250917,132,9,,mocion,Punto 5,,,Mixto,False,Aprobada,307,34,6,A favor,A favor,En contra,A favor,A favor,Abstención,A favor,A favor,A favor,A favor,A favor,A favor,
20250917,132,10,,mocion,Punto 6,,,Mixto,False,Aprobada,301,33,12,A favor,A favor,En contra,A favor,A favor,Abstención,Abstención,A favor,A favor,A favor,A favor,A favor,
20250917,132,11,,mocion,Punto 7,,,Mixto,False,Aprobada,187,34,126,A favor,Abstención,En contra,A favor,A favor,Abstención,A favor,A favor,A favor,A favor,Abstención,A favor,
20250917,132,12,,mocion,Punto 8,,,Mixto,False,Aprobada,186,34,126,A favor,Abstención,En contra,A favor,A favor,Abstención,A favor,A favor,A favor,A favor,Abstención,A favor,
20250917,132,13,,mocion,Punto 9,,,Mixto,False,Aprobada,307,34,6,A favor,A favor,En contra,A favor,A favor,Abstención,A favor,A favor,A favor,A favor,A favor,A favor,
20250917,132,14,,mocion,Punto 10,,,Mixto,False,Aprobada,184,34,127,A favor,Abstención,En contra,A favor,A favor,Abstención,A favor,A favor,A favor,A favor,Abstención,A favor,
20250917,132,15,,mocion,,,,Vox,False,Rechazada,33,313,0,En contra,En contra,A favor,En contra,En contra,En contra,En contra,En contra,En contra,En contra,En contra,En contra,
20250917,132,16,,mocion,Punto 1,,,PP,False,Aprobada,176,170,0,A favor,En contra,A favor,En contra,En contra,A favor,En contra,En contra,En contra,En contra,En contra,A favor,
20250917,132,17,,mocion,Punto 2,,,PP,False,Aprobada,297,50,0,A favor,A favor,A favor,En contra,En contra,A favor,En contra,En contra,En contra,En contra,A favor,A favor,
20250917,132,18,,mocion,Punto 3,,,PP,False,Rechazada,171,176,0,A favor,En contra,A favor,En contra,En contra,En contra,En contra,En contra,En contra,En contra,En contra,A favor,
20250917,132,19,,mocion,Punto 4,,,PP,False,Rechazada,171,176,0,A favor,En contra,A favor,En contra,En contra,En contra,En contra,En contra,En contra,En contra,En contra,A favor,
20250917,132,20,,proyecto_ley,,,,Gobierno,False,Aprobada,340,1,6,A favor,A favor,A favor,A favor,A favor,A favor,Abstención,A favor,A favor,A favor,A favor,A favor,
20250917,132,21,,proyecto_ley,,,,Gobierno,False,Aprobada,189,12,146,A favor,Abstención,A favor,Abstención,A favor,A favor,En contra,En contra,A favor,Abstención,A favor,A favor,
20250917,132,22,,proyecto_ley,,,,Gobierno,False,Aprobada,175,170,1,A favor,En contra,A favor,En contra,En contra,En contra,En contra,En contra,A favor,En contra,A favor,Abstención,
20250917,132,23,,proyecto_ley,,,,Gobierno,False,Aprobada,302,45,0,A favor,A favor,En contra,A favor,A favor,A favor,En contra,En contra,A favor,A favor,A favor,A favor,
20250917,132,24,,proyecto_ley,,,,Gobierno,False,Aprobada,308,6,33,A favor,A favor,Abstención,A favor,A favor,A favor,En contra,A favor,A favor,A favor,A favor,A favor,
20250917,132,25,,proyecto_ley,,,,Gobierno,False,Rechazada,139,168,40,A favor,En contra,Abstención,En contra,En contra,En contra,Abstención,En contra,En contra,En contra,Abstención,A favor,
20250917,132,26,,otro,,,,,False,Aprobada,313,33,0,A favor,A favor,En contra,A favor,A favor,A favor,A favor,A favor,A favor,A favor,A favor,A favor,
20250917,132,27,,proyecto_ley,,,,Gobierno,False,Aprobada,340,0,6,A favor,A favor,A favor,A favor,A favor,A favor,A favor,Abstención,A favor,A favor,A favor,A favor,
20250923,133,1,,proposicion_ley,,,,,False,Rechazada,173,177,0,En contra,A favor,En contra,A favor,A favor,A favor,A favor,A favor,En contra,A favor,A favor,En contra,
20250923,133,2,,proposicion_ley,,,,PNV,False,Aprobada,179,170,0,En contra,A favor,En contra,A favor,A favor,A favor,A favor,A favor,A favor,A favor,A favor,En contra,
20250924,134,1,,PNL,,,,Junts,False,Aprobada,176,171,0,A favor,En contra,A favor,En contra,En contra,A favor,En contra,En contra,En contra,En contra,En contra,A favor,
20250924,134,2,,PNL,,,,,False,Rechazada,57,169,122,En contra,Abstención,En contra,A favor,A favor,A favor,A favor,A favor,A favor,A favor,Abstención,En contra,
20250924,134,3,,mocion,Punto 1,,,Mixto,False,Aprobada,344,0,4,A favor,A favor,A favor,A favor,A favor,A favor,A favor,A favor,Abstención,A favor,A favor,A favor,
20250924,134,4,,mocion,Punto 2,,,Mixto,False,Aprobada,203,0,145,A favor,Abstención,A favor,Abstención,A favor,A favor,A favor,A favor,A favor,A favor,A favor,A favor,
20250924,134,5,,mocion,Punto 3,,,Mixto,False,Aprobada,191,0,157,A favor,Abstención,A favor,Abstención,A favor,Abstención,A favor,A favor,Abstención,A favor,A favor,A favor,
20250924,134,6,,mocion,Punto 4,,,Mixto,False,Aprobada,347,0,0,A favor,A favor,A favor,A favor,A favor,A favor,A favor,A favor,A favor,A favor,Dividido,A favor,
20250924,134,7,,mocion,Punto 5,,,Mixto,False,Aprobada,316,0,32,A favor,A favor,Abstención,A favor,A favor,A favor,A favor,A favor,A favor,A favor,A favor,A favor,
20250924,134,8,,mocion,,,,Vox,False,Rechazada,33,179,136,Abstención,En contra,A favor,En contra,En contra,En contra,En contra,En contra,En contra,En contra,En contra,En contra,
20250924,134,9,,mocion,,,,PP,False,Aprobada,170,162,16,A favor,En contra,A favor,En contra,Abstención,Abstención,En contra,En contra,En contra,Abstención,Abstención,A favor,
20250924,134,10,,proposicion_ley,,,,,False,Aprobada,343,0,5,A favor,A favor,A favor,A favor,A favor,A favor,A favor,Abstención,A favor,A favor,A favor,A favor,
20251007,135,1,,proposicion_ley,,,,,False,Rechazada,57,169,118,En contra,Abstención,En contra,A favor,A favor,A favor,A favor,A favor,A favor,A favor,Dividido,En contra,
20251007,135,2,,proposicion_ley,,,,Bildu,False,Aprobada,176,169,0,En contra,A favor,En contra,A favor,A favor,A favor,A favor,A favor,A favor,A favor,A favor,En contra,
20251008,136,1,,proyecto_ley,,,,Gobierno,False,Rechazada,10,327,10,En contra,En contra,En contra,En contra,Abstención,En contra,A favor,En contra,A favor,Abstención,En contra,En contra,
20251008,136,2,,proyecto_ley,,,,Gobierno,False,Rechazada,4,341,1,En contra,En contra,En contra,En contra,En contra,En contra,En contra,En contra,A favor,Abstención,En contra,En contra,
20251008,136,3,,proyecto_ley,,,,Gobierno,False,Rechazada,4,340,1,En contra,En contra,En contra,En contra,En contra,En contra,En contra,En contra,A favor,Abstención,En contra,En contra,
20251008,136,4,,proyecto_ley,,,,Gobierno,False,Rechazada,10,336,1,En contra,En contra,En contra,En contra,En contra,En contra,A favor,En contra,A favor,Abstención,En contra,En contra,
20251008,136,5,,proyecto_ley,,,,Gobierno,False,Rechazada,12,334,1,En contra,En contra,En contra,En contra,A favor,En contra,En contra,En contra,A favor,Abstención,En contra,En contra,
20251008,136,6,,proyecto_ley,,,,Gobierno,False,Rechazada,13,197,137,Abstención,En contra,En contra,En contra,A favor,En contra,En contra,En contra,A favor,A favor,En contra,Abstención,
20251008,136,7,,proyecto_ley,,,,Gobierno,False,Rechazada,147,199,1,A favor,En contra,En contra,En contra,En contra,En contra,A favor,En contra,A favor,Abstención,En contra,A favor,
20251008,136,8,,proyecto_ley,,,,Gobierno,False,Rechazada,12,330,5,En contra,En contra,En contra,En contra,A favor,En contra,En contra,Abstención,A favor,En contra,En contra,En contra,
20251008,136,9,,proyecto_ley,,,,Gobierno,False,Rechazada,20,327,0,En contra,En contra,En contra,En contra,A favor,A favor,En contra,En contra,A favor,A favor,En contra,En contra,
20251008,136,10,,proyecto_ley,,,,Gobierno,False,Rechazada,12,326,8,En contra,En contra,En contra,En contra,A favor,Abstención,En contra,En contra,A favor,Abstención,En contra,En contra,
20251008,136,11,,proyecto_ley,,,,Gobierno,False,Rechazada,11,328,8,En contra,En contra,En contra,En contra,Abstención,En contra,A favor,En contra,A favor,Abstención,En contra,En contra,
20251008,136,12,,proyecto_ley,,,,Gobierno,False,Rechazada,19,323,5,En contra,En contra,En contra,En contra,A favor,En contra,A favor,Abstención,A favor,A favor,En contra,En contra,
20251008,136,13,,proyecto_ley,,,,Gobierno,False,Rechazada,26,320,0,En contra,En contra,En contra,En contra,A favor,A favor,A favor,En contra,A favor,A favor,En contra,En contra,
20251008,136,14,,proyecto_ley,,,,Gobierno,False,Rechazada,11,331,5,En contra,En contra,En contra,En contra,En contra,En contra,A favor,Abstención,A favor,A favor,En contra,En contra,
20251008,136,15,,proyecto_ley,,,,Gobierno,False,Rechazada,31,316,0,En contra,En contra,En contra,En contra,A favor,A favor,A favor,A favor,A favor,A favor,En contra,En contra,
20251008,136,16,,proyecto_ley,,,,Gobierno,False,Rechazada,19,321,7,En contra,En contra,En contra,En contra,A favor,Abstención,A favor,En contra,A favor,A favor,En contra,En contra,
20251008,136,17,,proyecto_ley,,,,Gobierno,False,Rechazada,19,295,33,En contra,En contra,Abstención,En contra,A favor,En contra,A favor,En contra,A favor,A favor,En contra,En contra,
20251008,136,18,,proyecto_ley,,,,Gobierno,False,Rechazada,19,288,40,En contra,En contra,Abstención,En contra,A favor,Abstención,A favor,En contra,A favor,A favor,En contra,En contra,
20251008,136,19,,proyecto_ley,,,,Gobierno,False,Rechazada,13,327,7,En contra,En contra,En contra,En contra,A favor,Abstención,En contra,En contra,A favor,A favor,En contra,En contra,
20251008,136,20,,proyecto_ley,,,,Gobierno,False,Rechazada,20,327,0,En contra,En contra,En contra,En contra,A favor,A favor,En contra,En contra,A favor,A favor,En contra,En contra,
20251008,136,21,,proyecto_ley,,,,Gobierno,False,Rechazada,13,334,0,En contra,En contra,En contra,En contra,A favor,En contra,En contra,En contra,A favor,A favor,En contra,En contra,
20251008,136,22,,proyecto_ley,,,,Gobierno,False,Rechazada,18,327,0,En contra,En contra,En contra,En contra,A favor,En contra,A favor,En contra,A favor,A favor,En contra,En contra,
20251008,136,23,,proyecto_ley,,,,Gobierno,False,Rechazada,150,197,0,A favor,En contra,En contra,En contra,En contra,A favor,En contra,A favor,En contra,A favor,En contra,A favor,
20251008,136,24,,proyecto_ley,,,,Gobierno,False,Rechazada,27,183,137,Abstención,En contra,En contra,En contra,A favor,A favor,A favor,A favor,En contra,A favor,En contra,Abstención,
20251008,136,25,,proyecto_ley,,,,Gobierno,False,Rechazada,25,185,137,Abstención,En contra,En contra,En contra,A favor,A favor,En contra,A favor,A favor,A favor,En contra,Abstención,
20251008,136,26,,proyecto_ley,,,,Gobierno,False,Rechazada,21,320,6,En contra,En contra,En contra,En contra,A favor,A favor,Abstención,A favor,En contra,A favor,En contra,En contra,
20251008,136,27,,proyecto_ley,,,,Gobierno,False,Rechazada,25,178,144,Abstención,En contra,En contra,En contra,A favor,A favor,Abstención,A favor,A favor,Abstención,En contra,Abstención,
20251008,136,28,,proyecto_ley,,,,Gobierno,False,Rechazada,30,316,0,En contra,En contra,En contra,En contra,A favor,A favor,A favor,A favor,A favor,A favor,En contra,En contra,
20251008,136,29,,proyecto_ley,,,,Gobierno,False,Rechazada,24,314,8,En contra,En contra,En contra,En contra,Abstención,A favor,A favor,A favor,A favor,A favor,En contra,En contra,
20251008,136,30,,proyecto_ley,,,,Gobierno,False,Rechazada,20,327,0,En contra,En contra,En contra,En contra,A favor,En contra,A favor,En contra,A favor,A favor,En contra,En contra,
20251008,136,31,,proyecto_ley,,,,Gobierno,False,Rechazada,19,322,6,En contra,En contra,En contra,En contra,A favor,A favor,Abstención,En contra,A favor,En contra,En contra,En contra,
20251008,136,32,,proyecto_ley,,,,Gobierno,False,Rechazada,163,184,0,A favor,En contra,En contra,En contra,A favor,A favor,A favor,En contra,A favor,A favor,En contra,A favor,
20251008,136,33,,proyecto_ley,,,,Gobierno,False,Rechazada,16,327,4,En contra,En contra,En contra,En contra,A favor,A favor,En contra,En contra,Abstención,A favor,En contra,En contra,
20251008,136,34,,proyecto_ley,,,,Gobierno,False,Rechazada,156,191,0,A favor,En contra,En contra,En contra,A favor,A favor,En contra,En contra,A favor,A favor,En contra,A favor,
20251008,136,35,,proyecto_ley,,,,Gobierno,False,Rechazada,25,185,137,Abstención,En contra,En contra,En contra,A favor,A favor,A favor,En contra,A favor,A favor,En contra,Abstención,
20251008,136,36,,proyecto_ley,,,,Gobierno,False,Rechazada,26,321,0,En contra,En contra,En contra,En contra,A favor,A favor,A favor,A favor,En contra,A favor,En contra,En contra,
20251008,136,37,,proyecto_ley,,,,Gobierno,False,Rechazada,18,317,12,En contra,En contra,En contra,En contra,A favor,A favor,Abstención,Abstención,A favor,Abstención,En contra,En contra,
20251008,136,38,,proyecto_ley,,,,Gobierno,False,Rechazada,13,192,142,Abstención,En contra,En contra,En contra,En contra,A favor,A favor,En contra,Abstención,Abstención,En contra,Abstención,
20251008,136,39,,proyecto_ley,,,,Gobierno,False,Rechazada,20,326,1,En contra,En contra,En contra,En contra,A favor,A favor,A favor,En contra,En contra,Abstención,En contra,En contra,
20251008,136,40,,proyecto_ley,,,,Gobierno,False,Rechazada,19,328,0,En contra,En contra,En contra,En contra,A favor,En contra,A favor,En contra,A favor,A favor,En contra,En contra,
20251008,136,41,,proyecto_ley,,,,Gobierno,False,Rechazada,25,316,5,En contra,En contra,En contra,En contra,A favor,A favor,A favor,Abstención,A favor,A favor,En contra,En contra,
20251008,136,42,,proyecto_ley,,,,Gobierno,False,Rechazada,18,316,12,En contra,En contra,En contra,En contra,A favor,Abstención,A favor,Abstención,A favor,En contra,En contra,En contra,
20251008,136,43,,proyecto_ley,,,,Gobierno,False,Rechazada,156,184,7,A favor,En contra,En contra,En contra,A favor,Abstención,A favor,En contra,A favor,A favor,En contra,A favor,
20251008,136,44,,proyecto_ley,,,,Gobierno,False,Rechazada,18,322,7,En contra,En contra,En contra,En contra,A favor,Abstención,A favor,En contra,A favor,En contra,En contra,En contra,
20251008,136,45,,proyecto_ley,,,,Gobierno,False,Rechazada,20,316,11,En contra,En contra,En contra,En contra,A favor,A favor,Abstención,Abstención,A favor,A favor,En contra,En contra,
20251008,136,46,,proyecto_ley,,,,Gobierno,False,Rechazada,13,321,13,En contra,En contra,En contra,En contra,A favor,Abstención,Abstención,En contra,A favor,A favor,En contra,En contra,
20251008,136,47,,proyecto_ley,,,,Gobierno,False,Rechazada,25,320,1,En contra,En contra,En contra,En contra,A favor,A favor,A favor,En contra,A favor,Abstención,En contra,En contra,
20251008,136,48,,proyecto_ley,,,,Gobierno,False,Rechazada,162,184,0,A favor,En contra,En contra,En contra,A favor,A favor,A favor,En contra,A favor,En contra,En contra,A favor,
20251008,136,49,,proyecto_ley,,,,Gobierno,False,Rechazada,156,158,33,A favor,En contra,Abstención,En contra,A favor,En contra,A favor,En contra,A favor,A favor,En contra,A favor,
20251008,136,50,,proyecto_ley,,,,Gobierno,False,Rechazada,19,287,40,En contra,En contra,Abstención,En contra,A favor,Abstención,A favor,En contra,A favor,A favor,En contra,En contra,
20251008,136,51,,proyecto_ley,,,,Gobierno,False,Aprobada,163,151,33,A favor,En contra,Abstención,En contra,A favor,A favor,A favor,En contra,A favor,A favor,En contra,A favor,
20251008,136,52,,proyecto_ley,,,,Gobierno,False,Rechazada,18,191,138,Abstención,En contra,En contra,En contra,A favor,En contra,A favor,En contra,A favor,Abstención,En contra,Abstención,
20251008,136,53,,proyecto_ley,,,,Gobierno,False,Rechazada,25,287,34,En contra,En contra,Abstención,En contra,A favor,A favor,A favor,En contra,A favor,Abstención,En contra,En contra,
20251008,136,54,,proyecto_ley,,,,Gobierno,False,Rechazada,25,321,0,En contra,En contra,En contra,En contra,A favor,A favor,A favor,En contra,A favor,Dividido,En contra,En contra,
20251008,136,55,,proyecto_ley,,,,Gobierno,False,Rechazada,27,320,0,En contra,En contra,En contra,En contra,A favor,A favor,A favor,En contra,A favor,A favor,En contra,En contra,
20251008,136,56,,proyecto_ley,,,,Gobierno,False,Rechazada,18,328,1,En contra,En contra,En contra,En contra,A favor,En contra,A favor,En contra,A favor,Abstención,En contra,En contra,
20251008,136,57,,proyecto_ley,,,,Gobierno,False,Rechazada,41,305,1,En contra,En contra,En contra,A favor,A favor,En contra,A favor,En contra,A favor,Abstención,En contra,En contra,
20251008,136,58,,proyecto_ley,,,,Gobierno,False,Rechazada,44,302,0,En contra,En contra,En contra,A favor,A favor,En contra,A favor,En contra,A favor,A favor,En contra,En contra,
20251008,136,59,,proyecto_ley,,,,Gobierno,False,Rechazada,43,296,7,En contra,En contra,En contra,A favor,A favor,Abstención,A favor,En contra,A favor,A favor,En contra,En contra,
20251008,136,60,,proyecto_ley,,,,Gobierno,False,Rechazada,43,296,7,En contra,En contra,En contra,A favor,A favor,Abstención,A favor,En contra,A favor,A favor,En contra,En contra,
20251008,136,61,,proyecto_ley,,,,Gobierno,False,Rechazada,51,296,0,En contra,En contra,En contra,A favor,A favor,A favor,A favor,En contra,A favor,A favor,En contra,En contra,
20251008,136,62,,proyecto_ley,,,,Gobierno,False,Rechazada,44,301,0,En contra,En contra,En contra,A favor,A favor,En contra,A favor,En contra,A favor,A favor,En contra,En contra,
20251008,136,63,,proyecto_ley,,,,Gobierno,False,Rechazada,43,304,0,En contra,En contra,En contra,A favor,A favor,En contra,A favor,En contra,A favor,En contra,En contra,En contra,
20251008,136,64,,proyecto_ley,,,,Gobierno,False,Rechazada,44,301,0,En contra,En contra,En contra,A favor,A favor,En contra,A favor,En contra,A favor,A favor,En contra,En contra,
20251008,136,65,,proyecto_ley,,,,Gobierno,False,Rechazada,171,175,0,A favor,En contra,A favor,En contra,En contra,En contra,En contra,En contra,En contra,En contra,En contra,A favor,
20251008,136,66,,proyecto_ley,,,,Gobierno,False,Rechazada,33,177,137,Abstención,En contra,A favor,En contra,En contra,En contra,En contra,En contra,En contra,En contra,En contra,Abstención,
20251008,136,67,,proyecto_ley,,,,Gobierno,False,Rechazada,33,313,0,En contra,En contra,A favor,En contra,En contra,En contra,En contra,En contra,En contra,En contra,En contra,En contra,
20251008,136,68,,proyecto_ley,,,,Gobierno,False,Rechazada,137,209,0,A favor,En contra,En contra,En contra,En contra,En contra,En contra,En contra,En contra,En contra,En contra,A favor,
20251008,136,69,,proyecto_ley,,,,Gobierno,False,Rechazada,137,177,33,A favor,En contra,Abstención,En contra,En contra,En contra,En contra,En contra,En contra,En contra,En contra,A favor,
20251008,136,70,,proyecto_ley,,,,Gobierno,False,Rechazada,150,164,33,A favor,En contra,Abstención,En contra,A favor,A favor,En contra,En contra,En contra,En contra,En contra,A favor,
20251008,136,71,,proyecto_ley,,,,Gobierno,False,Rechazada,137,177,33,A favor,En contra,Abstención,En contra,En contra,En contra,En contra,En contra,En contra,En contra,En contra,A favor,
20251008,136,72,,proyecto_ley,,,,Gobierno,False,Rechazada,170,176,0,A favor,En contra,A favor,En contra,En contra,En contra,En contra,En contra,En contra,En contra,En contra,A favor,
20251008,136,73,,proyecto_ley,,,,Gobierno,False,Rechazada,170,177,0,A favor,En contra,A favor,En contra,En contra,En contra,En contra,En contra,En contra,En contra,En contra,A favor,
20251008,136,74,,proyecto_ley,,,,Gobierno,False,Aprobada,177,170,0,A favor,En contra,A favor,En contra,En contra,A favor,En contra,En contra,En contra,En contra,En contra,A favor,
20251008,136,75,,proyecto_ley,,,,Gobierno,False,Rechazada,141,165,39,A favor,En contra,Abstención,En contra,Abstención,En contra,En contra,En contra,A favor,En contra,En contra,A favor,
20251008,136,76,,proyecto_ley,,,,Gobierno,False,Rechazada,135,177,33,A favor,En contra,Abstención,En contra,En contra,En contra,En contra,En contra,En contra,En contra,En contra,A favor,
20251008,136,77,,proyecto_ley,,,,Gobierno,False,Aprobada,170,15,162,A favor,Abstención,A favor,Abstención,Abstención,Abstención,En contra,En contra,En contra,Abstención,Abstención,A favor,
20251008,136,78,,proyecto_ley,,,,Gobierno,False,Rechazada,137,209,1,A favor,En contra,En contra,En contra,En contra,En contra,En contra,En contra,En contra,Abstención,En contra,A favor,
20251008,136,79,,proyecto_ley,,,,Gobierno,False,Rechazada,140,172,34,A favor,En contra,Abstención,En contra,En contra,En contra,En contra,En contra,A favor,Abstención,En contra,A favor,
20251008,136,80,,proyecto_ley,,,,Gobierno,False,Rechazada,135,176,35,A favor,En contra,Abstención,En contra,En contra,En contra,En contra,En contra,En contra,Abstención,En contra,Abstención,
20251008,136,81,,proyecto_ley,,,,Gobierno,False,Rechazada,169,176,2,A favor,En contra,A favor,En contra,En contra,En contra,En contra,En contra,En contra,Abstención,En contra,Abstención,
20251008,136,82,,proyecto_ley,,,,Gobierno,False,Rechazada,137,207,1,A favor,En contra,En contra,En contra,En contra,En contra,En contra,En contra,En contra,Abstención,A favor,A favor,
20251008,136,83,,proyecto_ley,,,,Gobierno,False,Rechazada,137,175,34,A favor,En contra,Abstención,En contra,En contra,En contra,En contra,En contra,En contra,Abstención,A favor,A favor,
20251008,136,84,,proyecto_ley,,,,Gobierno,False,Rechazada,136,210,1,A favor,En contra,En contra,En contra,En contra,En contra,En contra,En contra,En contra,Abstención,En contra,En contra,
20251008,136,85,,proyecto_ley,,,,Gobierno,False,Rechazada,137,210,0,A favor,En contra,En contra,En contra,En contra,En contra,En contra,En contra,En contra,En contra,En contra,A favor,
20251008,136,86,,proyecto_ley,,,,Gobierno,False,Rechazada,157,178,12,En contra,A favor,En contra,A favor,Abstención,En contra,A favor,A favor,Abstención,Abstención,A favor,En contra,
20251008,136,87,,otro,,,,,False,Aprobada,178,169,1,En contra,A favor,En contra,A favor,A favor,A favor,A favor,A favor,A favor,A favor,A favor,Abstención,
20251008,136,88,,proyecto_ley,,,,Gobierno,False,Aprobada,212,135,1,En contra,A favor,A favor,A favor,A favor,A favor,A favor,A favor,A favor,A favor,A favor,Abstención,
20251008,136,89,,PNL,Punto 1,,,ERC,False,Rechazada,48,177,122,En contra,Abstención,En contra,A favor,A favor,En contra,A favor,A favor,A favor,A favor,Abstención,En contra,
20251008,136,90,,PNL,Punto 2,,,ERC,False,Rechazada,45,302,0,En contra,En contra,En contra,A favor,A favor,En contra,A favor,En contra,A favor,A favor,En contra,En contra,
20251008,136,91,,PNL,Punto 3,,,ERC,False,Rechazada,45,291,11,En contra,En contra,En contra,A favor,A favor,Abstención,A favor,Abstención,A favor,A favor,En contra,En contra,
20251008,136,92,,PNL,Punto 4,,,ERC,False,Rechazada,56,291,0,En contra,En contra,En contra,A favor,A favor,A favor,A favor,A favor,A favor,A favor,En contra,En contra,
20251008,136,93,,PNL,Punto 5,,,ERC,False,Rechazada,56,292,0,En contra,En contra,En contra,A favor,A favor,A favor,A favor,A favor,A favor,A favor,En contra,En contra,
20251008,136,94,,PNL,Punto 6,,,ERC,False,Rechazada,49,178,121,En contra,Abstención,En contra,A favor,A favor,En contra,A favor,A favor,A favor,A favor,En contra,En contra,
20251008,136,95,,PNL,Punto 7,,,ERC,False,Rechazada,53,170,125,En contra,Abstención,En contra,A favor,A favor,A favor,A favor,Abstención,A favor,A favor,A favor,En contra,
20251008,136,96,,PNL,Punto 8,,,ERC,False,Rechazada,58,169,121,En contra,Abstención,En contra,A favor,A favor,A favor,A favor,A favor,A favor,A favor,A favor,En contra,
20251008,136,97,,PNL,Punto 9,,,ERC,False,Rechazada,57,170,121,En contra,Abstención,En contra,A favor,A favor,A favor,A favor,A favor,A favor,A favor,A favor,En contra,
20251008,136,98,,PNL,,,,PP,False,Aprobada,186,150,11,A favor,En contra,A favor,En contra,A favor,A favor,Abstención,Abstención,A favor,A favor,Abstención,A favor,
20251008,136,99,,mocion,,,,Vox,False,Rechazada,33,177,137,Abstención,En contra,A favor,En contra,En contra,En contra,En contra,En contra,En contra,En contra,En contra,Abstención,
20251008,136,100,,mocion,Punto 1,,,Mixto,False,Rechazada,45,303,0,En contra,En contra,En contra,A favor,A favor,En contra,A favor,En contra,A favor,A favor,En contra,En contra,
20251008,136,101,,mocion,Punto 2,,,Mixto,False,Rechazada,45,302,0,En contra,En contra,En contra,A favor,A favor,En contra,A favor,En contra,A favor,A favor,En contra,En contra,
20251008,136,102,,mocion,Punto 3,,,Mixto,False,Rechazada,43,305,0,En contra,En contra,En contra,A favor,A favor,En contra,A favor,En contra,A favor,A favor,En contra,En contra,
20251008,136,103,,mocion,Punto 4,,,Mixto,False,Rechazada,44,302,0,En contra,En contra,En contra,A favor,A favor,En contra,A favor,En contra,A favor,A favor,En contra,En contra,
20251008,136,104,,mocion,Punto 5,,,Mixto,False,Rechazada,45,303,0,En contra,En contra,En contra,A favor,A favor,En contra,A favor,En contra,A favor,A favor,En contra,En contra,
20251008,136,105,,mocion,Punto 6,,,Mixto,False,Rechazada,45,302,0,En contra,En contra,En contra,A favor,A favor,En contra,A favor,En contra,A favor,A favor,En contra,En contra,
20251008,136,106,,mocion,Punto 7,,,Mixto,False,Rechazada,45,303,0,En contra,En contra,En contra,A favor,A favor,En contra,A favor,En contra,A favor,A favor,En contra,En contra,
20251008,136,107,,mocion,Punto 1,,,PP,False,Aprobada,177,152,19,A favor,En contra,A favor,En contra,Abstención,A favor,Abstención,Abstención,En contra,Abstención,Abstención,A favor,
20251008,136,108,,mocion,Punto 2,,,PP,False,Aprobada,170,169,9,A favor,En contra,A favor,En contra,En contra,Abstención,En contra,En contra,En contra,Abstención,Abstención,A favor,
20251008,136,109,,mocion,Punto 3,,,PP,False,Aprobada,176,164,5,A favor,En contra,A favor,En contra,En contra,A favor,En contra,Abstención,En contra,Dividido,Abstención,A favor,
20251008,136,110,,mocion,Punto 4,,,PP,False,Aprobada,183,20,145,A favor,Abstención,A favor,Abstención,En contra,A favor,En contra,A favor,En contra,A favor,A favor,A favor,
20251008,136,111,,mocion,Punto 5,,,PP,False,Aprobada,142,44,162,A favor,Abstención,Abstención,En contra,En contra,Abstención,En contra,A favor,En contra,Abstención,A favor,A favor,
20251008,136,112,,mocion,Punto 6,,,PP,False,Rechazada,170,177,1,A favor,En contra,A favor,En contra,En contra,En contra,En contra,En contra,En contra,En contra,Abstención,A favor,
20251008,136,113,,mocion,Punto 7,,,PP,False,Rechazada,136,169,41,A favor,En contra,Abstención,En contra,En contra,Abstención,En contra,En contra,En contra,En contra,Abstención,A favor,
20251008,136,114,,mocion,Punto 8,,,PP,False,Aprobada,266,54,28,A favor,A favor,En contra,Abstención,En contra,A favor,En contra,Abstención,En contra,En contra,A favor,A favor,
20251008,136,115,,mocion,Punto 9,,,PP,False,Rechazada,142,166,40,A favor,En contra,Abstención,En contra,En contra,Abstención,En contra,A favor,En contra,En contra,A favor,A favor,
20251008,136,116,,proyecto_ley,,,,Gobierno,False,Aprobada,174,170,4,En contra,A favor,En contra,A favor,A favor,A favor,A favor,A favor,Abstención,A favor,A favor,En contra,
20251008,136,117,,proyecto_ley,,,,Gobierno,False,Rechazada,170,176,0,A favor,En contra,A favor,En contra,En contra,En contra,En contra,En contra,En contra,En contra,En contra,A favor,
20251014,137,1,,proposicion_ley,,,,Mixto,False,Rechazada,162,178,6,En contra,A favor,En contra,A favor,A favor,En contra,A favor,Abstención,A favor,A favor,Abstención,En contra,
20251014,137,2,,proposicion_ley,,,,PP,False,Rechazada,171,175,0,A favor,En contra,A favor,En contra,En contra,En contra,En contra,En contra,En contra,En contra,En contra,A favor,
20251016,139,1,140/000009,PNL,,,,PSOE,False,Aprobada,309,0,32,A favor,A favor,Abstención,A favor,A favor,A favor,A favor,A favor,A favor,A favor,A favor,A favor,
20251016,139,2,,PNL,,,,PP,False,Aprobada,172,19,150,A favor,Abstención,A favor,Abstención,En contra,En contra,En contra,Abstención,A favor,Abstención,Abstención,A favor,
20251016,139,3,,mocion,Punto 1,,,PP,False,Rechazada,168,172,1,A favor,En contra,A favor,En contra,En contra,En contra,En contra,En contra,En contra,Abstención,En contra,A favor,
20251016,139,4,,mocion,Punto 2,,,PP,False,Rechazada,168,172,1,A favor,En contra,A favor,En contra,En contra,En contra,En contra,En contra,En contra,Abstención,En contra,A favor,
20251016,139,5,,mocion,Punto 3,,,PP,False,Aprobada,169,165,7,A favor,En contra,A favor,En contra,Abstención,En contra,En contra,En contra,En contra,A favor,En contra,A favor,
20251016,139,6,,mocion,Punto 5,,,Vox,False,Aprobada,192,149,0,A favor,En contra,A favor,A favor,En contra,En contra,En contra,En contra,En contra,Dividido,En contra,A favor,
20251016,139,7,,mocion,,,,Vox,False,Rechazada,33,175,134,Abstención,En contra,A favor,En contra,En contra,En contra,En contra,En contra,En contra,En contra,En contra,En contra,
20251016,139,8,,mocion,Punto 1,,,Mixto,False,Aprobada,223,0,119,A favor,Abstención,A favor,A favor,A favor,A favor,A favor,A favor,A favor,A favor,A favor,A favor,
20251016,139,9,,mocion,Punto 2,,,Mixto,False,Aprobada,187,117,37,A favor,En contra,Abstención,A favor,A favor,Abstención,A favor,A favor,A favor,A favor,A favor,A favor,
20251016,139,10,,mocion,Punto 3,,,Mixto,False,Aprobada,213,4,124,A favor,Abstención,A favor,A favor,A favor,Abstención,A favor,A favor,En contra,A favor,A favor,A favor,
20251016,139,11,,mocion,Punto 4,,,Mixto,False,Aprobada,183,4,155,A favor,Abstención,Abstención,A favor,A favor,A favor,A favor,Abstención,En contra,A favor,A favor,A favor,
20251016,139,12,,mocion,Punto 5,,,Mixto,False,Aprobada,223,0,119,A favor,Abstención,A favor,A favor,A favor,A favor,A favor,A favor,A favor,A favor,A favor,A favor,
20251016,139,13,,mocion,Punto 6,,,Mixto,False,Rechazada,40,118,184,Abstención,En contra,Abstención,A favor,A favor,Abstención,Abstención,Abstención,A favor,A favor,A favor,Abstención,
20251016,139,14,,mocion,Punto 7,,,Mixto,False,Rechazada,77,118,148,Abstención,En contra,A favor,A favor,A favor,Abstención,A favor,Abstención,A favor,A favor,A favor,A favor,
20251016,139,15,,mocion,Punto 8,,,Mixto,False,Aprobada,343,0,0,A favor,A favor,A favor,A favor,A favor,A favor,A favor,A favor,A favor,A favor,A favor,A favor,
20251016,139,16,,mocion,Punto 9,,,Mixto,False,Aprobada,310,0,32,A favor,A favor,Abstención,A favor,A favor,A favor,A favor,A favor,A favor,A favor,A favor,A favor,
20251016,139,17,,mocion,Punto 10,,,Mixto,False,Aprobada,181,143,17,A favor,En contra,A favor,En contra,Abstención,Abstención,A favor,A favor,Abstención,A favor,A favor,A favor,
20251016,139,18,,proyecto_ley,,,,Gobierno,True,Rechazada,32,176,136,Abstención,En contra,A favor,En contra,En contra,En contra,En contra,En contra,En contra,En contra,En contra,En contra,
20251016,139,19,,otro,,,,,True,Rechazada,33,176,138,Abstención,En contra,A favor,En contra,En contra,En contra,En contra,En contra,En contra,En contra,En contra,Abstención,
20251016,139,20,,otro,,,,,False,Aprobada,345,1,1,A favor,A favor,A favor,A favor,A favor,A favor,A favor,A favor,A favor,Abstención,A favor,A favor,
20251021,140,1,,proposicion_ley,,,,PP,False,Aprobada,338,3,4,A favor,A favor,A favor,A favor,A favor,A favor,A favor,A favor,Abstención,A favor,A favor,A favor,
20251021,140,2,,proposicion_ley,,,,PSOE,False,Aprobada,310,34,0,A favor,A favor,En contra,A favor,A favor,A favor,A favor,A favor,A favor,A favor,A favor,En contra,
20251022,141,1,,PNL,,,,PSOE,False,Aprobada,172,33,143,Abstención,A favor,En contra,A favor,A favor,Abstención,A favor,A favor,A favor,A favor,A favor,A favor,
20251022,141,2,,PNL,,,,PP,False,Aprobada,174,9,165,A favor,Abstención,A favor,Abstención,Abstención,Abstención,Abstención,Abstención,En contra,A favor,A favor,A favor,
20251022,141,3,,mocion,,,,Mixto,False,Rechazada,49,123,174,Abstención,En contra,Abstención,A favor,A favor,A favor,A favor,Abstención,A favor,A favor,En contra,En contra,
20251022,141,4,,mocion,,,,Vox,False,Rechazada,33,178,137,Abstención,En contra,A favor,En contra,En contra,En contra,En contra,En contra,En contra,En contra,En contra,En contra,
20251022,141,5,,mocion,Punto 1,,,PP,False,Aprobada,179,156,13,A favor,En contra,A favor,En contra,Abstención,A favor,En contra,Abstención,En contra,Abstención,A favor,A favor,
20251022,141,6,,mocion,Punto 2,,,PP,False,Aprobada,178,168,0,A favor,En contra,A favor,En contra,En contra,A favor,En contra,En contra,En contra,En contra,A favor,A favor,
20251022,141,7,,mocion,Punto 3,,,PP,False,Aprobada,179,163,6,A favor,En contra,A favor,En contra,En contra,A favor,En contra,Abstención,En contra,Abstención,A favor,A favor,
20251022,141,8,,mocion,Punto 4,,,PP,False,Aprobada,177,166,4,A favor,En contra,A favor,En contra,En contra,En contra,En contra,A favor,Abstención,A favor,A favor,A favor,
20251022,141,9,,convenio,,,,Gobierno,False,Aprobada,290,37,20,A favor,A favor,En contra,A favor,Abstención,Abstención,Abstención,A favor,En contra,Dividido,A favor,A favor,
20251022,141,10,,convenio,,,,Gobierno,False,Aprobada,294,0,53,A favor,A favor,Abstención,A favor,Abstención,Abstención,Abstención,A favor,A favor,Dividido,A favor,A favor,
20251022,141,11,,convenio,,,,Gobierno,False,Aprobada,302,0,45,A favor,A favor,Abstención,A favor,A favor,Abstención,Abstención,A favor,A favor,Dividido,A favor,A favor,
20251022,141,12,,convenio,,,,Gobierno,False,Aprobada,265,0,82,A favor,A favor,Abstención,Abstención,Abstención,Abstención,Abstención,A favor,Abstención,Dividido,A favor,A favor,
20251022,141,13,,convenio,,,,Gobierno,False,Aprobada,294,33,20,A favor,A favor,En contra,A favor,Abstención,Abstención,Abstención,A favor,A favor,Dividido,A favor,A favor,
20251022,141,14,,otro,,,,,False,Aprobada,176,171,1,En contra,A favor,En contra,A favor,A favor,A favor,A favor,A favor,A favor,A favor,Abstención,En contra,
20251028,142,1,,proposicion_ley,,,,PP,False,Aprobada,171,168,7,A favor,En contra,A favor,En contra,En contra,Abstención,En contra,En contra,En contra,En contra,Abstención,A favor,
20251028,142,2,,proposicion_ley,,,,PSOE,False,Aprobada,169,0,177,Abstención,A favor,Abstención,A favor,A favor,Abstención,A favor,A favor,A favor,A favor,A favor,Abstención,
20251028,142,3,,PNL,,,,PSOE,False,Aprobada,307,33,6,A favor,A favor,En contra,A favor,A favor,Abstención,A favor,A favor,A favor,A favor,A favor,A favor,
20251028,142,4,,PNL,Punto 1,,,Vox,False,Rechazada,172,173,0,A favor,En contra,A favor,En contra,En contra,En contra,En contra,En contra,En contra,Dividido,A favor,A favor,
20251028,142,5,,PNL,Punto 2,,,Vox,False,Rechazada,172,173,0,A favor,En contra,A favor,En contra,En contra,En contra,En contra,En contra,En contra,En contra,A favor,A favor,
20251028,142,6,,PNL,Punto 3,,,Vox,False,Rechazada,172,174,0,A favor,En contra,A favor,En contra,En contra,En contra,En contra,En contra,En contra,En contra,A favor,A favor,
20251028,142,7,,PNL,Punto 4,,,Vox,False,Rechazada,33,176,137,Abstención,En contra,A favor,En contra,En contra,En contra,En contra,En contra,En contra,En contra,En contra,En contra,
20251028,142,8,,PNL,Punto 5,,,Vox,False,Rechazada,33,174,139,Abstención,En contra,A favor,En contra,En contra,En contra,En contra,En contra,En contra,En contra,Abstención,Abstención,
20251028,142,9,,mocion,Punto 1,,,Vox,False,Rechazada,171,175,0,A favor,En contra,A favor,En contra,En contra,En contra,En contra,En contra,En contra,En contra,En contra,A favor,
20251028,142,10,,mocion,Punto 2,,,Vox,False,Rechazada,33,312,1,En contra,En contra,A favor,En contra,En contra,En contra,En contra,En contra,En contra,En contra,En contra,Abstención,
20251028,142,11,,mocion,Punto 3,,,Vox,False,Rechazada,33,176,137,Abstención,En contra,A favor,En contra,En contra,En contra,En contra,En contra,En contra,En contra,En contra,En contra,
20251028,142,12,,mocion,Punto 4,,,Vox,False,Rechazada,33,312,0,En contra,En contra,A favor,En contra,En contra,En contra,En contra,En contra,En contra,En contra,En contra,En contra,
20251028,142,13,,mocion,Punto 5,,,Vox,False,Rechazada,33,175,138,Abstención,En contra,A favor,En contra,En contra,En contra,En contra,En contra,En contra,En contra,En contra,Abstención,
20251028,142,14,,mocion,Punto 6,,,Vox,False,Rechazada,171,173,1,A favor,En contra,A favor,En contra,En contra,En contra,En contra,En contra,En contra,En contra,A favor,A favor,
20251028,142,15,,mocion,Punto 7,,,Vox,False,Rechazada,33,313,0,En contra,En contra,A favor,En contra,En contra,En contra,En contra,En contra,En contra,En contra,En contra,En contra,
20251028,142,16,,mocion,Punto 8,,,Vox,False,Rechazada,33,175,138,Abstención,En contra,A favor,En contra,En contra,En contra,En contra,En contra,En contra,En contra,En contra,Abstención,
20251028,142,17,,mocion,Punto 1,,,PP,False,Rechazada,144,201,1,A favor,En contra,En contra,En contra,En contra,A favor,En contra,En contra,En contra,En contra,Abstención,A favor,
20251028,142,18,,mocion,Punto 2,,,PP,False,Aprobada,171,168,6,A favor,En contra,A favor,En contra,En contra,Abstención,En contra,En contra,En contra,En contra,A favor,A favor,
20251028,142,19,,mocion,Punto 3,,,PP,False,Rechazada,144,169,33,A favor,En contra,Abstención,En contra,En contra,A favor,En contra,En contra,En contra,En contra,En contra,A favor,
20251028,142,20,,mocion,Punto 4,,,PP,False,Rechazada,137,175,33,A favor,En contra,Abstención,En contra,En contra,En contra,En contra,En contra,En contra,En contra,En contra,A favor,
20251028,142,21,,mocion,Punto 5,,,PP,False,Aprobada,177,162,7,A favor,En contra,A favor,En contra,En contra,Abstención,En contra,A favor,En contra,Abstención,A favor,A favor,
20251028,142,22,,mocion,Punto 6,,,PP,False,Aprobada,171,168,7,A favor,En contra,A favor,En contra,En contra,Abstención,En contra,En contra,En contra,En contra,Abstención,A favor,
20251028,142,23,,mocion,Punto 7,,,PP,False,Rechazada,144,196,5,A favor,En contra,En contra,En contra,En contra,A favor,En contra,Abstención,En contra,En contra,En contra,A favor,
20251028,142,24,,mocion,Punto 8,,,PP,False,Aprobada,177,168,0,A favor,En contra,A favor,En contra,En contra,En contra,En contra,A favor,En contra,En contra,A favor,A favor,
20251028,142,25,,mocion,Punto 9,,,PP,False,Rechazada,170,175,0,A favor,En contra,A favor,En contra,En contra,En contra,En contra,En contra,En contra,En contra,En contra,A favor,
20251111,144,1,,otro,,,,,False,Aprobada,288,34,13,A favor,A favor,En contra,A favor,Abstención,Dividido,Dividido,A favor,Abstención,Abstención,A favor,En contra,
20251111,144,2,,proposicion_ley,,,,ERC,False,Rechazada,163,171,13,En contra,A favor,En contra,A favor,A favor,Abstención,A favor,Abstención,A favor,A favor,Abstención,En contra,
20251113,146,1,,proyecto_ley,,,,Gobierno,False,Rechazada,161,186,0,A favor,En contra,En contra,En contra,A favor,A favor,A favor,En contra,A favor,A favor,En contra,En contra,
20251113,146,2,,proyecto_ley,,,,Gobierno,False,Rechazada,26,320,0,En contra,En contra,En contra,En contra,A favor,A favor,A favor,En contra,A favor,A favor,En contra,En contra,
20251113,146,3,,proyecto_ley,,,,Gobierno,False,Rechazada,19,328,0,En contra,En contra,En contra,En contra,A favor,En contra,A favor,En contra,A favor,A favor,En contra,En contra,
20251113,146,4,,proyecto_ley,,,,Gobierno,False,Rechazada,26,316,5,En contra,En contra,En contra,En contra,A favor,A favor,A favor,Abstención,A favor,A favor,En contra,En contra,
20251113,146,5,,proyecto_ley,,,,Gobierno,False,Rechazada,31,316,0,En contra,En contra,En contra,En contra,A favor,A favor,A favor,A favor,A favor,A favor,En contra,En contra,
20251113,146,6,,proyecto_ley,,,,Gobierno,False,Rechazada,19,321,7,En contra,En contra,En contra,En contra,A favor,Abstención,A favor,En contra,A favor,A favor,En contra,En contra,
20251113,146,7,,proyecto_ley,,,,Gobierno,False,Rechazada,153,186,8,A favor,En contra,En contra,En contra,Abstención,A favor,A favor,En contra,A favor,A favor,En contra,En contra,
20251113,146,8,,proyecto_ley,,,,Gobierno,False,Rechazada,154,193,0,A favor,En contra,En contra,En contra,A favor,En contra,A favor,En contra,A favor,A favor,En contra,En contra,
20251113,146,9,,proyecto_ley,,,,Gobierno,False,Rechazada,19,328,0,En contra,En contra,En contra,En contra,A favor,En contra,A favor,En contra,A favor,A favor,En contra,En contra,
20251113,146,10,,proyecto_ley,,,,Gobierno,False,Rechazada,19,316,12,En contra,En contra,En contra,En contra,A favor,Abstención,A favor,Abstención,A favor,A favor,En contra,En contra,
20251113,146,11,,proyecto_ley,,,,Gobierno,False,Rechazada,26,322,0,En contra,En contra,En contra,En contra,A favor,A favor,A favor,En contra,A favor,A favor,En contra,En contra,
20251113,146,12,,proyecto_ley,,,,Gobierno,False,Rechazada,13,335,0,En contra,En contra,En contra,En contra,En contra,A favor,En contra,A favor,En contra,En contra,A favor,En contra,
20251113,146,13,,proyecto_ley,,,,Gobierno,False,Rechazada,27,320,0,En contra,En contra,En contra,En contra,A favor,A favor,A favor,A favor,En contra,A favor,A favor,En contra,
20251113,146,14,,proyecto_ley,,,,Gobierno,False,Rechazada,26,321,0,En contra,En contra,En contra,En contra,A favor,A favor,A favor,A favor,En contra,A favor,En contra,En contra,
20251113,146,15,,proyecto_ley,,,,Gobierno,False,Rechazada,149,198,1,A favor,En contra,En contra,En contra,En contra,A favor,En contra,A favor,En contra,Abstención,En contra,A favor,
20251113,146,16,,proyecto_ley,,,,Gobierno,False,Rechazada,7,340,0,En contra,En contra,En contra,En contra,En contra,A favor,En contra,En contra,En contra,En contra,En contra,En contra,
20251113,146,17,,proyecto_ley,,,,Gobierno,False,Rechazada,21,327,0,En contra,En contra,En contra,En contra,A favor,A favor,A favor,En contra,En contra,A favor,En contra,En contra,
20251113,146,18,,proyecto_ley,,,,Gobierno,False,Rechazada,155,185,8,A favor,En contra,En contra,En contra,Abstención,A favor,A favor,A favor,En contra,Abstención,En contra,A favor,
20251113,146,19,,proyecto_ley,,,,Gobierno,False,Rechazada,7,322,19,En contra,En contra,En contra,En contra,Abstención,A favor,Abstención,Abstención,En contra,Abstención,En contra,En contra,
20251113,146,20,,proyecto_ley,,,,Gobierno,False,Rechazada,12,334,1,En contra,En contra,En contra,En contra,En contra,A favor,En contra,A favor,En contra,Abstención,En contra,En contra,
20251113,146,21,,proyecto_ley,,,,Gobierno,False,Rechazada,156,185,6,A favor,En contra,En contra,En contra,A favor,A favor,A favor,Abstención,En contra,Abstención,En contra,A favor,
20251113,146,22,,proyecto_ley,,,,Gobierno,False,Rechazada,27,320,0,En contra,En contra,En contra,En contra,A favor,A favor,A favor,En contra,A favor,A favor,En contra,En contra,
20251113,146,23,,proyecto_ley,,,,Gobierno,False,Rechazada,154,188,6,A favor,En contra,En contra,En contra,A favor,En contra,A favor,Abstención,A favor,Abstención,En contra,A favor,
20251113,146,24,,proyecto_ley,,,,Gobierno,False,Rechazada,161,184,2,A favor,En contra,En contra,En contra,A favor,A favor,A favor,En contra,A favor,Abstención,En contra,Abstención,
20251113,146,25,,proyecto_ley,,,,Gobierno,False,Rechazada,31,317,0,En contra,En contra,En contra,En contra,A favor,A favor,A favor,A favor,A favor,A favor,En contra,En contra,
20251113,146,26,,proyecto_ley,,,,Gobierno,False,Rechazada,45,298,5,En contra,En contra,En contra,A favor,A favor,En contra,A favor,Abstención,A favor,A favor,En contra,En contra,
20251113,146,27,,proyecto_ley,,,,Gobierno,False,Rechazada,44,298,5,En contra,En contra,En contra,A favor,A favor,En contra,A favor,Abstención,A favor,Dividido,En contra,En contra,
20251113,146,28,,proyecto_ley,,,,Gobierno,False,Rechazada,166,182,0,En contra,A favor,En contra,A favor,A favor,En contra,A favor,En contra,A favor,A favor,A favor,En contra,
20251113,146,29,,proyecto_ley,,,,Gobierno,False,Rechazada,50,298,0,En contra,En contra,En contra,A favor,A favor,En contra,A favor,A favor,A favor,A favor,En contra,En contra,
20251113,146,30,,proyecto_ley,,,,Gobierno,False,Rechazada,166,177,5,En contra,A favor,En contra,A favor,A favor,En contra,A favor,Abstención,A favor,A favor,A favor,En contra,
20251113,146,31,,proyecto_ley,,,,Gobierno,False,Rechazada,45,298,5,En contra,En contra,En contra,A favor,A favor,En contra,A favor,Abstención,A favor,A favor,En contra,En contra,
20251113,146,32,,proyecto_ley,,,,Gobierno,False,Rechazada,46,302,0,En contra,En contra,En contra,A favor,A favor,En contra,A favor,En contra,A favor,A favor,En contra,En contra,
20251113,146,33,,proyecto_ley,,,,Gobierno,False,Rechazada,167,176,5,En contra,A favor,En contra,A favor,A favor,En contra,A favor,Abstención,A favor,A favor,A favor,En contra,
20251113,146,34,,proyecto_ley,,,,Gobierno,False,Rechazada,45,298,5,En contra,En contra,En contra,A favor,A favor,En contra,A favor,Abstención,A favor,A favor,En contra,En contra,
20251113,146,35,,proyecto_ley,,,,Gobierno,False,Rechazada,173,174,0,A favor,En contra,A favor,En contra,En contra,En contra,En contra,A favor,En contra,En contra,En contra,A favor,
20251113,146,36,,proyecto_ley,,,,Gobierno,False,Rechazada,170,171,7,A favor,En contra,A favor,En contra,Abstención,En contra,En contra,En contra,En contra,En contra,En contra,A favor,
20251113,146,37,,proyecto_ley,,,,Gobierno,False,Rechazada,137,176,33,A favor,En contra,Abstención,En contra,En contra,En contra,En contra,En contra,En contra,En contra,En contra,A favor,
20251113,146,38,,proyecto_ley,,,,Gobierno,False,Aprobada,170,160,18,A favor,En contra,A favor,En contra,Abstención,En contra,Abstención,Abstención,En contra,En contra,En contra,A favor,
20251113,146,39,,proyecto_ley,,,,Gobierno,False,Aprobada,174,166,8,A favor,En contra,A favor,En contra,Abstención,En contra,En contra,En contra,A favor,Abstención,En contra,A favor,
20251113,146,40,,proyecto_ley,,,,Gobierno,False,Rechazada,137,173,38,A favor,En contra,Abstención,En contra,En contra,En contra,En contra,Abstención,En contra,En contra,En contra,A favor,
20251113,146,41,,proyecto_ley,,,,Gobierno,False,Rechazada,137,211,0,A favor,En contra,En contra,En contra,En contra,En contra,En contra,En contra,En contra,En contra,En contra,A favor,
20251113,146,42,,proyecto_ley,,,,Gobierno,False,Rechazada,170,172,5,A favor,En contra,A favor,En contra,En contra,En contra,En contra,Abstención,En contra,En contra,En contra,A favor,
20251113,146,43,,proyecto_ley,,,,Gobierno,False,Aprobada,176,162,8,A favor,En contra,A favor,En contra,Abstención,En contra,En contra,A favor,A favor,Abstención,En contra,A favor,
20251113,146,44,,proyecto_ley,,,,Gobierno,False,Aprobada,169,166,12,A favor,En contra,A favor,En contra,Abstención,En contra,En contra,Abstención,En contra,En contra,En contra,A favor,
20251113,146,45,,proyecto_ley,,,,Gobierno,False,Aprobada,169,165,12,A favor,En contra,A favor,En contra,Abstención,En contra,Abstención,En contra,En contra,En contra,En contra,A favor,
20251113,146,46,,proyecto_ley,,,,Gobierno,False,Rechazada,148,166,33,A favor,En contra,Abstención,En contra,En contra,A favor,En contra,A favor,En contra,En contra,En contra,A favor,
20251113,146,47,,proyecto_ley,,,,Gobierno,False,Rechazada,144,171,33,A favor,En contra,Abstención,En contra,En contra,A favor,En contra,En contra,En contra,En contra,En contra,A favor,
20251113,146,48,,proyecto_ley,,,,Gobierno,False,Rechazada,142,172,33,A favor,En contra,Abstención,En contra,En contra,En contra,En contra,A favor,En contra,En contra,En contra,A favor,
20251113,146,49,,proyecto_ley,,,,Gobierno,False,Rechazada,169,178,0,A favor,En contra,A favor,En contra,En contra,En contra,En contra,En contra,En contra,En contra,En contra,A favor,
20251113,146,50,,proyecto_ley,,,,Gobierno,False,Rechazada,170,178,0,A favor,En contra,A favor,En contra,En contra,En contra,En contra,En contra,En contra,En contra,En contra,A favor,
20251113,146,51,,proyecto_ley,,,,Gobierno,False,Rechazada,144,169,33,A favor,En contra,Abstención,En contra,En contra,A favor,En contra,En contra,En contra,En contra,En contra,A favor,
20251113,146,52,,proyecto_ley,,,,Gobierno,False,Rechazada,171,176,0,A favor,En contra,A favor,En contra,En contra,En contra,En contra,En contra,En contra,A favor,En contra,A favor,
20251113,146,53,,proyecto_ley,,,,Gobierno,False,Aprobada,348,0,0,A favor,A favor,A favor,A favor,A favor,A favor,A favor,A favor,A favor,A favor,A favor,A favor,
20251113,146,54,,proyecto_ley,,,,Gobierno,False,Aprobada,346,0,0,A favor,A favor,A favor,A favor,A favor,A favor,A favor,A favor,A favor,A favor,A favor,A favor,
20251113,146,55,,proyecto_ley,,,,Gobierno,False,Aprobada,348,0,0,A favor,A favor,A favor,A favor,A favor,A favor,A favor,A favor,A favor,A favor,A favor,A favor,
20251113,146,56,,proyecto_ley,,,,Gobierno,False,Aprobada,345,0,0,A favor,A favor,A favor,A favor,A favor,A favor,A favor,A favor,A favor,A favor,A favor,A favor,
20251113,146,57,,PNL,,,,PP,False,Aprobada,185,16,149,A favor,Abstención,A favor,Abstención,En contra,A favor,En contra,A favor,En contra,Abstención,A favor,A favor,
20251113,146,58,,PNL,,,,PSOE,False,Aprobada,308,33,7,A favor,A favor,En contra,A favor,A favor,Abstención,A favor,A favor,A favor,A favor,A favor,A favor,
20251113,146,59,,mocion,,,,Mixto,False,Aprobada,149,0,201,A favor,Abstención,Abstención,Abstención,Abstención,Abstención,Abstención,A favor,A favor,Abstención,A favor,A favor,
20251113,146,60,,mocion,,,,Mixto,False,Aprobada,180,0,170,Abstención,A favor,Abstención,A favor,A favor,A favor,A favor,A favor,A favor,A favor,A favor,A favor,
20251113,146,61,,mocion,,,,Vox,False,Rechazada,33,177,138,Abstención,En contra,A favor,En contra,En contra,En contra,En contra,En contra,En contra,En contra,Abstención,A favor,
20251113,146,62,,mocion,,,,PP,False,Aprobada,171,166,12,A favor,En contra,A favor,En contra,En contra,Abstención,En contra,Abstención,En contra,En contra,A favor,A favor,
20251113,146,63,,proyecto_ley,,,,Gobierno,False,Aprobada,179,33,138,Abstención,A favor,En contra,A favor,A favor,A favor,A favor,A favor,A favor,A favor,A favor,Abstención,
20251113,146,64,,proyecto_ley,,,,Gobierno,False,Aprobada,337,6,7,A favor,A favor,A favor,A favor,Abstención,A favor,A favor,A favor,En contra,En contra,A favor,A favor,
20251113,146,65,,proyecto_ley,,,,Gobierno,False,Rechazada,138,212,0,A favor,En contra,En contra,En contra,En contra,En contra,En contra,En contra,En contra,En contra,En contra,A favor,
20251113,146,66,,proyecto_ley,,,,Gobierno,False,Aprobada,339,4,7,A favor,A favor,A favor,A favor,Abstención,A favor,A favor,A favor,En contra,A favor,A favor,A favor,
20251113,146,67,,proyecto_ley,,,,Gobierno,False,Rechazada,139,211,0,A favor,En contra,En contra,En contra,En contra,En contra,En contra,En contra,En contra,En contra,En contra,A favor,
20251113,146,68,,proyecto_ley,,,,Gobierno,False,Rechazada,151,197,0,A favor,En contra,En contra,En contra,En contra,A favor,En contra,A favor,En contra,En contra,A favor,A favor,
20251113,146,69,,proyecto_ley,,,,Gobierno,False,Rechazada,139,178,33,A favor,En contra,Abstención,En contra,En contra,En contra,En contra,En contra,En contra,En contra,En contra,A favor,
20251113,146,70,,proyecto_ley,,,,Gobierno,False,Rechazada,139,178,33,A favor,En contra,Abstención,En contra,En contra,En contra,En contra,En contra,En contra,En contra,En contra,A favor,
20251113,146,71,,proyecto_ley,,,,Gobierno,False,Rechazada,164,181,5,A favor,En contra,En contra,En contra,A favor,A favor,A favor,Abstención,A favor,A favor,En contra,A favor,
20251113,146,72,,proyecto_ley,,,,Gobierno,False,Rechazada,144,205,0,A favor,En contra,En contra,En contra,En contra,A favor,En contra,En contra,En contra,En contra,En contra,A favor,
20251113,146,73,,proyecto_ley,,,,Gobierno,False,Aprobada,305,44,0,A favor,A favor,En contra,A favor,En contra,A favor,A favor,A favor,En contra,A favor,A favor,A favor,
20251113,146,74,,proyecto_ley,,,,Gobierno,False,Rechazada,146,203,1,A favor,En contra,En contra,En contra,A favor,En contra,En contra,En contra,En contra,Abstención,En contra,A favor,
20251113,146,75,,proyecto_ley,,,,Gobierno,False,Rechazada,137,208,4,A favor,En contra,En contra,En contra,En contra,En contra,En contra,En contra,Abstención,Abstención,En contra,A favor,
20251113,146,76,,proyecto_ley,,,,Gobierno,False,Rechazada,146,171,33,A favor,En contra,Abstención,En contra,A favor,En contra,En contra,En contra,En contra,A favor,En contra,A favor,
20251113,146,77,,proyecto_ley,,,,Gobierno,False,Aprobada,175,174,0,A favor,En contra,A favor,En contra,En contra,En contra,En contra,En contra,A favor,En contra,En contra,A favor,
20251113,146,78,,proyecto_ley,,,,Gobierno,False,Rechazada,138,211,1,A favor,En contra,En contra,En contra,En contra,En contra,En contra,En contra,En contra,En contra,Abstención,A favor,
20251113,146,79,,proyecto_ley,,,,Gobierno,False,Aprobada,182,21,146,A favor,Abstención,A favor,Abstención,En contra,A favor,En contra,En contra,A favor,En contra,Abstención,A favor,
20251113,146,80,,proyecto_ley,,,,Gobierno,False,Rechazada,175,175,0,A favor,En contra,A favor,En contra,En contra,En contra,En contra,En contra,A favor,En contra,En contra,A favor,
20251113,146,81,,proyecto_ley,,,,Gobierno,False,Aprobada,175,174,0,A favor,En contra,A favor,En contra,En contra,En contra,En contra,En contra,A favor,En contra,En contra,A favor,
20251113,146,82,,proyecto_ley,,,,Gobierno,False,Rechazada,171,178,0,A favor,En contra,A favor,En contra,En contra,En contra,En contra,En contra,En contra,En contra,En contra,A favor,
20251113,146,83,,proyecto_ley,,,,Gobierno,False,Rechazada,138,179,33,A favor,En contra,Abstención,En contra,En contra,En contra,En contra,En contra,En contra,En contra,En contra,A favor,
20251113,146,84,,proyecto_ley,,,,Gobierno,False,Aprobada,186,162,1,A favor,En contra,A favor,En contra,En contra,A favor,En contra,A favor,A favor,Abstención,En contra,A favor,
20251113,146,85,,proyecto_ley,,,,Gobierno,False,Rechazada,166,181,1,A favor,En contra,En contra,En contra,A favor,A favor,A favor,A favor,A favor,A favor,Abstención,Dividido,
20251113,146,86,,proyecto_ley,,,,Gobierno,False,Aprobada,146,17,186,A favor,Abstención,Abstención,Abstención,A favor,En contra,Abstención,En contra,En contra,A favor,Abstención,A favor,
20251113,146,87,,proyecto_ley,,,,Gobierno,False,Aprobada,305,45,0,A favor,A favor,En contra,A favor,A favor,En contra,A favor,En contra,A favor,A favor,A favor,A favor,
20251113,146,88,,proyecto_ley,,,,Gobierno,False,Rechazada,171,179,0,A favor,En contra,A favor,En contra,En contra,En contra,En contra,En contra,En contra,En contra,En contra,A favor,
20251113,146,89,,proyecto_ley,,,,Gobierno,False,Rechazada,157,193,0,A favor,En contra,En contra,En contra,A favor,En contra,A favor,En contra,A favor,A favor,En contra,A favor,
20251113,146,90,,proyecto_ley,,,,Gobierno,False,Rechazada,138,212,0,A favor,En contra,En contra,En contra,En contra,En contra,En contra,En contra,En contra,En contra,En contra,A favor,
20251113,146,91,,proyecto_ley,,,,Gobierno,False,Aprobada,180,24,146,A favor,Abstención,A favor,Abstención,A favor,En contra,En contra,En contra,En contra,A favor,Abstención,A favor,
20251113,146,92,,proyecto_ley,,,,Gobierno,False,Rechazada,155,186,0,A favor,En contra,En contra,En contra,A favor,A favor,En contra,En contra,A favor,A favor,A favor,A favor,
20251113,146,93,,proyecto_ley,,,,Gobierno,False,Aprobada,179,171,0,A favor,En contra,A favor,En contra,En contra,A favor,En contra,En contra,En contra,En contra,En contra,A favor,
20251113,146,94,,proyecto_ley,,,,Gobierno,False,Aprobada,317,33,0,A favor,A favor,En contra,A favor,A favor,A favor,A favor,A favor,A favor,A favor,A favor,A favor,
20251113,146,95,,proyecto_ley,,,,Gobierno,False,Rechazada,172,178,0,A favor,En contra,A favor,En contra,En contra,En contra,En contra,En contra,En contra,En contra,En contra,A favor,
20251113,146,96,,proyecto_ley,,,,Gobierno,False,Rechazada,171,179,0,A favor,En contra,A favor,En contra,En contra,En contra,En contra,En contra,En contra,En contra,En contra,A favor,
20251113,146,97,,proyecto_ley,,,,Gobierno,False,Rechazada,145,171,34,A favor,En contra,Abstención,En contra,A favor,En contra,En contra,En contra,En contra,Abstención,En contra,A favor,
20251113,146,98,,proyecto_ley,,,,Gobierno,False,Rechazada,146,203,0,A favor,En contra,En contra,En contra,A favor,En contra,En contra,En contra,En contra,A favor,A favor,A favor,
20251113,146,99,,proyecto_ley,,,,Gobierno,False,Rechazada,143,173,34,A favor,En contra,Abstención,En contra,En contra,En contra,En contra,En contra,A favor,Abstención,A favor,A favor,
20251113,146,100,,proyecto_ley,,,,Gobierno,False,Aprobada,191,158,0,A favor,En contra,A favor,En contra,A favor,A favor,En contra,En contra,A favor,A favor,En contra,A favor,
20251113,146,101,,proyecto_ley,,,,Gobierno,False,Aprobada,155,48,147,A favor,Abstención,En contra,Abstención,A favor,A favor,En contra,En contra,En contra,A favor,A favor,A favor,
20251113,146,102,,proyecto_ley,,,,Gobierno,False,Rechazada,169,178,2,A favor,En contra,A favor,En contra,En contra,En contra,En contra,En contra,En contra,Abstención,Abstención,A favor,
20251113,146,103,,proyecto_ley,,,,Gobierno,False,Aprobada,184,165,0,A favor,En contra,A favor,En contra,A favor,En contra,En contra,A favor,En contra,A favor,A favor,A favor,
20251113,146,104,,proyecto_ley,,,,Gobierno,False,Rechazada,137,179,33,A favor,En contra,Abstención,En contra,En contra,En contra,En contra,En contra,En contra,En contra,En contra,A favor,
20251113,146,105,,proyecto_ley,,,,Gobierno,False,Aprobada,337,6,6,A favor,A favor,A favor,A favor,A favor,En contra,A favor,Abstención,A favor,Abstención,A favor,A favor,
20251113,146,106,,proyecto_ley,,,,Gobierno,False,Aprobada,311,38,0,A favor,A favor,En contra,A favor,A favor,A favor,A favor,En contra,A favor,A favor,A favor,A favor,
20251113,146,107,,proyecto_ley,,,,Gobierno,False,Aprobada,346,4,0,A favor,A favor,A favor,A favor,A favor,A favor,A favor,A favor,En contra,A favor,A favor,A favor,
20251113,146,108,,proyecto_ley,,,,Gobierno,False,Rechazada,171,179,0,A favor,En contra,A favor,En contra,En contra,En contra,En contra,En contra,En contra,En contra,En contra,A favor,
20251113,146,109,,proyecto_ley,,,,Gobierno,False,Aprobada,310,40,0,A favor,A favor,En contra,A favor,A favor,En contra,A favor,A favor,A favor,A favor,A favor,A favor,
20251113,146,110,,proyecto_ley,,,,Gobierno,False,Aprobada,197,151,1,A favor,En contra,A favor,En contra,A favor,A favor,A favor,A favor,En contra,Abstención,A favor,A favor,
20251113,146,111,,proyecto_ley,,,,Gobierno,False,Rechazada,146,204,0,A favor,En contra,En contra,En contra,A favor,En contra,En contra,En contra,En contra,A favor,En contra,A favor,
20251113,146,112,,proyecto_ley,,,,Gobierno,False,Rechazada,142,173,34,A favor,En contra,Abstención,En contra,En contra,En contra,En contra,En contra,A favor,Abstención,A favor,A favor,
20251113,146,113,,proyecto_ley,,,,Gobierno,False,Rechazada,171,172,7,A favor,En contra,A favor,En contra,En contra,Abstención,En contra,En contra,En contra,En contra,En contra,A favor,
20251113,146,114,,proyecto_ley,,,,Gobierno,False,Rechazada,145,204,1,A favor,En contra,En contra,En contra,A favor,En contra,En contra,En contra,En contra,Abstención,En contra,A favor,
20251113,146,115,,proyecto_ley,,,,Gobierno,False,Rechazada,146,203,1,A favor,En contra,En contra,En contra,A favor,En contra,En contra,En contra,En contra,Abstención,En contra,A favor,
20251118,147,1,,proposicion_ley,,,,Vox,False,Rechazada,33,178,136,Abstención,En contra,A favor,En contra,En contra,En contra,En contra,En contra,En contra,En contra,En contra,En contra,
20251118,147,2,,proposicion_ley,,,,PP,False,Rechazada,170,177,0,A favor,En contra,A favor,En contra,En contra,En contra,En contra,En contra,En contra,En contra,En contra,A favor,
20251119,148,1,,PNL,,,,Plurinacional SUMAR,False,Rechazada,170,175,1,En contra,A favor,En contra,A favor,A favor,En contra,A favor,A favor,A favor,A favor,A favor,Abstención,
20251119,148,2,,PNL,,,,PP,False,Aprobada,140,5,201,A favor,Abstención,Abstención,Abstención,Abstención,Abstención,Abstención,Abstención,En contra,A favor,A favor,A favor,
20251119,148,3,,mocion,,,,Mixto,False,Aprobada,162,1,176,Abstención,A favor,Abstención,A favor,Abstención,Dividido,A favor,A favor,A favor,A favor,A favor,A favor,
20251119,148,4,,mocion,,,,Vox,False,Rechazada,31,314,1,En contra,En contra,A favor,En contra,En contra,En contra,En contra,En contra,En contra,En contra,En contra,En contra,
20251119,148,5,,mocion,,,,PP,False,Rechazada,145,168,33,A favor,En contra,Abstención,En contra,En contra,A favor,En contra,En contra,En contra,Abstención,Abstención,A favor,
20251119,148,6,,otro,,,,,False,Aprobada,346,0,0,A favor,A favor,A favor,A favor,A favor,A favor,A favor,A favor,A favor,A favor,A favor,A favor,
20251119,148,7,,proyecto_ley,,,,Gobierno,False,Aprobada,345,0,0,A favor,A favor,A favor,A favor,A favor,A favor,A favor,A favor,A favor,A favor,A favor,A favor,
20251127,151,1,,proposicion_ley,,,,PSOE,False,Aprobada,307,7,33,A favor,A favor,Abstención,A favor,A favor,En contra,A favor,A favor,A favor,A favor,A favor,A favor,
20251127,151,2,,proposicion_ley,,,,Plurinacional SUMAR para la modificación de la Ley 12/2023,False,Rechazada,44,179,124,En contra,Abstención,En contra,A favor,A favor,En contra,A favor,Abstención,A favor,A favor,En contra,En contra,
20251127,151,3,,PNL,,,,PSOE,False,Aprobada,170,40,137,Abstención,A favor,En contra,A favor,A favor,En contra,A favor,A favor,A favor,A favor,A favor,A favor,
20251127,151,4,,PNL,Punto 1,,,PP,False,Aprobada,191,3,152,A favor,Abstención,A favor,Abstención,A favor,A favor,Abstención,A favor,Abstención,A favor,A favor,A favor,
20251127,151,5,,PNL,Punto 2,,,PP,False,Aprobada,178,156,12,A favor,En contra,A favor,En contra,Abstención,En contra,En contra,A favor,Abstención,A favor,A favor,A favor,
20251127,151,6,,PNL,Punto 3,,,PP,False,Aprobada,192,144,11,A favor,En contra,A favor,En contra,A favor,A favor,Abstención,A favor,Abstención,A favor,A favor,A favor,
20251127,151,7,,PNL,Punto 4,,,PP,False,Rechazada,139,164,44,A favor,En contra,Abstención,En contra,En contra,En contra,En contra,Abstención,Abstención,Abstención,A favor,A favor,
20251127,151,8,,PNL,Punto 5,,,PP,False,Aprobada,185,15,147,A favor,Abstención,A favor,Abstención,A favor,En contra,En contra,A favor,Abstención,A favor,A favor,A favor,
20251127,151,9,,mocion,Punto 8,,,Vox,False,Rechazada,170,176,0,A favor,En contra,A favor,En contra,En contra,En contra,En contra,En contra,En contra,En contra,En contra,A favor,
20251127,151,10,,mocion,,,,Vox,False,Rechazada,171,176,0,A favor,En contra,A favor,En contra,En contra,En contra,En contra,En contra,En contra,En contra,En contra,A favor,
20251127,151,11,,mocion,,,,PP,False,Rechazada,171,175,0,A favor,En contra,A favor,En contra,En contra,En contra,En contra,En contra,En contra,En contra,A favor,A favor,
20251127,151,12,,convenio,,,,Gobierno,False,Aprobada,293,0,53,A favor,A favor,Abstención,A favor,Abstención,Abstención,Abstención,A favor,A favor,Dividido,A favor,A favor,
20251127,151,13,,proyecto_ley,,,,Gobierno,False,Aprobada,341,6,0,A favor,A favor,A favor,A favor,A favor,A favor,En contra,A favor,A favor,A favor,A favor,A favor,
20251127,151,14,,proposicion_ley,,,,,False,Aprobada,335,11,0,A favor,A favor,A favor,A favor,A favor,A favor,En contra,A favor,En contra,A favor,A favor,A favor,
20251127,151,15,,otro,,,,,False,Aprobada,313,33,0,A favor,A favor,En contra,A favor,A favor,A favor,A favor,A favor,A favor,A favor,A favor,A favor,
20251127,151,16,,otro,,,,,False,Aprobada,307,33,7,A favor,A favor,En contra,A favor,A favor,Abstención,A favor,A favor,A favor,A favor,A favor,A favor,
20251127,151,17,,proyecto_ley,,,,Gobierno,False,Aprobada,347,0,0,A favor,A favor,A favor,A favor,A favor,A favor,A favor,A favor,A favor,A favor,A favor,A favor,
20251127,151,18,,otro,,,,,False,Rechazada,164,178,5,En contra,A favor,En contra,A favor,A favor,En contra,A favor,A favor,Abstención,A favor,A favor,En contra,
20251209,152,1,,proposicion_ley,,,,,False,Aprobada,155,33,156,Abstención,A favor,En contra,A favor,Abstención,Abstención,Abstención,A favor,A favor,A favor,A favor,Abstención,
20251209,152,2,,proposicion_ley,,,,PP,False,Rechazada,147,162,35,A favor,En contra,Abstención,En contra,En contra,A favor,En contra,Abstención,En contra,En contra,En contra,A favor,
20251209,152,3,,proposicion_ley,,,,,False,Aprobada,174,170,0,En contra,A favor,En contra,A favor,A favor,A favor,A favor,A favor,A favor,A favor,A favor,En contra,
20251211,154,1,140/000011,PNL,,,,PP,False,Aprobada,178,159,10,A favor,En contra,A favor,En contra,En contra,A favor,En contra,Abstención,Abstención,Abstención,A favor,A favor,
20251211,154,2,,PNL,,,,PSOE,False,Aprobada,172,32,144,Abstención,A favor,En contra,A favor,A favor,Abstención,A favor,A favor,A favor,A favor,A favor,A favor,
20251211,154,3,,mocion,,,,Vox,False,Rechazada,170,178,0,A favor,En contra,A favor,En contra,En contra,En contra,En contra,En contra,En contra,En contra,En contra,A favor,
20251211,154,4,,mocion,,,,PP,False,Rechazada,169,179,0,A favor,En contra,A favor,En contra,En contra,En contra,En contra,En contra,En contra,En contra,En contra,A favor,
20251211,154,5,,mocion,Punto 1,,,Mixto,False,Aprobada,49,32,267,Abstención,Abstención,En contra,A favor,A favor,Abstención,A favor,A favor,A favor,A favor,Abstención,Abstención,
20251211,154,6,,mocion,Punto 2,,,Mixto,False,Rechazada,20,289,38,En contra,En contra,En contra,Abstención,A favor,Abstención,A favor,A favor,Abstención,A favor,Abstención,En contra,
20251211,154,7,,mocion,Punto 3,,,Mixto,False,Aprobada,171,32,145,Abstención,A favor,En contra,A favor,A favor,Abstención,A favor,A favor,A favor,A favor,A favor,Abstención,
20251211,154,8,,mocion,Punto 4,,,Mixto,False,Aprobada,188,0,160,A favor,Abstención,Abstención,A favor,A favor,Abstención,A favor,A favor,A favor,A favor,Abstención,A favor,
20251211,154,9,,mocion,Punto 5,,,Mixto,False,Aprobada,172,169,7,En contra,A favor,En contra,A favor,A favor,Abstención,A favor,A favor,A favor,A favor,A favor,En contra,
20251211,154,10,,otro,,,,,False,Aprobada,309,0,39,A favor,A favor,Abstención,A favor,A favor,Abstención,A favor,A favor,A favor,A favor,A favor,A favor,
20251211,154,11,,proyecto_ley,,,,Gobierno,False,Aprobada,348,0,0,A favor,A favor,A favor,A favor,A favor,A favor,A favor,A favor,A favor,A favor,A favor,A favor,
20251211,154,12,,otro,,,,,False,Aprobada,309,32,7,A favor,A favor,En contra,A favor,A favor,Abstención,A favor,A favor,A favor,A favor,A favor,A favor,
20251211,154,13,,proyecto_ley,,,,Gobierno,False,Aprobada,347,0,0,A favor,A favor,A favor,A favor,A favor,A favor,A favor,A favor,A favor,A favor,A favor,A favor,
20251211,154,14,,otro,,,,,False,Aprobada,179,168,1,En contra,A favor,En contra,A favor,A favor,A favor,A favor,A favor,A favor,A favor,A favor,Abstención,
20251211,154,15,,proyecto_ley,,,,Gobierno,False,Aprobada,347,0,0,A favor,A favor,A favor,A favor,A favor,A favor,A favor,A favor,A favor,A favor,A favor,A favor,
20251211,154,16,,proyecto_ley,,,,Gobierno,False,Rechazada,138,178,31,A favor,En contra,Abstención,En contra,En contra,En contra,En contra,En contra,En contra,En contra,En contra,A favor,
20251211,154,17,,proyecto_ley,,,,Gobierno,False,Rechazada,169,173,5,A favor,En contra,A favor,En contra,En contra,En contra,En contra,Abstención,En contra,En contra,En contra,A favor,
20251211,154,18,,proyecto_ley,,,,Gobierno,False,Rechazada,170,173,5,A favor,En contra,A favor,En contra,En contra,En contra,En contra,Abstención,En contra,En contra,En contra,A favor,
20251211,154,19,,proyecto_ley,,,,Gobierno,False,Rechazada,138,210,0,A favor,En contra,En contra,En contra,En contra,En contra,En contra,En contra,En contra,En contra,En contra,A favor,
20251211,154,20,,proyecto_ley,,,,Gobierno,False,Aprobada,323,20,5,A favor,A favor,A favor,A favor,En contra,En contra,En contra,Abstención,A favor,A favor,A favor,A favor,
20251211,154,21,,proyecto_ley,,,,Gobierno,False,Rechazada,145,171,31,A favor,En contra,Abstención,En contra,En contra,A favor,En contra,En contra,En contra,En contra,En contra,A favor,
20251211,154,22,,proyecto_ley,,,,Gobierno,False,Aprobada,177,171,0,A favor,En contra,A favor,En contra,En contra,A favor,En contra,En contra,En contra,En contra,En contra,A favor,
20251211,154,23,,proyecto_ley,,,,Gobierno,False,Aprobada,290,26,32,A favor,A favor,Abstención,A favor,En contra,En contra,En contra,A favor,En contra,En contra,A favor,A favor,
20251211,154,24,,proyecto_ley,,,,Gobierno,False,Rechazada,170,176,0,A favor,En contra,A favor,En contra,En contra,En contra,En contra,En contra,En contra,En contra,En contra,A favor,
20251211,154,25,,proyecto_ley,,,,Gobierno,True,Rechazada,7,171,169,Abstención,En contra,Abstención,En contra,En contra,A favor,En contra,En contra,En contra,En contra,En contra,Abstención,
20251211,154,26,140/000011,proposicion_ley,,,,,False,Aprobada,347,0,0,A favor,A favor,A favor,A favor,A favor,A favor,A favor,A favor,A favor,A favor,A favor,A favor,
20251211,154,27,,proposicion_ley,,,,,False,Aprobada,337,11,0,A favor,A favor,A favor,A favor,A favor,A favor,En contra,En contra,A favor,A favor,A favor,A favor,
20251211,154,28,140/000011,proposicion_ley,,,,,False,Aprobada,336,11,0,A favor,A favor,A favor,A favor,A favor,A favor,En contra,En contra,A favor,A favor,A favor,A favor,
20251211,154,29,,otro,,,,,False,Rechazada,166,177,5,En contra,A favor,En contra,A favor,A favor,En contra,A favor,A favor,Abstención,A favor,A favor,En contra,
20251211,154,30,,otro,,,,,False,Aprobada,316,32,0,A favor,A favor,En contra,A favor,A favor,A favor,A favor,A favor,A favor,A favor,A favor,A favor,
20251211,154,31,,otro,,,,,False,Aprobada,309,32,7,A favor,A favor,En contra,A favor,Abstención,A favor,A favor,A favor,A favor,A favor,A favor,A favor,
20260127,156,1,,otro,,,,,False,Rechazada,171,178,0,En contra,A favor,En contra,A favor,A favor,En contra,A favor,A favor,A favor,A favor,A favor,En contra,
20260127,156,2,,otro,,,,,False,Aprobada,179,32,137,Abstención,A favor,En contra,A favor,A favor,A favor,A favor,A favor,A favor,A favor,A favor,A favor,
20260127,156,3,,proyecto_ley,,,,Gobierno,False,Aprobada,316,33,0,A favor,A favor,En contra,A favor,A favor,A favor,A favor,A favor,A favor,A favor,A favor,A favor,
20260210,157,1,,otro,,,,,False,Aprobada,176,33,138,Abstención,A favor,En contra,A favor,A favor,A favor,A favor,A favor,A favor,A favor,A favor,Abstención,
20260210,157,2,,proposicion_ley,,,,PP,False,Aprobada,172,162,13,A favor,En contra,A favor,En contra,En contra,Abstención,En contra,Abstención,En contra,Abstención,A favor,A favor,
20260212,159,1,,proposicion_ley,,,,,False,Rechazada,49,289,7,En contra,En contra,En contra,A favor,A favor,Abstención,A favor,A favor,A favor,A favor,A favor,A favor,
20260212,159,2,,proposicion_ley,,,,,False,Rechazada,22,322,1,En contra,En contra,En contra,En contra,A favor,A favor,A favor,En contra,En contra,Abstención,A favor,En contra,
20260212,159,3,,proposicion_ley,,,,,False,Rechazada,44,300,1,En contra,En contra,En contra,A favor,A favor,A favor,A favor,En contra,En contra,A favor,Abstención,En contra,
20260212,159,4,,PNL,,,,PP,False,Aprobada,170,156,20,A favor,En contra,A favor,En contra,Abstención,Abstención,En contra,En contra,Abstención,Abstención,Abstención,A favor,
20260212,159,5,,PNL,,,,PSOE,False,Rechazada,169,169,7,En contra,A favor,En contra,A favor,A favor,Abstención,A favor,A favor,A favor,A favor,A favor,En contra,
20260212,159,6,,PNL,,,,PSOE,False,Rechazada,168,171,7,En contra,A favor,En contra,A favor,A favor,Abstención,A favor,A favor,A favor,A favor,A favor,En contra,
20260212,159,7,,mocion,,,,Vox,False,Rechazada,170,176,0,A favor,En contra,A favor,En contra,En contra,En contra,En contra,En contra,En contra,En contra,En contra,A favor,
20260212,159,8,,mocion,,,,PP,False,Rechazada,170,175,1,A favor,En contra,A favor,En contra,En contra,En contra,En contra,En contra,En contra,En contra,Abstención,A favor,
20260212,159,9,,mocion,Punto 1,,,ERC,False,Aprobada,312,33,0,A favor,A favor,En contra,A favor,A favor,A favor,A favor,A favor,A favor,A favor,A favor,A favor,
20260212,159,10,,mocion,Punto 2,,,ERC,False,Rechazada,43,156,147,Abstención,En contra,En contra,A favor,A favor,Abstención,A favor,Abstención,A favor,A favor,A favor,En contra,
20260212,159,11,,mocion,Punto 3,,,ERC,False,Rechazada,57,153,136,Abstención,En contra,En contra,A favor,A favor,A favor,A favor,A favor,A favor,A favor,A favor,A favor,
20260212,159,12,,mocion,Punto 4,,,ERC,False,Aprobada,313,0,33,A favor,A favor,Abstención,A favor,A favor,A favor,A favor,A favor,A favor,A favor,A favor,A favor,
20260212,159,13,,mocion,Punto 5,,,ERC,False,Aprobada,177,0,169,Abstención,A favor,Abstención,A favor,A favor,A favor,A favor,A favor,A favor,A favor,A favor,A favor,
20260212,159,14,,mocion,Punto 6,,,ERC,False,Aprobada,192,0,154,A favor,Abstención,Abstención,A favor,A favor,A favor,A favor,A favor,A favor,A favor,A favor,A favor,
20260212,159,15,,mocion,Punto 7,,,ERC,False,Aprobada,192,120,33,A favor,En contra,Abstención,A favor,A favor,A favor,A favor,A favor,A favor,A favor,A favor,A favor,
20260212,159,16,,mocion,Punto 8,,,ERC,False,Rechazada,33,313,0,En contra,En contra,En contra,En contra,A favor,A favor,A favor,A favor,A favor,A favor,A favor,En contra,
20260212,159,17,,mocion,Punto 9,,,ERC,False,Aprobada,178,0,166,Abstención,A favor,Abstención,A favor,A favor,A favor,A favor,A favor,A favor,A favor,A favor,A favor,
20260212,159,18,,mocion,Punto 10,,,ERC,False,Rechazada,55,290,0,En contra,En contra,En contra,A favor,A favor,A favor,A favor,A favor,A favor,A favor,A favor,En contra,
20260212,159,19,,mocion,Punto 11,,,ERC,False,Aprobada,193,120,33,A favor,En contra,Abstención,A favor,A favor,A favor,A favor,A favor,A favor,A favor,A favor,A favor,
20260212,159,20,,mocion,Punto 12,,,ERC,False,Rechazada,44,289,13,En contra,En contra,En contra,A favor,A favor,Abstención,A favor,Abstención,A favor,A favor,A favor,En contra,
20260212,159,21,,mocion,Punto 13,,,ERC,False,Aprobada,176,137,33,En contra,A favor,Abstención,A favor,A favor,A favor,A favor,A favor,A favor,A favor,A favor,En contra,
20260212,159,22,,proposicion_ley,,,,,False,Aprobada,302,35,8,A favor,A favor,A favor,En contra,Abstención,A favor,En contra,A favor,En contra,En contra,Abstención,A favor,
20260212,159,23,,proposicion_ley,,,,,False,Aprobada,302,36,8,A favor,A favor,A favor,En contra,Abstención,A favor,En contra,A favor,En contra,En contra,Abstención,A favor,
20260212,159,24,,otro,,,,,False,Aprobada,346,0,0,A favor,A favor,A favor,A favor,A favor,A favor,A favor,A favor,A favor,A favor,A favor,A favor,
20260212,159,25,,proyecto_ley,,,,Gobierno,False,Aprobada,338,0,6,A favor,A favor,A favor,A favor,A favor,A favor,Abstención,A favor,A favor,A favor,A favor,A favor,
20260217,160,1,,proposicion_ley,,,,PSOE,False,Rechazada,172,174,0,En contra,A favor,En contra,A favor,A favor,En contra,A favor,A favor,A favor,A favor,A favor,A favor,
20260217,160,2,,proposicion_ley,,,,Vox,False,Rechazada,170,177,1,A favor,En contra,A favor,En contra,En contra,En contra,En contra,En contra,En contra,En contra,Abstención,A favor,
20260218,161,1,,PNL,,,,Vox,False,Rechazada,31,174,139,Abstención,En contra,A favor,En contra,En contra,En contra,En contra,En contra,En contra,Dividido,Abstención,Abstención,
20260218,161,2,,PNL,,,,Plurinacional SUMAR,False,Aprobada,176,31,137,Abstención,A favor,En contra,A favor,A favor,A favor,A favor,A favor,A favor,A favor,A favor,A favor,
20260218,161,3,,mocion,,,,Mixto,False,Aprobada,169,150,24,A favor,En contra,En contra,A favor,Abstención,Abstención,Abstención,A favor,Abstención,Abstención,A favor,A favor,
20260218,161,4,,mocion,,,,Vox,False,Rechazada,168,176,0,A favor,En contra,A favor,En contra,En contra,En contra,En contra,En contra,En contra,En contra,En contra,A favor,
20260218,161,5,,mocion,Punto 1,,,PP,False,Aprobada,176,44,125,A favor,Abstención,A favor,En contra,En contra,A favor,En contra,Abstención,En contra,En contra,A favor,A favor,
20260218,161,6,,mocion,Punto 2,,,PP,False,Aprobada,301,37,7,A favor,A favor,A favor,En contra,Abstención,A favor,En contra,A favor,En contra,En contra,A favor,A favor,
20260218,161,7,,mocion,Punto 3,,,PP,False,Aprobada,177,36,132,A favor,Abstención,A favor,En contra,A favor,Abstención,En contra,Abstención,En contra,A favor,A favor,A favor,
20260218,161,8,,mocion,Punto 4,,,PP,False,Aprobada,309,36,0,A favor,A favor,A favor,En contra,A favor,A favor,En contra,A favor,En contra,A favor,A favor,A favor,
20260218,161,9,,mocion,Punto 5,,,PP,False,Aprobada,170,49,126,A favor,Abstención,A favor,En contra,En contra,En contra,En contra,Abstención,En contra,Abstención,A favor,A favor,
20260218,161,10,,mocion,Punto 6,,,PP,False,Aprobada,176,162,7,A favor,En contra,A favor,En contra,En contra,A favor,En contra,Abstención,En contra,Abstención,Abstención,A favor,
20260218,161,11,,mocion,Punto 7,,,PP,False,Aprobada,170,163,12,A favor,En contra,A favor,En contra,En contra,Abstención,En contra,Abstención,En contra,Abstención,Abstención,A favor,
20260218,161,12,,mocion,Punto 8,,,PP,False,Aprobada,180,35,128,A favor,Abstención,A favor,En contra,Abstención,A favor,En contra,A favor,En contra,Abstención,A favor,A favor,
20260224,162,1,,proposicion_ley,,,,Plurinacional SUMAR,False,Rechazada,168,178,1,En contra,A favor,En contra,A favor,A favor,En contra,A favor,A favor,A favor,A favor,Abstención,En contra,
20260224,162,2,,proposicion_ley,,,,PNV,False,Aprobada,175,171,0,En contra,A favor,En contra,A favor,A favor,A favor,A favor,A favor,A favor,A favor,A favor,En contra,
20260226,164,1,,PNL,,,,Mixto,False,Rechazada,167,183,0,En contra,A favor,En contra,A favor,A favor,En contra,A favor,En contra,A favor,A favor,A favor,En contra,
20260226,164,2,,PNL,Punto 1,,,PP,False,Aprobada,178,166,6,A favor,En contra,A favor,En contra,En contra,A favor,En contra,Abstención,En contra,En contra,Abstención,A favor,
20260226,164,3,,PNL,Punto 2,,,PP,False,Rechazada,171,171,8,A favor,En contra,A favor,En contra,En contra,Abstención,En contra,En contra,En contra,En contra,Abstención,A favor,
20260226,164,4,,PNL,Punto 2,,,PP,False,Rechazada,171,171,8,A favor,En contra,A favor,En contra,En contra,Abstención,En contra,En contra,En contra,En contra,Abstención,A favor,
20260226,164,5,,PNL,Punto 2,,,PP,False,Rechazada,170,171,8,A favor,En contra,A favor,En contra,En contra,Abstención,En contra,En contra,En contra,En contra,Abstención,A favor,
20260226,164,6,,PNL,Punto 3,,,PP,False,Rechazada,172,173,5,A favor,En contra,A favor,En contra,En contra,En contra,En contra,Abstención,En contra,En contra,A favor,A favor,
20260226,164,7,,PNL,Punto 4,,,PP,False,Aprobada,171,166,13,A favor,En contra,A favor,En contra,En contra,Abstención,En contra,Abstención,En contra,En contra,Abstención,A favor,
20260226,164,8,,PNL,Punto 5,,,PP,False,Rechazada,172,178,0,A favor,En contra,A favor,En contra,En contra,En contra,En contra,En contra,En contra,En contra,A favor,A favor,
20260226,164,9,,mocion,,,,PP,False,Rechazada,170,178,1,A favor,En contra,A favor,En contra,En contra,En contra,En contra,En contra,En contra,En contra,Abstención,A favor,
20260226,164,10,,mocion,Punto 3,,,PP,False,Aprobada,171,31,148,A favor,Abstención,A favor,Abstención,En contra,En contra,En contra,En contra,En contra,En contra,Abstención,A favor,
20260226,164,11,,mocion,Punto 1,,,Mixto,False,Rechazada,53,290,7,En contra,En contra,En contra,A favor,A favor,A favor,A favor,Abstención,A favor,A favor,Abstención,Abstención,
20260226,164,12,,mocion,Punto 2,,,Mixto,False,Aprobada,188,0,161,A favor,Abstención,Abstención,A favor,A favor,A favor,A favor,Abstención,A favor,A favor,Abstención,Abstención,
20260226,164,13,,mocion,Punto 3,,,Mixto,False,Aprobada,316,0,33,A favor,A favor,Abstención,A favor,A favor,A favor,A favor,A favor,A favor,A favor,A favor,A favor,
20260226,164,14,,mocion,Punto 4,,,Mixto,False,Aprobada,316,0,33,A favor,A favor,Abstención,A favor,A favor,A favor,A favor,A favor,A favor,A favor,A favor,A favor,
20260226,164,15,,mocion,Punto 5,,,Mixto,False,Aprobada,188,0,162,A favor,Abstención,Abstención,A favor,A favor,A favor,A favor,Abstención,A favor,A favor,Abstención,Abstención,
20260226,164,16,,mocion,Punto 6,,,Mixto,False,Aprobada,189,0,161,A favor,Abstención,Abstención,A favor,A favor,A favor,A favor,Abstención,A favor,A favor,Abstención,Abstención,
20260226,164,17,,mocion,Punto 7,,,Mixto,False,Rechazada,54,291,5,En contra,En contra,En contra,A favor,A favor,A favor,A favor,Abstención,A favor,A favor,A favor,En contra,
20260226,164,18,,mocion,Punto 8,,,Mixto,False,Aprobada,312,0,38,A favor,A favor,Abstención,A favor,A favor,A favor,A favor,Abstención,A favor,A favor,A favor,A favor,
20260226,164,19,,mocion,,,,Vox,False,Rechazada,33,179,137,Abstención,En contra,A favor,En contra,En contra,En contra,En contra,En contra,En contra,En contra,En contra,Dividido,
20260226,164,20,,otro,,,,,False,Aprobada,349,1,0,A favor,A favor,A favor,A favor,A favor,A favor,A favor,A favor,A favor,A favor,A favor,A favor,
20260226,164,21,,proyecto_ley,,,,Gobierno,False,Aprobada,350,0,0,A favor,A favor,A favor,A favor,A favor,A favor,A favor,A favor,A favor,A favor,A favor,A favor,
20260226,164,22,,otro,,,,,False,Rechazada,172,177,1,En contra,A favor,En contra,A favor,A favor,En contra,A favor,A favor,A favor,A favor,A favor,Abstención,
20260226,164,23,,otro,,,,,False,Aprobada,317,33,0,A favor,A favor,En contra,A favor,A favor,A favor,A favor,A favor,A favor,A favor,A favor,A favor,
20260226,164,24,,proyecto_ley,,,,Gobierno,False,Aprobada,349,0,0,A favor,A favor,A favor,A favor,A favor,A favor,A favor,A favor,A favor,A favor,A favor,A favor,
20260226,164,25,,otro,,,,,False,Rechazada,172,177,1,En contra,A favor,En contra,A favor,A favor,En contra,A favor,A favor,A favor,A favor,A favor,Abstención,
20260226,164,26,,otro,,,,,False,Aprobada,345,0,2,A favor,A favor,A favor,A favor,A favor,A favor,A favor,A favor,A favor,Abstención,Dividido,A favor,
20260226,164,27,,otro,,,,,False,Aprobada,348,0,0,A favor,A favor,A favor,A favor,A favor,A favor,A favor,A favor,A favor,A favor,A favor,A favor,
20260317,165,1,,proposicion_ley,,,,Mixto,False,Rechazada,171,174,1,A favor,En contra,A favor,En contra,En contra,En contra,En contra,En contra,En contra,En contra,Abstención,A favor,
20260317,165,2,,proposicion_ley,,,,PP,False,Rechazada,172,174,0,A favor,En contra,A favor,En contra,En contra,En contra,En contra,En contra,En contra,En contra,A favor,A favor,
20260318,166,1,,PNL,,,,PSOE,False,Aprobada,178,170,0,En contra,A favor,En contra,A favor,A favor,A favor,A favor,A favor,A favor,A favor,A favor,En contra,
20260318,166,2,,PNL,,,,PP,False,Aprobada,169,3,176,A favor,Abstención,A favor,Abstención,Abstención,Abstención,Abstención,Abstención,Abstención,Abstención,Abstención,A favor,
20260318,166,3,,mocion,,,,PP,False,Aprobada,176,172,0,A favor,En contra,A favor,En contra,En contra,A favor,En contra,En contra,En contra,En contra,En contra,A favor,
20260318,166,4,,mocion,,,,Bildu,False,Rechazada,51,298,0,En contra,En contra,En contra,A favor,A favor,A favor,A favor,En contra,A favor,A favor,En contra,En contra,
20260318,166,5,,otro,,,,,False,Aprobada,316,32,0,A favor,A favor,En contra,A favor,A favor,A favor,A favor,A favor,A favor,A favor,A favor,A favor,
20260318,166,6,,proyecto_ley,,,,Gobierno,False,Aprobada,348,0,0,A favor,A favor,A favor,A favor,A favor,A favor,A favor,A favor,A favor,A favor,A favor,A favor,
20260318,166,7,,convenio,,,,Gobierno,False,Rechazada,163,170,15,En contra,A favor,En contra,A favor,Abstención,Abstención,A favor,A favor,A favor,Dividido,A favor,En contra,
20260318,166,8,,convenio,,,,Gobierno,False,Aprobada,301,0,47,A favor,A favor,Abstención,A favor,A favor,Abstención,Abstención,A favor,A favor,Dividido,A favor,A favor,
20260318,166,9,,convenio,,,,Gobierno,False,Aprobada,268,0,80,A favor,A favor,Abstención,Abstención,Abstención,Abstención,Abstención,A favor,A favor,Dividido,A favor,A favor,
20260318,166,10,,otro,,,,,False,Aprobada,178,33,137,Abstención,A favor,En contra,A favor,A favor,A favor,A favor,A favor,A favor,A favor,A favor,Abstención,
20260324,167,1,,proposicion_ley,,,,PSOE,False,Aprobada,176,33,138,Abstención,A favor,En contra,A favor,A favor,A favor,A favor,A favor,A favor,A favor,A favor,Abstención,
20260324,167,2,,proposicion_ley,,,,PP,False,Aprobada,192,154,1,A favor,En contra,A favor,En contra,A favor,A favor,En contra,A favor,En contra,A favor,Abstención,A favor,
20260326,169,1,,otro,,,,,False,Rechazada,33,315,0,En contra,En contra,A favor,En contra,En contra,En contra,En contra,En contra,En contra,En contra,En contra,En contra,
20260326,169,2,,otro,,,,,False,Aprobada,138,86,124,A favor,Abstención,En contra,En contra,En contra,En contra,En contra,Abstención,En contra,En contra,En contra,A favor,
20260326,169,3,,proposicion_ley,,,,,False,Rechazada,138,177,33,A favor,En contra,Abstención,En contra,En contra,En contra,En contra,En contra,En contra,En contra,En contra,A favor,
20260326,169,4,,proposicion_ley,,,,,False,Aprobada,265,50,33,A favor,A favor,Abstención,En contra,En contra,A favor,En contra,En contra,En contra,En contra,A favor,A favor,
20260326,169,5,,proposicion_ley,,,,,False,Aprobada,324,16,8,A favor,A favor,A favor,A favor,Abstención,A favor,En contra,En contra,En contra,En contra,A favor,A favor,
20260326,169,6,,proposicion_ley,,,,,False,Aprobada,297,51,0,A favor,A favor,A favor,En contra,En contra,A favor,En contra,En contra,En contra,En contra,A favor,A favor,
20260326,169,7,,proposicion_ley,,,,,False,Rechazada,171,177,0,A favor,En contra,A favor,En contra,En contra,En contra,En contra,En contra,En contra,En contra,En contra,A favor,
20260326,169,8,140/000012,PNL,Punto 1,,,Junts,False,Aprobada,184,159,7,A favor,En contra,A favor,En contra,Abstención,A favor,En contra,A favor,En contra,A favor,En contra,A favor,
20260326,169,9,140/000012,PNL,Punto 2,,,Junts,False,Aprobada,177,164,5,A favor,En contra,A favor,En contra,En contra,A favor,En contra,Abstención,En contra,En contra,En contra,A favor,
20260326,169,10,140/000012,PNL,Punto 3,,,Junts,False,Aprobada,177,152,18,A favor,En contra,A favor,En contra,Abstención,A favor,Abstención,Abstención,En contra,A favor,A favor,A favor,
20260326,169,11,140/000012,PNL,Punto 4,,,Junts,False,Rechazada,52,161,137,Abstención,En contra,En contra,A favor,A favor,A favor,A favor,A favor,En contra,A favor,En contra,Abstención,
20260326,169,12,140/000012,PNL,Punto 5,,,Junts,False,Rechazada,12,324,14,En contra,En contra,En contra,En contra,Abstención,A favor,Abstención,A favor,En contra,Abstención,En contra,En contra,
20260326,169,13,140/000012,PNL,Punto 6,,,Junts,False,Rechazada,40,162,148,Abstención,En contra,A favor,En contra,Abstención,A favor,En contra,Abstención,En contra,Abstención,En contra,En contra,
20260326,169,14,140/000012,PNL,Punto 7,,,Junts,False,Aprobada,339,5,6,A favor,A favor,A favor,A favor,A favor,A favor,Abstención,A favor,En contra,A favor,A favor,A favor,
20260326,169,15,140/000012,PNL,Punto 8,,,Junts,False,Aprobada,191,158,1,A favor,En contra,A favor,En contra,A favor,A favor,En contra,A favor,En contra,Abstención,A favor,A favor,
20260326,169,16,140/000012,PNL,Punto 9,,,Junts,False,Rechazada,52,154,143,Abstención,En contra,A favor,En contra,A favor,A favor,Abstención,A favor,En contra,A favor,En contra,En contra,
20260326,169,17,140/000012,PNL,Punto 10,,,Junts,False,Rechazada,39,159,150,Abstención,En contra,A favor,En contra,Abstención,A favor,En contra,Abstención,En contra,Abstención,En contra,En contra,
20260326,169,18,140/000012,PNL,Punto 11,,,Junts,False,Aprobada,191,153,6,A favor,En contra,A favor,En contra,A favor,A favor,Abstención,A favor,En contra,A favor,En contra,A favor,
20260326,169,19,140/000012,PNL,Punto 12,,,Junts,False,Rechazada,26,323,0,En contra,En contra,En contra,En contra,A favor,A favor,A favor,A favor,En contra,A favor,En contra,En contra,
20260326,169,20,140/000012,PNL,Punto 13,,,Junts,False,Rechazada,26,324,0,En contra,En contra,En contra,En contra,A favor,A favor,A favor,A favor,En contra,A favor,En contra,En contra,
20260326,169,21,140/000012,PNL,Punto 14,,,Junts,False,Aprobada,184,158,8,A favor,En contra,A favor,En contra,Abstención,A favor,En contra,A favor,En contra,Abstención,A favor,A favor,
20260326,169,22,140/000012,PNL,Punto 15,,,Junts,False,Aprobada,183,167,0,A favor,En contra,A favor,En contra,En contra,A favor,En contra,A favor,En contra,En contra,En contra,A favor,
20260326,169,23,140/000012,PNL,Punto 16,,,Junts,False,Rechazada,26,186,138,Abstención,En contra,En contra,En contra,A favor,A favor,A favor,A favor,En contra,A favor,En contra,Abstención,
20260326,169,24,140/000012,PNL,Punto 17,,,Junts,False,Rechazada,25,323,1,En contra,En contra,En contra,En contra,A favor,A favor,A favor,A favor,En contra,En contra,Abstención,En contra,
20260326,169,25,140/000012,PNL,Punto 18,,,Junts,False,Rechazada,25,323,1,En contra,En contra,En contra,En contra,A favor,A favor,A favor,A favor,En contra,En contra,Abstención,En contra,
20260326,169,26,140/000012,PNL,Punto 19,,,Junts,False,Rechazada,20,323,6,En contra,En contra,En contra,En contra,A favor,A favor,A favor,Abstención,En contra,En contra,Abstención,En contra,
20260326,169,27,140/000012,PNL,Punto 20,,,Junts,False,Rechazada,53,153,143,Abstención,En contra,A favor,En contra,A favor,A favor,Abstención,A favor,En contra,A favor,En contra,Abstención,
20260326,169,28,140/000012,PNL,Punto 21,,,Junts,False,Rechazada,48,153,149,Abstención,En contra,A favor,En contra,A favor,A favor,Abstención,Abstención,En contra,A favor,En contra,Abstención,
20260326,169,29,140/000012,PNL,Punto 22,,,Junts,False,Aprobada,190,153,6,A favor,En contra,A favor,En contra,A favor,A favor,Abstención,A favor,En contra,A favor,En contra,A favor,
20260326,169,30,,PNL,Punto 1,,,PNV,False,Aprobada,165,37,148,A favor,Abstención,En contra,Abstención,A favor,A favor,A favor,A favor,En contra,A favor,A favor,A favor,
20260326,169,31,,PNL,Punto 2,,,PNV,False,Aprobada,345,4,1,A favor,A favor,A favor,A favor,A favor,A favor,A favor,A favor,En contra,A favor,A favor,A favor,
20260326,169,32,,PNL,Punto 3,,,PNV,False,Aprobada,190,158,1,A favor,En contra,A favor,En contra,A favor,A favor,En contra,A favor,En contra,En contra,A favor,A favor,
20260326,169,33,,PNL,Punto 4,,,PNV,False,Aprobada,311,4,34,A favor,A favor,Abstención,A favor,A favor,A favor,A favor,A favor,En contra,A favor,A favor,A favor,
20260326,169,34,,PNL,Punto 5,,,PNV,False,Aprobada,311,33,5,A favor,A favor,En contra,A favor,A favor,A favor,A favor,A favor,Abstención,A favor,A favor,A favor,
20260326,169,35,,PNL,Punto 6,,,PNV,False,Aprobada,312,33,5,A favor,A favor,En contra,A favor,A favor,A favor,A favor,A favor,Abstención,A favor,A favor,A favor,
20260326,169,36,,PNL,Punto 7,,,PNV,False,Aprobada,187,121,42,A favor,En contra,Abstención,A favor,A favor,Abstención,A favor,A favor,A favor,A favor,A favor,Abstención,
20260326,169,37,,mocion,Punto 1,,,Junts,False,Rechazada,158,185,7,A favor,En contra,En contra,En contra,A favor,A favor,Abstención,A favor,En contra,A favor,Abstención,A favor,
20260326,169,38,,mocion,Punto 2,,,Junts,False,Rechazada,20,323,7,En contra,En contra,En contra,En contra,A favor,A favor,Abstención,A favor,En contra,Abstención,En contra,En contra,
20260326,169,39,,mocion,Punto 3,,,Junts,False,Rechazada,7,324,19,En contra,En contra,En contra,En contra,Abstención,A favor,Abstención,Abstención,En contra,Abstención,En contra,En contra,
20260326,169,40,,mocion,Punto 4,,,Junts,False,Aprobada,191,152,7,A favor,En contra,A favor,En contra,A favor,A favor,Abstención,A favor,En contra,A favor,Abstención,A favor,
20260326,169,41,,mocion,Punto 5,,,Junts,False,Rechazada,145,198,6,A favor,En contra,En contra,En contra,En contra,A favor,En contra,Abstención,En contra,En contra,Abstención,A favor,
20260326,169,42,,mocion,Punto 6,,,Junts,False,Rechazada,20,191,138,Abstención,En contra,En contra,En contra,A favor,A favor,En contra,A favor,En contra,A favor,En contra,Abstención,
20260326,169,43,,mocion,Punto 7,,,Junts,False,Aprobada,223,126,1,A favor,En contra,A favor,A favor,A favor,A favor,A favor,A favor,En contra,A favor,Abstención,A favor,
20260326,169,44,,mocion,Punto 7,,,Junts,False,Aprobada,223,126,1,A favor,En contra,A favor,A favor,A favor,A favor,A favor,A favor,En contra,A favor,Abstención,A favor,
20260326,169,45,,mocion,Punto 7,,,Junts,False,Rechazada,85,127,138,Abstención,En contra,A favor,A favor,A favor,A favor,A favor,A favor,En contra,A favor,Abstención,Abstención,
20260326,169,46,,mocion,Punto 7,,,Junts,False,Rechazada,7,330,12,En contra,En contra,En contra,En contra,Abstención,A favor,En contra,Abstención,En contra,En contra,En contra,En contra,
20260326,169,47,,mocion,Punto 1,,,PP,False,Aprobada,182,166,1,A favor,En contra,A favor,En contra,En contra,A favor,En contra,A favor,En contra,En contra,Abstención,A favor,
20260326,169,48,,mocion,Punto 2,,,PP,False,Aprobada,191,158,1,A favor,En contra,A favor,En contra,A favor,A favor,En contra,A favor,En contra,Abstención,A favor,A favor,
20260326,169,49,,mocion,Punto 3,,,PP,False,Aprobada,177,164,5,A favor,En contra,A favor,En contra,En contra,A favor,En contra,Abstención,En contra,A favor,A favor,A favor,
20260326,169,50,,mocion,Punto 4,,,PP,False,Aprobada,178,157,12,A favor,En contra,A favor,En contra,Abstención,A favor,En contra,A favor,En contra,Abstención,Abstención,A favor,
20260326,169,51,,mocion,,,,Vox,False,Rechazada,33,179,138,Abstención,En contra,A favor,En contra,En contra,En contra,En contra,En contra,En contra,En contra,En contra,Abstención,
20260326,169,52,,mocion,,,,Vox,False,Rechazada,33,317,0,En contra,En contra,A favor,En contra,En contra,En contra,En contra,En contra,En contra,En contra,En contra,En contra,
20260326,169,53,,otro,,,,,False,Aprobada,173,170,7,En contra,A favor,En contra,A favor,A favor,Abstención,A favor,A favor,A favor,A favor,A favor,En contra,
20260326,169,54,,proyecto_ley,,,,Gobierno,False,Aprobada,179,171,0,En contra,A favor,En contra,A favor,A favor,A favor,A favor,A favor,A favor,A favor,A favor,En contra,
20260326,169,55,,otro,,,,,False,Aprobada,312,33,5,A favor,A favor,En contra,A favor,Abstención,A favor,A favor,A favor,A favor,A favor,A favor,Abstención,
20260326,169,56,,proposicion_ley,,,,,False,Aprobada,272,71,7,A favor,A favor,En contra,En contra,Abstención,A favor,En contra,A favor,En contra,En contra,A favor,A favor,
20260326,169,57,,proyecto_ley,,,,Gobierno,False,Rechazada,137,180,33,A favor,En contra,Abstención,En contra,En contra,En contra,En contra,En contra,En contra,En contra,En contra,En contra,
20260326,169,58,,proyecto_ley,,,,Gobierno,False,Rechazada,137,212,0,A favor,En contra,En contra,En contra,En contra,En contra,En contra,En contra,En contra,En contra,En contra,En contra,
20260326,169,59,,proyecto_ley,,,,Gobierno,False,Aprobada,346,4,0,A favor,A favor,A favor,A favor,A favor,A favor,A favor,A favor,En contra,A favor,A favor,A favor,
20260326,169,60,,proyecto_ley,,,,Gobierno,False,Aprobada,313,4,33,A favor,A favor,Abstención,A favor,A favor,A favor,A favor,A favor,En contra,A favor,A favor,A favor,
20260326,169,61,,proyecto_ley,,,,Gobierno,False,Rechazada,169,180,0,A favor,En contra,A favor,En contra,En contra,En contra,En contra,En contra,En contra,En contra,En contra,En contra,
20260326,169,62,,proyecto_ley,,,,Gobierno,False,Rechazada,136,180,33,A favor,En contra,Abstención,En contra,En contra,En contra,En contra,En contra,En contra,En contra,En contra,En contra,
20260326,169,63,,proyecto_ley,,,,Gobierno,False,Rechazada,3,313,33,En contra,En contra,Abstención,En contra,En contra,En contra,En contra,A favor,En contra,En contra,En contra,En contra,
20260326,169,64,,proyecto_ley,,,,Gobierno,False,Rechazada,138,179,33,A favor,En contra,Abstención,En contra,En contra,En contra,En contra,En contra,En contra,En contra,En contra,A favor,
20260326,169,65,,proyecto_ley,,,,Gobierno,False,Rechazada,170,179,0,A favor,En contra,A favor,En contra,En contra,En contra,En contra,En contra,En contra,En contra,En contra,En contra,
20260326,170,1,,otro,,,,,False,Aprobada,175,33,141,Abstención,A favor,En contra,A favor,A favor,A favor,A favor,A favor,Abstención,A favor,A favor,A favor,
20260326,170,2,,proyecto_ley,,,,Gobierno,False,Aprobada,346,0,0,A favor,A favor,A favor,A favor,A favor,A favor,A favor,A favor,A favor,A favor,A favor,A favor,
20260414,171,1,,proposicion_ley,,,,Junts,False,Rechazada,7,327,13,En contra,En contra,En contra,En contra,Abstención,A favor,En contra,Abstención,En contra,En contra,Abstención,En contra,
20260414,171,2,,proposicion_ley,,,,PSOE,False,Rechazada,163,174,8,En contra,A favor,En contra,A favor,Abstención,En contra,A favor,A favor,A favor,A favor,A favor,Abstención,
20260415,172,1,,PNL,,,,ERC,False,Aprobada,176,170,0,En contra,A favor,En contra,A favor,A favor,A favor,A favor,A favor,A favor,A favor,A favor,En contra,
20260415,172,2,,PNL,,,,PSOE,False,Rechazada,169,169,8,En contra,A favor,En contra,A favor,A favor,Abstención,A favor,A favor,A favor,A favor,A favor,Abstención,
20260415,172,3,,PNL,,,,PSOE,False,Rechazada,169,169,8,En contra,A favor,En contra,A favor,A favor,Abstención,A favor,A favor,A favor,A favor,A favor,Abstención,
20260415,172,4,,PNL,,,,PSOE,False,Aprobada,170,169,7,En contra,A favor,En contra,A favor,A favor,Abstención,A favor,A favor,A favor,A favor,A favor,Abstención,
20260415,172,5,,mocion,Punto 1,,,PP,False,Aprobada,170,0,175,A favor,Abstención,A favor,Abstención,Abstención,Abstención,Abstención,Abstención,Abstención,Abstención,Abstención,A favor,
20260415,172,6,,mocion,Punto 2,,,PP,False,Aprobada,177,6,163,A favor,Abstención,A favor,Abstención,Abstención,A favor,En contra,Abstención,Abstención,Abstención,Abstención,A favor,
20260415,172,7,,mocion,Punto 3,,,PP,False,Rechazada,169,175,1,A favor,En contra,A favor,En contra,En contra,En contra,En contra,En contra,En contra,En contra,Abstención,A favor,
20260415,172,8,,mocion,Punto 4,,,PP,False,Aprobada,170,0,176,A favor,Abstención,A favor,Abstención,Abstención,Abstención,Abstención,Abstención,Abstención,Abstención,Abstención,A favor,
20260415,172,9,,mocion,Punto 5,,,PP,False,Rechazada,170,173,2,A favor,En contra,A favor,En contra,En contra,En contra,En contra,En contra,En contra,Abstención,Abstención,A favor,
20260415,172,10,,mocion,Punto 6,,,PP,False,Aprobada,170,166,9,A favor,En contra,A favor,En contra,Abstención,En contra,En contra,En contra,En contra,Abstención,Abstención,A favor,
20260415,172,11,,mocion,Punto 7,,,PP,False,Aprobada,170,162,14,A favor,En contra,A favor,En contra,Abstención,En contra,En contra,Abstención,En contra,Abstención,Abstención,A favor,
20260415,172,12,,mocion,Punto 8,,,PP,False,Aprobada,180,8,158,A favor,Abstención,A favor,Abstención,Abstención,A favor,En contra,A favor,Abstención,Abstención,Abstención,A favor,
20260415,172,13,,mocion,Punto 9,,,PP,False,Aprobada,170,167,9,A favor,En contra,A favor,En contra,Abstención,En contra,En contra,En contra,En contra,Abstención,Abstención,A favor,
20260415,172,14,,mocion,Punto 10,,,PP,False,Aprobada,169,0,177,A favor,Abstención,A favor,Abstención,Abstención,Abstención,Abstención,Abstención,Abstención,Abstención,Abstención,A favor,
20260415,172,15,,mocion,Punto 11,,,PP,False,Rechazada,138,167,41,A favor,En contra,Abstención,En contra,Abstención,En contra,En contra,En contra,En contra,Abstención,Abstención,A favor,
20260415,172,16,,convenio,,,,Gobierno,False,Aprobada,293,0,52,A favor,A favor,Abstención,A favor,Abstención,Abstención,Abstención,A favor,A favor,Dividido,A favor,A favor,
20260415,172,17,,convenio,,,,Gobierno,False,Aprobada,306,0,38,A favor,A favor,Abstención,A favor,A favor,A favor,Abstención,A favor,A favor,Dividido,A favor,A favor,
20260415,172,18,,convenio,,,,Gobierno,False,Aprobada,307,31,6,A favor,A favor,En contra,A favor,A favor,A favor,Abstención,A favor,A favor,Dividido,A favor,A favor,
20260421,173,1,,proposicion_ley,,,,PP,False,Aprobada,178,163,6,A favor,En contra,A favor,En contra,En contra,A favor,En contra,Abstención,En contra,En contra,Abstención,A favor,
20260421,173,2,,proposicion_ley,,,,PSOE,False,Aprobada,306,33,8,A favor,A favor,En contra,A favor,A favor,Abstención,A favor,A favor,A favor,A favor,A favor,Abstención,
20260422,174,1,,PNL,Punto 1,,,PP,False,Aprobada,169,161,12,A favor,En contra,A favor,En contra,En contra,Abstención,En contra,Abstención,En contra,En contra,Abstención,A favor,
20260422,174,2,,PNL,Punto 2,,,PP,False,Aprobada,169,163,13,A favor,En contra,A favor,En contra,En contra,Abstención,En contra,Abstención,En contra,En contra,Abstención,A favor,
20260422,174,3,,PNL,Punto 3,,,PP,False,Aprobada,173,162,8,A favor,En contra,A favor,En contra,En contra,Abstención,En contra,A favor,En contra,En contra,Abstención,A favor,
20260422,174,4,,PNL,Punto 4,,,PP,False,Aprobada,176,163,6,A favor,En contra,A favor,En contra,En contra,A favor,En contra,Abstención,En contra,En contra,Abstención,A favor,
20260422,174,5,,PNL,Punto 5,,,PP,False,Aprobada,174,169,1,A favor,En contra,A favor,En contra,En contra,En contra,En contra,A favor,En contra,En contra,Abstención,A favor,
20260422,174,6,,PNL,Punto 6,,,PP,False,Aprobada,167,163,13,A favor,En contra,A favor,En contra,En contra,Abstención,En contra,Abstención,En contra,En contra,Abstención,A favor,
20260422,174,7,,PNL,Punto 7,,,PP,False,Aprobada,176,163,6,A favor,En contra,A favor,En contra,En contra,A favor,En contra,Abstención,En contra,En contra,Abstención,A favor,
20260422,174,8,,PNL,,,,PSOE,False,Aprobada,176,33,136,Abstención,A favor,En contra,A favor,A favor,A favor,A favor,A favor,A favor,A favor,A favor,A favor,
20260422,174,9,,mocion,Punto 1,,,Mixto,False,Rechazada,20,300,25,En contra,En contra,En contra,Abstención,A favor,En contra,A favor,En contra,A favor,A favor,Abstención,En contra,
20260422,174,10,,mocion,Punto 2,,,Mixto,False,Rechazada,43,300,1,En contra,En contra,En contra,A favor,A favor,En contra,A favor,En contra,A favor,A favor,Abstención,En contra,
20260422,174,11,,mocion,Punto 3,,,Mixto,False,Rechazada,45,299,1,En contra,En contra,En contra,A favor,A favor,En contra,A favor,En contra,A favor,A favor,Abstención,En contra,
20260422,174,12,,mocion,Punto 4,,,Mixto,False,Rechazada,38,298,7,En contra,En contra,En contra,A favor,A favor,En contra,Abstención,En contra,A favor,A favor,Abstención,En contra,
20260422,174,13,,mocion,,,,Vox,False,Rechazada,33,310,0,En contra,En contra,A favor,En contra,En contra,En contra,En contra,En contra,En contra,En contra,En contra,En contra,
20260422,174,14,,mocion,Punto 1,,,PP,False,Aprobada,177,163,5,A favor,En contra,A favor,En contra,En contra,A favor,En contra,Abstención,En contra,En contra,A favor,A favor,
20260422,174,15,,mocion,Punto 2,,,PP,False,Aprobada,214,125,6,A favor,En contra,A favor,A favor,A favor,A favor,Abstención,A favor,En contra,A favor,A favor,A favor,
20260422,174,16,,mocion,Punto 3,,,PP,False,Rechazada,161,178,6,A favor,En contra,En contra,A favor,En contra,En contra,En contra,Abstención,En contra,Abstención,A favor,A favor,
20260422,174,17,,mocion,,,,Mixto,False,Aprobada,170,20,155,A favor,Abstención,A favor,Abstención,En contra,Abstención,En contra,Abstención,En contra,En contra,A favor,A favor,
20260428,175,1,,proposicion_ley,,,,ERC,False,Rechazada,168,181,0,En contra,A favor,En contra,A favor,A favor,En contra,A favor,En contra,A favor,A favor,A favor,En contra,
20260428,175,2,,proposicion_ley,,,,Vox,False,Rechazada,33,178,138,Abstención,En contra,A favor,En contra,En contra,En contra,En contra,En contra,En contra,En contra,En contra,Abstención,
20260428,175,3,,otro,,,,,False,Rechazada,166,177,5,En contra,A favor,En contra,A favor,A favor,En contra,A favor,Abstención,A favor,A favor,A favor,En contra,
20260430,177,1,,PNL,,,,Vox,False,Rechazada,33,315,0,En contra,En contra,A favor,En contra,En contra,En contra,En contra,En contra,En contra,En contra,En contra,En contra,
20260430,177,2,,PNL,,,,PP,False,Rechazada,170,170,1,A favor,En contra,A favor,En contra,En contra,En contra,En contra,Dividido,En contra,En contra,Abstención,A favor,
20260430,177,3,,PNL,,,,PP,False,Aprobada,172,171,0,A favor,En contra,A favor,En contra,En contra,En contra,En contra,Dividido,En contra,En contra,A favor,A favor,
20260430,177,4,,mocion,,,,Mixto,False,Aprobada,189,119,40,A favor,En contra,Abstención,A favor,A favor,Abstención,A favor,A favor,A favor,A favor,A favor,A favor,
20260430,177,5,,mocion,Punto 1,,,PP,False,Aprobada,177,155,16,A favor,En contra,A favor,En contra,Abstención,Abstención,En contra,A favor,En contra,Abstención,A favor,A favor,
20260430,177,6,,mocion,Punto 2,,,PP,False,Aprobada,179,164,5,A favor,En contra,A favor,En contra,En contra,A favor,En contra,Abstención,En contra,En contra,A favor,A favor,
20260430,177,7,,mocion,Punto 3,,,PP,False,Aprobada,184,164,0,A favor,En contra,A favor,En contra,En contra,A favor,En contra,A favor,En contra,En contra,A favor,A favor,
20260430,177,8,,mocion,Punto 4,,,PP,False,Aprobada,320,11,16,A favor,A favor,A favor,A favor,Abstención,Abstención,En contra,A favor,En contra,Abstención,A favor,A favor,
20260430,177,9,,mocion,,,,Vox,False,Rechazada,171,177,0,A favor,En contra,A favor,En contra,En contra,En contra,En contra,En contra,En contra,En contra,En contra,A favor,
20260430,177,10,,otro,,,,,False,Aprobada,316,32,0,A favor,A favor,En contra,A favor,A favor,A favor,A favor,A favor,A favor,A favor,A favor,A favor,
20260430,177,11,,proyecto_ley,,,,Gobierno,False,Aprobada,348,0,0,A favor,A favor,A favor,A favor,A favor,A favor,A favor,A favor,A favor,A favor,A favor,A favor,
20260430,177,12,,otro,,,,,False,Rechazada,171,177,0,A favor,En contra,A favor,En contra,En contra,En contra,En contra,En contra,En contra,En contra,En contra,A favor,
20260519,179,1,,proposicion_ley,,,,PP,False,Aprobada,171,164,11,A favor,En contra,A favor,En contra,En contra,Abstención,En contra,Abstención,En contra,En contra,A favor,A favor,
20260519,179,2,,proposicion_ley,,,,PSOE,False,Aprobada,313,33,1,A favor,A favor,En contra,A favor,A favor,A favor,A favor,A favor,A favor,A favor,A favor,Abstención,
20260520,180,1,,PNL,Punto 2,,,PSOE,False,Aprobada,173,32,142,Abstención,A favor,En contra,A favor,A favor,A favor,A favor,Abstención,A favor,A favor,A favor,A favor,
20260520,180,2,,PNL,Punto 3,,,PSOE,False,Aprobada,310,32,5,A favor,A favor,En contra,A favor,A favor,A favor,A favor,Abstención,A favor,A favor,A favor,A favor,
20260520,180,3,,PNL,Punto 7,,,PSOE,False,Aprobada,310,32,5,A favor,A favor,En contra,A favor,A favor,A favor,A favor,Abstención,A favor,A favor,A favor,A favor,
20260520,180,4,,PNL,,,,PSOE,False,Rechazada,164,175,7,En contra,A favor,En contra,A favor,A favor,En contra,A favor,Abstención,A favor,A favor,Abstención,Abstención,
20260520,180,5,,PNL,,,,Plurinacional SUMAR,False,Rechazada,169,170,8,En contra,A favor,En contra,A favor,A favor,Abstención,A favor,A favor,A favor,A favor,Abstención,En contra,
20260520,180,6,,mocion,,,,Mixto,False,Rechazada,169,170,8,En contra,A favor,En contra,A favor,A favor,Abstención,A favor,A favor,A favor,A favor,Abstención,En contra,
20260520,180,7,,mocion,Punto 1,,,PP,False,Aprobada,178,164,5,A favor,En contra,A favor,En contra,En contra,A favor,En contra,Abstención,En contra,En contra,A favor,A favor,
20260520,180,8,,mocion,Punto 2,,,PP,False,Aprobada,178,48,120,A favor,Abstención,A favor,En contra,En contra,A favor,En contra,En contra,En contra,Abstención,A favor,A favor,
20260520,180,9,,mocion,Punto 3,,,PP,False,Aprobada,177,169,1,A favor,En contra,A favor,En contra,En contra,A favor,En contra,En contra,En contra,En contra,Abstención,A favor,
20260520,180,10,,mocion,Punto 4,,,PP,False,Aprobada,183,162,2,A favor,En contra,A favor,En contra,En contra,A favor,En contra,A favor,En contra,Abstención,Abstención,A favor,
20260520,180,11,,mocion,Punto 5,,,PP,False,Aprobada,183,45,119,A favor,Abstención,A favor,En contra,En contra,A favor,En contra,A favor,En contra,En contra,A favor,A favor,
20260520,180,12,,otro,,,,,False,Aprobada,315,0,32,A favor,A favor,Abstención,A favor,A favor,A favor,A favor,A favor,A favor,A favor,A favor,A favor,
20260520,180,13,,proyecto_ley,,,,Gobierno,False,Aprobada,347,0,0,A favor,A favor,A favor,A favor,A favor,A favor,A favor,A favor,A favor,A favor,A favor,A favor,
20260526,181,1,,proposicion_ley,,,,Plurinacional SUMAR,False,Rechazada,166,178,5,En contra,A favor,En contra,A favor,A favor,En contra,A favor,Abstención,A favor,A favor,En contra,A favor,
20260526,181,2,,proposicion_ley,,,,PP,False,Aprobada,306,33,10,A favor,A favor,A favor,En contra,A favor,En contra,Abstención,A favor,Abstención,A favor,A favor,A favor,
20260526,181,3,,otro,,,,,False,Aprobada,178,171,0,En contra,A favor,En contra,A favor,A favor,A favor,A favor,A favor,A favor,A favor,A favor,En contra,
20260528,183,1,,PNL,,,,PP,False,Aprobada,186,2,159,A favor,Abstención,A favor,Abstención,Abstención,A favor,Abstención,A favor,A favor,A favor,Abstención,A favor,
20260528,183,2,,PNL,,,,PSOE,False,Aprobada,163,37,143,Abstención,A favor,En contra,A favor,A favor,Abstención,A favor,A favor,En contra,Abstención,A favor,A favor,
20260528,183,3,,mocion,Punto 1,,,PP,False,Rechazada,170,172,5,A favor,En contra,A favor,En contra,En contra,En contra,En contra,En contra,Abstención,En contra,Abstención,A favor,
20260528,183,4,,mocion,Punto 2,,,PP,False,Aprobada,170,146,30,A favor,En contra,A favor,Abstención,En contra,En contra,En contra,Abstención,En contra,En contra,A favor,A favor,
20260528,183,5,,mocion,Punto 3,,,PP,False,Rechazada,170,171,6,A favor,En contra,A favor,En contra,En contra,En contra,En contra,Abstención,En contra,En contra,Abstención,A favor,
20260528,183,6,,mocion,Punto 4,,,PP,False,Aprobada,196,145,5,A favor,En contra,A favor,A favor,En contra,En contra,En contra,Abstención,En contra,En contra,A favor,A favor,
20260528,183,7,,mocion,Punto 5,,,PP,False,Aprobada,171,145,31,A favor,En contra,A favor,Abstención,En contra,En contra,En contra,Abstención,En contra,En contra,A favor,A favor,
20260528,183,8,,mocion,Punto 6,,,PP,False,Aprobada,174,145,27,A favor,En contra,A favor,Abstención,En contra,En contra,En contra,A favor,En contra,En contra,Abstención,A favor,
20260528,183,9,,mocion,Punto 7,,,PP,False,Rechazada,170,176,1,A favor,En contra,A favor,En contra,En contra,En contra,En contra,En contra,En contra,En contra,Abstención,A favor,
20260528,183,10,,mocion,,,,Vox,False,Rechazada,170,177,0,A favor,En contra,A favor,En contra,En contra,En contra,En contra,En contra,En contra,En contra,En contra,A favor,
20260528,183,11,,mocion,,,,,False,Rechazada,169,176,0,A favor,En contra,A favor,En contra,En contra,En contra,En contra,En contra,En contra,En contra,En contra,A favor,
20260528,183,12,,otro,,,,,False,Aprobada,164,33,149,Abstención,A favor,En contra,A favor,Abstención,Abstención,A favor,A favor,A favor,A favor,A favor,A favor,
20260528,183,13,,proyecto_ley,,,,Gobierno,False,Aprobada,347,0,0,A favor,A favor,A favor,A favor,A favor,A favor,A favor,A favor,A favor,A favor,A favor,A favor,
20260528,183,14,,otro,,,,,False,Aprobada,343,0,0,A favor,A favor,A favor,A favor,A favor,A favor,A favor,A favor,A favor,Dividido,A favor,A favor,
20260528,183,15,,otro,,,,,False,Aprobada,303,31,14,A favor,A favor,A favor,En contra,Abstención,A favor,Abstención,A favor,En contra,Abstención,A favor,A favor,
20260528,183,16,,proposicion_ley,,,,,False,Aprobada,313,33,1,A favor,A favor,En contra,A favor,A favor,A favor,A favor,A favor,A favor,A favor,A favor,Abstención,
20260611,185,1,,proposicion_ley,,,,,False,Rechazada,14,325,8,En contra,En contra,En contra,En contra,A favor,A favor,Abstención,En contra,En contra,Abstención,En contra,En contra,
20260611,185,2,,proposicion_ley,,,,,False,Rechazada,33,313,0,En contra,En contra,A favor,En contra,En contra,En contra,En contra,En contra,En contra,En contra,En contra,En contra,
20260611,185,3,,proposicion_ley,,,,,False,Rechazada,54,260,33,En contra,En contra,Abstención,A favor,A favor,A favor,A favor,A favor,A favor,A favor,A favor,A favor,
20260611,185,4,,proposicion_ley,,,,,False,Rechazada,19,328,0,En contra,En contra,En contra,En contra,A favor,En contra,A favor,En contra,A favor,A favor,En contra,En contra,
20260611,185,5,,proposicion_ley,,,,,False,Rechazada,42,304,0,En contra,En contra,En contra,A favor,A favor,En contra,A favor,En contra,A favor,A favor,En contra,En contra,
20260611,185,6,,proposicion_ley,,,,,False,Rechazada,19,294,33,En contra,En contra,Abstención,En contra,A favor,En contra,A favor,En contra,A favor,A favor,En contra,En contra,
20260611,185,7,,proposicion_ley,,,,,False,Rechazada,42,304,0,En contra,En contra,En contra,A favor,A favor,En contra,A favor,En contra,A favor,A favor,En contra,En contra,
20260611,185,8,,proposicion_ley,,,,,False,Rechazada,42,304,1,En contra,En contra,En contra,A favor,A favor,En contra,A favor,En contra,A favor,A favor,En contra,En contra,
20260611,185,9,,proposicion_ley,,,,,False,Rechazada,19,327,0,En contra,En contra,En contra,En contra,A favor,En contra,A favor,En contra,A favor,A favor,En contra,En contra,
20260611,185,10,,proposicion_ley,,,,,False,Rechazada,48,156,143,Abstención,En contra,A favor,En contra,A favor,A favor,En contra,En contra,Abstención,A favor,En contra,Abstención,
20260611,185,11,,proposicion_ley,,,,,False,Rechazada,40,164,143,Abstención,En contra,A favor,En contra,En contra,A favor,En contra,En contra,Abstención,Abstención,En contra,Abstención,
20260611,185,12,,proposicion_ley,,,,,False,Rechazada,41,305,0,En contra,En contra,En contra,A favor,A favor,En contra,A favor,En contra,A favor,A favor,En contra,En contra,
20260611,185,13,,proposicion_ley,,,,,False,Rechazada,19,328,0,En contra,En contra,En contra,En contra,A favor,En contra,A favor,En contra,A favor,A favor,En contra,En contra,
20260611,185,14,,proposicion_ley,,,,,False,Rechazada,41,306,0,En contra,En contra,En contra,A favor,A favor,En contra,A favor,En contra,A favor,A favor,En contra,En contra,
20260611,185,15,,proposicion_ley,,,,,False,Rechazada,54,291,0,En contra,En contra,En contra,A favor,A favor,A favor,A favor,A favor,A favor,A favor,A favor,En contra,
20260611,185,16,,proposicion_ley,,,,,False,Rechazada,32,177,138,Abstención,En contra,A favor,En contra,En contra,En contra,En contra,En contra,En contra,En contra,En contra,Abstención,
20260611,185,17,,proposicion_ley,,,,,False,Aprobada,171,168,8,A favor,En contra,A favor,En contra,En contra,Abstención,En contra,En contra,En contra,Abstención,En contra,A favor,
20260611,185,18,,proposicion_ley,,,,,False,Rechazada,138,176,34,A favor,En contra,Abstención,En contra,En contra,En contra,En contra,En contra,En contra,Abstención,En contra,A favor,
20260611,185,19,,proposicion_ley,,,,,False,Rechazada,171,177,0,A favor,En contra,A favor,En contra,En contra,En contra,En contra,En contra,En contra,En contra,En contra,A favor,
20260611,185,20,,proposicion_ley,,,,,False,Aprobada,194,154,0,A favor,En contra,A favor,En contra,En contra,A favor,A favor,A favor,A favor,En contra,A favor,A favor,
20260611,185,21,,PNL,Punto 1,,,,False,Rechazada,51,290,7,En contra,En contra,En contra,A favor,A favor,Abstención,A favor,A favor,A favor,A favor,A favor,En contra,
20260611,185,22,,PNL,Punto 2,,,,False,Rechazada,51,290,7,En contra,En contra,En contra,A favor,A favor,Abstención,A favor,A favor,A favor,A favor,A favor,En contra,
20260611,185,23,,PNL,Punto 3,,,,False,Rechazada,51,290,7,En contra,En contra,En contra,A favor,A favor,Abstención,A favor,A favor,A favor,A favor,A favor,En contra,
20260611,185,24,,PNL,Punto 4,,,,False,Rechazada,51,289,7,En contra,En contra,En contra,A favor,A favor,Abstención,A favor,A favor,A favor,A favor,A favor,En contra,
20260611,185,25,,PNL,,,,PP,False,Aprobada,176,28,144,A favor,Abstención,A favor,En contra,Abstención,Abstención,Abstención,A favor,Dividido,Abstención,Abstención,A favor,
20260611,185,26,,mocion,Punto 1,,,Mixto,False,Rechazada,45,302,0,En contra,En contra,En contra,A favor,A favor,En contra,A favor,En contra,A favor,A favor,En contra,En contra,
20260611,185,27,,mocion,Punto 2,,,Mixto,False,Aprobada,167,45,135,Abstención,A favor,En contra,A favor,A favor,En contra,A favor,En contra,A favor,A favor,A favor,Abstención,
20260611,185,28,,mocion,Punto 3,,,Mixto,False,Aprobada,178,169,0,En contra,A favor,En contra,A favor,A favor,A favor,A favor,A favor,A favor,A favor,A favor,En contra,
20260611,185,29,,mocion,Punto 4,,,Mixto,False,Rechazada,45,295,7,En contra,En contra,En contra,A favor,A favor,Abstención,A favor,En contra,A favor,A favor,En contra,En contra,
20260611,185,30,,mocion,Punto 5,,,Mixto,False,Rechazada,45,303,0,En contra,En contra,En contra,A favor,A favor,En contra,A favor,En contra,A favor,A favor,En contra,En contra,
20260611,185,31,,mocion,Punto 1,,,PP,False,Aprobada,177,169,1,A favor,En contra,A favor,En contra,En contra,A favor,En contra,En contra,En contra,Abstención,A favor,A favor,
20260611,185,32,,mocion,Punto 2,,,PP,False,Rechazada,170,170,8,A favor,En contra,A favor,En contra,En contra,Abstención,En contra,En contra,En contra,Abstención,A favor,A favor,
20260611,185,33,,mocion,Punto 2,,,PP,False,Rechazada,170,170,8,A favor,En contra,A favor,En contra,En contra,Abstención,En contra,En contra,En contra,Abstención,A favor,A favor,
20260611,185,34,,mocion,Punto 2,,,PP,False,Aprobada,170,169,8,A favor,En contra,A favor,En contra,En contra,Abstención,En contra,En contra,En contra,Abstención,A favor,A favor,
20260611,185,35,,mocion,Punto 3,,,PP,False,Aprobada,178,170,0,A favor,En contra,A favor,En contra,En contra,A favor,En contra,En contra,En contra,A favor,A favor,A favor,
20260611,185,36,,mocion,Punto 4,,,PP,False,Aprobada,170,161,15,A favor,En contra,A favor,En contra,Abstención,Abstención,En contra,En contra,En contra,A favor,A favor,A favor,
20260611,185,37,,mocion,,,,Vox,False,Rechazada,169,179,0,A favor,En contra,A favor,En contra,En contra,En contra,En contra,En contra,En contra,En contra,En contra,A favor,
20260611,185,38,,proposicion_ley,,,,,False,Aprobada,324,19,2,A favor,A favor,A favor,A favor,En contra,A favor,En contra,A favor,En contra,En contra,A favor,A favor,
20260611,185,39,,proposicion_ley,,,,,False,Aprobada,323,21,2,A favor,A favor,A favor,A favor,En contra,A favor,En contra,A favor,En contra,En contra,A favor,A favor,
20260611,185,40,,proposicion_ley,,,,,False,Aprobada,180,0,168,Abstención,A favor,Abstención,A favor,A favor,A favor,A favor,A favor,A favor,A favor,A favor,A favor,
20260611,185,41,,otro,,,,PSOE,False,Aprobada,179,169,0,En contra,A favor,En contra,A favor,A favor,A favor,A favor,A favor,A favor,A favor,A favor,En contra,
20260611,185,42,,proposicion_ley,,,,,False,Aprobada,178,169,0,En contra,A favor,En contra,A favor,A favor,A favor,A favor,A favor,A favor,A favor,A favor,En contra,
20260616,186,1,,proposicion_ley,,,,PP,False,Rechazada,170,174,0,A favor,En contra,A favor,En contra,En contra,En contra,En contra,En contra,En contra,En contra,A favor,A favor,
20260616,186,2,,proposicion_ley,,,,PSOE,False,Rechazada,166,174,4,En contra,A favor,En contra,A favor,A favor,En contra,A favor,Abstención,A favor,A favor,A favor,A favor,
20260618,188,1,,PNL,,,,PSOE,False,Aprobada,176,33,138,Abstención,A favor,En contra,A favor,A favor,A favor,A favor,A favor,A favor,A favor,A favor,Abstención,
20260618,188,2,,PNL,Punto 1,,,PP,False,Aprobada,180,31,136,A favor,Abstención,A favor,En contra,A favor,Abstención,En contra,Abstención,Abstención,A favor,A favor,A favor,
20260618,188,3,,PNL,Punto 2,,,PP,False,Aprobada,180,31,135,A favor,Abstención,A favor,En contra,A favor,Abstención,En contra,Abstención,Abstención,A favor,A favor,A favor,
20260618,188,4,,PNL,Punto 3,,,PP,False,Aprobada,186,31,130,A favor,Abstención,A favor,En contra,A favor,A favor,En contra,Abstención,Abstención,A favor,A favor,A favor,
20260618,188,5,,PNL,Punto 4,,,PP,False,Aprobada,185,31,131,A favor,Abstención,A favor,En contra,A favor,A favor,En contra,Abstención,Abstención,A favor,A favor,A favor,
20260618,188,6,,PNL,Punto 5,,,PP,False,Aprobada,185,152,10,A favor,En contra,A favor,En contra,A favor,A favor,En contra,Abstención,Abstención,A favor,Abstención,A favor,
20260618,188,7,,PNL,Punto 6,,,PP,False,Aprobada,185,152,10,A favor,En contra,A favor,En contra,A favor,A favor,En contra,Abstención,Abstención,A favor,Abstención,A favor,
20260618,188,8,,PNL,Punto 7,,,PP,False,Aprobada,180,37,130,A favor,Abstención,A favor,En contra,A favor,En contra,En contra,Abstención,Abstención,A favor,A favor,A favor,
20260618,188,9,,PNL,Punto 8,,,PP,False,Aprobada,180,31,136,A favor,Abstención,A favor,En contra,A favor,Abstención,En contra,Abstención,Abstención,A favor,A favor,A favor,
20260618,188,10,,PNL,Punto 9,,,PP,False,Aprobada,158,31,156,A favor,Abstención,Abstención,En contra,A favor,A favor,En contra,A favor,Abstención,A favor,A favor,A favor,
20260618,188,11,,mocion,,,,PNV,False,Aprobada,226,0,121,A favor,Abstención,A favor,A favor,A favor,A favor,A favor,A favor,A favor,A favor,A favor,A favor,
20260618,188,12,,mocion,,,,Vox,False,Rechazada,33,314,0,En contra,En contra,A favor,En contra,En contra,En contra,En contra,En contra,En contra,En contra,En contra,En contra,
20260618,188,13,,mocion,,,,PP,False,Aprobada,177,164,6,A favor,En contra,A favor,En contra,En contra,A favor,En contra,Abstención,En contra,En contra,Abstención,A favor,
20260618,188,14,,otro,,,,,False,Aprobada,304,33,10,A favor,A favor,En contra,A favor,A favor,A favor,Abstención,A favor,Abstención,A favor,A favor,A favor,
20260618,188,15,,proyecto_ley,,,,Gobierno,False,Aprobada,347,0,0,A favor,A favor,A favor,A favor,A favor,A favor,A favor,A favor,A favor,A favor,A favor,A favor,
20260618,188,16,,otro,,,,,False,Aprobada,313,33,0,A favor,A favor,En contra,A favor,A favor,A favor,A favor,A favor,A favor,A favor,A favor,A favor,
20260618,188,17,,proyecto_ley,,,,Gobierno,False,Aprobada,345,0,1,A favor,A favor,A favor,A favor,A favor,A favor,A favor,A favor,A favor,A favor,A favor,A favor,
20260618,188,18,,proposicion_ley,,,,,False,Aprobada,312,33,1,A favor,A favor,En contra,A favor,A favor,A favor,A favor,A favor,A favor,A favor,A favor,Abstención,
20260618,188,19,,proyecto_ley,,,,Gobierno,False,Rechazada,172,175,0,A favor,En contra,A favor,En contra,En contra,En contra,En contra,En contra,En contra,En contra,En contra,A favor,
20260618,188,20,,proyecto_ley,,,,Gobierno,False,Aprobada,345,1,0,A favor,A favor,A favor,A favor,A favor,A favor,A favor,A favor,A favor,A favor,A favor,A favor,
20260618,188,21,,proyecto_ley,,,,Gobierno,False,Rechazada,11,329,7,En contra,En contra,En contra,En contra,Abstención,A favor,En contra,A favor,En contra,En contra,Abstención,En contra,
20260618,188,22,,convenio,,,,Gobierno,False,Aprobada,294,33,19,A favor,A favor,En contra,A favor,Abstención,Abstención,Abstención,A favor,A favor,Dividido,A favor,A favor,
20260618,188,23,,convenio,,,,Gobierno,False,Aprobada,266,4,76,A favor,A favor,Abstención,Abstención,Abstención,Abstención,Abstención,A favor,En contra,Dividido,A favor,A favor,
20260618,188,24,,convenio,,,,Gobierno,False,Aprobada,175,170,1,En contra,A favor,En contra,A favor,A favor,A favor,A favor,A favor,A favor,Dividido,A favor,Abstención,
20260618,188,25,,convenio,,,,Gobierno,False,Aprobada,294,0,52,A favor,A favor,Abstención,A favor,Abstención,Abstención,Abstención,A favor,A favor,Dividido,A favor,A favor,
20260618,188,26,,convenio,,,,Gobierno,False,Aprobada,294,7,45,A favor,A favor,Abstención,A favor,En contra,Abstención,Abstención,A favor,A favor,Dividido,A favor,A favor,
20260618,188,27,,convenio,,,,Gobierno,False,Aprobada,294,40,12,A favor,A favor,En contra,A favor,En contra,Abstención,Abstención,A favor,A favor,Dividido,A favor,A favor,
20260623,189,1,,otro,,,,PP,False,Aprobada,175,171,1,A favor,En contra,A favor,En contra,En contra,En contra,En contra,A favor,En contra,En contra,Abstención,A favor,
20260623,189,2,,proposicion_ley,,,,Vox,False,Rechazada,33,176,138,Abstención,En contra,A favor,En contra,En contra,En contra,En contra,En contra,En contra,En contra,Abstención,Abstención,
20260625,191,1,,proposicion_ley,,,,,False,Rechazada,51,298,0,En contra,En contra,En contra,A favor,A favor,A favor,A favor,En contra,A favor,A favor,En contra,En contra,
20260625,191,2,,proposicion_ley,,,,,False,Rechazada,50,298,0,En contra,En contra,En contra,A favor,A favor,A favor,A favor,En contra,A favor,A favor,En contra,En contra,
20260625,191,3,,proposicion_ley,,,,,False,Rechazada,138,204,7,A favor,En contra,En contra,En contra,En contra,Abstención,En contra,En contra,En contra,En contra,En contra,A favor,
20260625,191,4,,proposicion_ley,,,,,False,Rechazada,170,179,0,A favor,En contra,A favor,En contra,En contra,En contra,En contra,En contra,En contra,En contra,En contra,A favor,
20260625,191,5,,proposicion_ley,,,,,False,Rechazada,169,172,7,A favor,En contra,A favor,En contra,En contra,Abstención,En contra,En contra,En contra,En contra,En contra,A favor,
20260625,191,6,,proposicion_ley,,,,,False,Rechazada,138,211,0,A favor,En contra,En contra,En contra,En contra,En contra,En contra,En contra,En contra,En contra,En contra,A favor,
20260625,191,7,,proposicion_ley,,,,,False,Rechazada,170,179,0,A favor,En contra,A favor,En contra,En contra,En contra,En contra,En contra,En contra,En contra,En contra,A favor,
20260625,191,8,,proposicion_ley,,,,,False,Rechazada,138,211,0,A favor,En contra,En contra,En contra,En contra,En contra,En contra,En contra,En contra,En contra,En contra,A favor,
20260625,191,9,,proposicion_ley,,,,,False,Rechazada,138,208,0,A favor,En contra,En contra,En contra,En contra,En contra,En contra,En contra,En contra,En contra,En contra,A favor,
20260625,191,10,,proposicion_ley,,,,,False,Rechazada,138,211,0,A favor,En contra,En contra,En contra,En contra,En contra,En contra,En contra,En contra,En contra,En contra,A favor,
20260625,191,11,,proposicion_ley,,,,,False,Rechazada,138,211,0,A favor,En contra,En contra,En contra,En contra,En contra,En contra,En contra,En contra,En contra,En contra,A favor,
20260625,191,12,,proposicion_ley,,,,,False,Rechazada,138,211,0,A favor,En contra,En contra,En contra,En contra,En contra,En contra,En contra,En contra,En contra,En contra,A favor,
20260625,191,13,,PNL,,,,Vox,False,Rechazada,168,181,0,A favor,En contra,A favor,En contra,En contra,En contra,En contra,En contra,En contra,En contra,En contra,En contra,
20260625,191,14,,PNL,,,,PSOE,False,Aprobada,172,170,7,En contra,A favor,En contra,A favor,A favor,Abstención,A favor,A favor,A favor,A favor,A favor,En contra,
20260625,191,15,,mocion,,,,Mixto,False,Aprobada,174,169,5,En contra,A favor,En contra,A favor,A favor,A favor,A favor,Abstención,A favor,A favor,A favor,En contra,
20260625,191,16,,mocion,,,,ERC,False,Aprobada,172,170,7,En contra,A favor,En contra,A favor,A favor,Abstención,A favor,A favor,A favor,A favor,A favor,En contra,
20260625,191,17,,mocion,,,,Vox,False,Rechazada,32,177,139,Abstención,En contra,A favor,En contra,En contra,En contra,En contra,En contra,En contra,Dividido,Abstención,Abstención,
20260625,191,18,,mocion,Punto 3,,,PP,False,Aprobada,178,171,0,A favor,En contra,A favor,En contra,En contra,A favor,En contra,En contra,En contra,En contra,A favor,A favor,
20260625,191,19,,mocion,Punto 4,,,PP,False,Aprobada,177,171,1,A favor,En contra,A favor,En contra,En contra,A favor,En contra,En contra,En contra,En contra,Abstención,A favor,
20260625,191,20,,mocion,Punto 5,,,PP,False,Aprobada,171,166,12,A favor,En contra,A favor,En contra,En contra,Abstención,En contra,En contra,Abstención,Abstención,A favor,A favor,
20260625,191,21,,proposicion_ley,,,,,False,Aprobada,179,32,137,Abstención,A favor,En contra,A favor,A favor,A favor,A favor,A favor,A favor,A favor,A favor,Abstención,
20260625,191,22,,proposicion_ley,,,,,False,Aprobada,178,32,138,Abstención,A favor,En contra,A favor,A favor,A favor,A favor,A favor,A favor,A favor,A favor,Abstención,
20260625,191,23,,proposicion_ley,,,,,False,Aprobada,178,167,1,En contra,A favor,En contra,A favor,A favor,A favor,A favor,A favor,A favor,A favor,A favor,En contra,
20260625,191,24,,proposicion_ley,,,,,False,Aprobada,179,169,0,En contra,A favor,En contra,A favor,A favor,A favor,A favor,A favor,A favor,A favor,A favor,En contra,
20260625,191,25,,otro,,,,,False,Rechazada,32,179,138,Abstención,En contra,A favor,En contra,En contra,En contra,En contra,En contra,En contra,En contra,En contra,Abstención,
20260625,191,26,,otro,,,,,False,Rechazada,170,179,0,A favor,En contra,A favor,En contra,En contra,En contra,En contra,En contra,En contra,En contra,En contra,A favor,
20260625,191,27,,otro,,,,,False,Aprobada,173,32,144,Abstención,A favor,En contra,A favor,A favor,Abstención,A favor,A favor,A favor,A favor,A favor,A favor,
20260625,191,28,,proyecto_ley,,,,Gobierno,False,Aprobada,347,0,0,A favor,A favor,A favor,A favor,A favor,A favor,A favor,A favor,A favor,A favor,A favor,A favor,
20260625,191,29,,otro,,,,,False,Rechazada,173,176,0,En contra,A favor,En contra,A favor,A favor,En contra,A favor,A favor,A favor,A favor,A favor,A favor,
20260625,191,30,,otro,,,,,False,Aprobada,317,31,0,A favor,A favor,En contra,A favor,A favor,A favor,A favor,A favor,A favor,A favor,A favor,A favor,
20260714,192,1,,proyecto_ley,,,,Gobierno,False,Rechazada,26,315,0,En contra,En contra,En contra,En contra,A favor,A favor,A favor,En contra,A favor,A favor,En contra,En contra,
20260714,192,2,,proyecto_ley,,,,Gobierno,False,Rechazada,24,319,7,En contra,En contra,En contra,En contra,A favor,Abstención,A favor,A favor,A favor,A favor,En contra,En contra,
20260714,192,3,,proyecto_ley,,,,Gobierno,False,Rechazada,11,331,8,En contra,En contra,En contra,En contra,En contra,Abstención,A favor,En contra,A favor,Abstención,En contra,En contra,
20260714,192,4,,proyecto_ley,,,,Gobierno,False,Rechazada,167,176,7,En contra,A favor,En contra,A favor,A favor,Abstención,A favor,En contra,A favor,A favor,A favor,En contra,
20260714,192,5,,proyecto_ley,,,,Gobierno,False,Rechazada,12,324,14,En contra,En contra,En contra,En contra,Abstención,Abstención,A favor,En contra,A favor,A favor,En contra,En contra,
20260714,192,6,,proyecto_ley,,,,Gobierno,False,Rechazada,10,324,14,En contra,En contra,En contra,En contra,Abstención,Abstención,A favor,En contra,A favor,Dividido,En contra,En contra,
20260714,192,7,,proyecto_ley,,,,Gobierno,False,Rechazada,19,323,7,En contra,En contra,En contra,En contra,A favor,Abstención,A favor,En contra,A favor,A favor,En contra,En contra,
20260714,192,8,,proyecto_ley,,,,Gobierno,False,Rechazada,2,335,13,En contra,En contra,En contra,En contra,Abstención,En contra,En contra,Abstención,En contra,Abstención,A favor,A favor,
20260714,192,9,,proyecto_ley,,,,Gobierno,False,Rechazada,26,318,5,En contra,En contra,En contra,En contra,A favor,A favor,A favor,Abstención,A favor,A favor,En contra,En contra,
20260714,192,10,,proyecto_ley,,,,Gobierno,False,Rechazada,25,323,1,En contra,En contra,En contra,En contra,A favor,A favor,A favor,En contra,A favor,A favor,En contra,En contra,
20260714,192,11,,proyecto_ley,,,,Gobierno,False,Rechazada,29,317,4,En contra,En contra,En contra,En contra,A favor,A favor,A favor,A favor,Abstención,A favor,A favor,A favor,
20260714,192,12,,proyecto_ley,,,,Gobierno,False,Rechazada,27,284,39,En contra,En contra,Abstención,En contra,A favor,A favor,Abstención,A favor,A favor,A favor,A favor,A favor,
20260714,192,13,,proyecto_ley,,,,Gobierno,False,Rechazada,28,317,5,En contra,En contra,En contra,En contra,A favor,A favor,A favor,A favor,Abstención,A favor,A favor,A favor,
20260714,192,14,,proyecto_ley,,,,Gobierno,False,Rechazada,26,283,39,En contra,En contra,Abstención,En contra,A favor,A favor,Abstención,A favor,A favor,A favor,En contra,A favor,
20260714,192,15,,proyecto_ley,,,,Gobierno,False,Rechazada,19,317,14,En contra,En contra,En contra,En contra,Abstención,A favor,Abstención,A favor,A favor,A favor,A favor,A favor,
20260714,192,16,,proyecto_ley,,,,Gobierno,False,Rechazada,48,284,18,En contra,En contra,A favor,En contra,Abstención,A favor,Abstención,A favor,Abstención,A favor,A favor,A favor,
20260714,192,17,,proyecto_ley,,,,Gobierno,False,Rechazada,62,283,4,En contra,En contra,A favor,En contra,A favor,A favor,A favor,A favor,Abstención,A favor,A favor,A favor,
20260714,192,18,,proyecto_ley,,,,Gobierno,False,Rechazada,66,283,0,En contra,En contra,A favor,En contra,A favor,A favor,A favor,A favor,A favor,A favor,A favor,A favor,
20260714,192,19,,proyecto_ley,,,,Gobierno,False,Rechazada,65,284,0,En contra,En contra,A favor,En contra,A favor,A favor,A favor,A favor,A favor,A favor,A favor,A favor,
20260714,192,20,,proyecto_ley,,,,Gobierno,False,Rechazada,19,330,0,En contra,En contra,En contra,En contra,A favor,En contra,A favor,En contra,A favor,A favor,En contra,En contra,
20260714,192,21,,proyecto_ley,,,,Gobierno,False,Rechazada,19,323,7,En contra,En contra,En contra,En contra,A favor,Abstención,A favor,En contra,A favor,A favor,En contra,En contra,
20260714,192,22,,proyecto_ley,,,,Gobierno,False,Rechazada,31,319,0,En contra,En contra,En contra,En contra,A favor,A favor,A favor,A favor,A favor,A favor,En contra,En contra,
20260714,192,23,,proyecto_ley,,,,Gobierno,False,Rechazada,25,324,0,En contra,En contra,En contra,En contra,A favor,A favor,A favor,En contra,A favor,A favor,En contra,En contra,
20260714,192,24,,proyecto_ley,,,,Gobierno,False,Rechazada,15,323,11,En contra,En contra,En contra,En contra,A favor,A favor,Abstención,En contra,Abstención,Abstención,En contra,En contra,
20260714,192,25,,proyecto_ley,,,,Gobierno,False,Rechazada,15,335,0,En contra,En contra,En contra,En contra,A favor,A favor,En contra,En contra,En contra,En contra,En contra,En contra,
20260714,192,26,,proyecto_ley,,,,Gobierno,False,Rechazada,11,338,1,En contra,En contra,En contra,En contra,En contra,A favor,En contra,En contra,A favor,Abstención,En contra,En contra,
20260714,192,27,,proyecto_ley,,,,Gobierno,False,Rechazada,30,319,1,En contra,En contra,En contra,En contra,A favor,A favor,A favor,A favor,A favor,Abstención,En contra,En contra,
20260714,192,28,,proyecto_ley,,,,Gobierno,False,Rechazada,7,330,13,En contra,En contra,En contra,En contra,Abstención,A favor,En contra,En contra,Abstención,Abstención,En contra,En contra,
20260714,192,29,,proyecto_ley,,,,Gobierno,False,Rechazada,57,287,6,En contra,En contra,A favor,En contra,A favor,A favor,Abstención,A favor,A favor,A favor,En contra,En contra,
20260714,192,30,,proyecto_ley,,,,Gobierno,False,Rechazada,52,291,7,En contra,En contra,A favor,En contra,A favor,A favor,Abstención,En contra,A favor,Abstención,En contra,En contra,
20260714,192,31,,proyecto_ley,,,,Gobierno,False,Rechazada,16,297,37,En contra,En contra,Abstención,En contra,A favor,A favor,En contra,En contra,Abstención,En contra,En contra,En contra,
20260714,192,32,,proyecto_ley,,,,Gobierno,False,Rechazada,7,301,41,En contra,En contra,Abstención,En contra,Abstención,A favor,En contra,En contra,En contra,En contra,En contra,En contra,
20260714,192,33,,proyecto_ley,,,,Gobierno,False,Rechazada,7,342,1,En contra,En contra,En contra,En contra,En contra,A favor,En contra,En contra,En contra,Abstención,En contra,En contra,
20260714,192,34,,proyecto_ley,,,,Gobierno,False,Rechazada,7,309,34,En contra,En contra,Abstención,En contra,En contra,A favor,En contra,En contra,En contra,Abstención,En contra,En contra,
20260714,192,35,,proyecto_ley,,,,Gobierno,False,Rechazada,26,291,33,En contra,En contra,Abstención,En contra,A favor,A favor,A favor,En contra,A favor,A favor,En contra,En contra,
20260714,192,36,,proyecto_ley,,,,Gobierno,False,Rechazada,31,286,33,En contra,En contra,Abstención,En contra,A favor,A favor,A favor,A favor,A favor,A favor,En contra,En contra,
20260714,192,37,,proyecto_ley,,,,Gobierno,False,Rechazada,21,324,5,En contra,En contra,En contra,En contra,A favor,A favor,A favor,En contra,Abstención,Abstención,En contra,En contra,
20260714,192,38,,proyecto_ley,,,,Gobierno,False,Rechazada,31,319,0,En contra,En contra,En contra,En contra,A favor,A favor,A favor,A favor,A favor,A favor,En contra,En contra,
20260714,192,39,,proyecto_ley,,,,Gobierno,False,Rechazada,19,322,7,En contra,En contra,En contra,En contra,A favor,Abstención,A favor,En contra,A favor,A favor,En contra,En contra,
20260714,192,40,,proyecto_ley,,,,Gobierno,False,Rechazada,26,323,0,En contra,En contra,En contra,En contra,A favor,A favor,A favor,En contra,A favor,A favor,En contra,En contra,
20260714,192,41,,proyecto_ley,,,,Gobierno,False,Rechazada,31,317,0,En contra,En contra,En contra,En contra,A favor,A favor,A favor,A favor,A favor,A favor,En contra,En contra,
20260714,192,42,,proyecto_ley,,,,Gobierno,False,Rechazada,26,323,0,En contra,En contra,En contra,En contra,A favor,A favor,A favor,En contra,A favor,Dividido,En contra,En contra,
20260714,192,43,,proyecto_ley,,,,Gobierno,False,Rechazada,19,324,7,En contra,En contra,En contra,En contra,A favor,Abstención,A favor,En contra,A favor,A favor,En contra,En contra,
20260714,192,44,,proyecto_ley,,,,Gobierno,False,Rechazada,33,301,15,En contra,En contra,En contra,A favor,Abstención,Abstención,A favor,En contra,En contra,Abstención,En contra,En contra,
20260714,192,45,,proyecto_ley,,,,Gobierno,False,Rechazada,44,297,7,En contra,En contra,En contra,A favor,A favor,Abstención,A favor,En contra,A favor,A favor,En contra,En contra,
20260714,192,46,,proyecto_ley,,,,Gobierno,False,Rechazada,52,298,0,En contra,En contra,En contra,A favor,A favor,A favor,A favor,En contra,A favor,A favor,En contra,En contra,
20260714,192,47,,proyecto_ley,,,,Gobierno,False,Rechazada,32,317,0,En contra,En contra,A favor,En contra,En contra,En contra,En contra,En contra,En contra,En contra,En contra,En contra,
20260714,192,48,,proyecto_ley,,,,Gobierno,False,Aprobada,179,169,2,En contra,A favor,En contra,A favor,A favor,A favor,A favor,A favor,A favor,Abstención,A favor,En contra,
20260714,192,49,,proyecto_ley,,,,Gobierno,False,Aprobada,178,171,0,En contra,A favor,En contra,A favor,A favor,A favor,A favor,A favor,A favor,A favor,A favor,En contra,
20260714,192,50,,otro,,,,,False,Rechazada,167,178,5,En contra,A favor,En contra,A favor,A favor,En contra,A favor,A favor,Abstención,A favor,A favor,En contra,
20260714,192,51,,otro,,,,,False,Rechazada,172,178,0,En contra,A favor,En contra,A favor,A favor,En contra,A favor,A favor,A favor,A favor,A favor,En contra,
20260714,192,52,,otro,,,,,False,Aprobada,317,33,0,A favor,A favor,En contra,A favor,A favor,A favor,A favor,A favor,A favor,A favor,A favor,A favor,
20260714,192,53,,proyecto_ley,,,,Gobierno,False,Aprobada,344,0,5,A favor,A favor,A favor,A favor,A favor,A favor,A favor,Abstención,A favor,A favor,A favor,A favor,
20260714,192,54,,proyecto_ley,,,,Gobierno,False,Aprobada,179,33,137,Abstención,A favor,En contra,A favor,A favor,A favor,A favor,A favor,A favor,A favor,A favor,A favor,
20260714,192,55,,proposicion_ley,,,,,False,Rechazada,33,179,138,Abstención,En contra,A favor,En contra,En contra,En contra,En contra,En contra,En contra,En contra,En contra,Abstención,
20260714,192,56,,proposicion_ley,,,,,False,Rechazada,171,178,0,A favor,En contra,A favor,En contra,En contra,En contra,En contra,En contra,En contra,En contra,En contra,A favor,
20260723,193,1,,otro,,,,,False,Rechazada,33,315,0,En contra,En contra,A favor,En contra,En contra,En contra,En contra,En contra,En contra,En contra,En contra,En contra,A favor
20260723,193,2,,otro,,,,,False,Rechazada,170,178,0,A favor,En contra,A favor,En contra,En contra,En contra,En contra,En contra,En contra,En contra,En contra,En contra,A favor
20260723,193,3,,otro,,,,,False,Rechazada,137,178,33,A favor,En contra,Abstención,En contra,En contra,En contra,En contra,En contra,En contra,En contra,En contra,En contra,Abstención
20260723,193,4,,otro,,,,,False,Rechazada,170,177,0,A favor,En contra,A favor,En contra,En contra,En contra,En contra,En contra,En contra,En contra,En contra,A favor,A favor
20260723,193,5,,proposicion_ley,,,,,False,Rechazada,138,210,0,A favor,En contra,En contra,En contra,En contra,En contra,En contra,En contra,En contra,En contra,En contra,A favor,En contra
20260723,193,6,,otro,,,,,False,Aprobada,175,33,140,Abstención,A favor,En contra,A favor,A favor,A favor,A favor,A favor,Abstención,A favor,A favor,A favor,En contra
20260723,193,7,,proyecto_ley,,,,Gobierno,False,Aprobada,344,0,0,A favor,A favor,A favor,A favor,A favor,A favor,A favor,A favor,A favor,A favor,A favor,A favor,A favor
20260723,193,8,,otro,,,,,False,Aprobada,167,37,144,Abstención,A favor,En contra,A favor,A favor,Abstención,A favor,A favor,En contra,A favor,A favor,Abstención,En contra
20260723,193,9,,proyecto_ley,,,,Gobierno,False,Aprobada,347,0,0,A favor,A favor,A favor,A favor,A favor,A favor,A favor,A favor,A favor,A favor,A favor,A favor,A favor
20260723,193,10,,otro,,,,,False,Aprobada,178,170,0,En contra,A favor,En contra,A favor,A favor,A favor,A favor,A favor,A favor,A favor,A favor,En contra,En contra
20260723,193,11,,otro,,,,,False,Aprobada,178,169,1,En contra,A favor,En contra,A favor,A favor,A favor,A favor,A favor,A favor,A favor,A favor,En contra,En contra
20260723,193,12,,proposicion_ley,,,,,False,Aprobada,334,0,13,A favor,A favor,A favor,A favor,Abstención,A favor,Abstención,A favor,A favor,A favor,A favor,A favor,A favor
20260723,193,13,,proposicion_ley,,,,,False,Aprobada,324,24,0,A favor,A favor,A favor,A favor,En contra,En contra,En contra,A favor,En contra,A favor,A favor,A favor,A favor
20260723,193,14,,proposicion_ley,,,,,False,Aprobada,326,0,20,A favor,A favor,A favor,A favor,Abstención,Abstención,Abstención,A favor,A favor,A favor,Dividido,A favor,A favor
20260723,193,15,,proposicion_ley,,,,,False,Aprobada,290,57,0,A favor,A favor,A favor,En contra,En contra,En contra,En contra,En contra,En contra,En contra,En contra,En contra,A favor
20260723,193,16,,proposicion_ley,,,,,False,Aprobada,347,1,0,A favor,A favor,A favor,A favor,A favor,A favor,A favor,A favor,A favor,A favor,A favor,A favor,A favor
20260723,193,17,,proposicion_ley,,,,,False,Aprobada,348,0,0,A favor,A favor,A favor,A favor,A favor,A favor,A favor,A favor,A favor,A favor,A favor,A favor,A favor
20260723,193,18,,proposicion_ley,,,,,False,Aprobada,185,0,163,A favor,Abstención,A favor,Abstención,A favor,A favor,Abstención,Abstención,Abstención,Abstención,Abstención,A favor,A favor
20260723,193,19,,proyecto_ley,,,,Gobierno,False,Rechazada,170,178,0,A favor,En contra,A favor,En contra,En contra,En contra,En contra,En contra,En contra,En contra,En contra,A favor,A favor
20260723,193,20,,otro,,,,,False,Rechazada,166,176,5,En contra,A favor,En contra,A favor,A favor,En contra,A favor,A favor,Abstención,A favor,A favor,En contra,En contra
20260909,195,1,,otro,,,,,False,Aprobada,312,30,1,A favor,A favor,En contra,A favor,A favor,A favor,A favor,A favor,A favor,Dividido,A favor,A favor,Abstención
20260909,195,2,,proyecto_ley,,,,Gobierno,False,Aprobada,342,0,0,A favor,A favor,A favor,A favor,A favor,A favor,A favor,A favor,A favor,A favor,A favor,A favor,A favor
20260910,196,1,122/000072,proposicion_ley,,,,,False,Rechazada,139,207,1,A favor,En contra,En contra,En contra,En contra,En contra,En contra,En contra,En contra,En contra,En contra,A favor,Abstención
20260910,196,2,122/000072,proposicion_ley,,,,,False,Rechazada,169,177,1,A favor,En contra,A favor,En contra,En contra,En contra,En contra,En contra,En contra,En contra,En contra,A favor,Abstención
20260910,196,3,122/000072,proposicion_ley,,,,,False,Aprobada,168,31,145,Abstención,A favor,En contra,A favor,A favor,Abstención,A favor,A favor,A favor,A favor,Dividido,Abstención,Abstención
20260910,196,4,162/000833,PNL,,,,PP,False,Rechazada,170,175,1,A favor,En contra,A favor,En contra,En contra,En contra,En contra,En contra,En contra,En contra,Abstención,A favor,A favor
20260910,196,5,162/000818,PNL,,,,PSOE,False,Rechazada,163,174,8,En contra,A favor,En contra,A favor,A favor,Abstención,A favor,En contra,A favor,A favor,Abstención,En contra,En contra
20260910,196,6,173/000185,mocion,,,,Vox,False,Rechazada,32,177,137,Abstención,En contra,A favor,En contra,En contra,En contra,En contra,En contra,En contra,En contra,En contra,En contra,A favor
20260910,196,7,173/000186,mocion,Punto 1,,,PP,False,Aprobada,170,168,8,A favor,En contra,A favor,En contra,En contra,Abstención,En contra,En contra,En contra,En contra,Abstención,A favor,A favor
20260910,196,8,173/000186,mocion,Punto 1,,,PP,False,Aprobada,176,43,127,A favor,Abstención,A favor,En contra,En contra,Abstención,En contra,A favor,En contra,Abstención,A favor,A favor,A favor
20260910,196,9,173/000186,mocion,Punto 1,,,PP,False,Aprobada,171,44,131,A favor,Abstención,A favor,En contra,En contra,Abstención,En contra,Abstención,En contra,En contra,A favor,A favor,A favor
20260910,196,10,173/000186,mocion,Punto 1,,,PP,False,Aprobada,183,36,127,A favor,Abstención,A favor,En contra,A favor,Abstención,En contra,A favor,En contra,A favor,Abstención,A favor,A favor
20260910,196,11,173/000186,mocion,Punto 1,,,PP,False,Aprobada,183,36,126,A favor,Abstención,A favor,En contra,A favor,Abstención,En contra,A favor,En contra,A favor,A favor,A favor,A favor
20260910,196,12,173/000186,mocion,Punto 1,,,PP,False,Aprobada,175,36,135,A favor,Abstención,A favor,En contra,Abstención,Abstención,En contra,A favor,En contra,Abstención,A favor,A favor,A favor
20260910,196,13,173/000186,mocion,Punto 1,,,PP,False,Aprobada,176,44,126,A favor,Abstención,A favor,En contra,En contra,Abstención,En contra,A favor,En contra,En contra,A favor,A favor,A favor
20260910,196,14,173/000186,mocion,Punto 1,,,PP,False,Aprobada,176,36,133,A favor,Abstención,A favor,En contra,Abstención,Abstención,En contra,A favor,En contra,A favor,A favor,A favor,A favor
20260910,196,15,122/000229,proposicion_ley,,,,PP,False,Rechazada,170,175,0,A favor,En contra,A favor,En contra,En contra,En contra,En contra,En contra,En contra,En contra,A favor,A favor,A favor
20260910,196,16,122/000297,proposicion_ley,,,,PSOE,False,Aprobada,165,32,148,Abstención,A favor,En contra,A favor,A favor,Abstención,A favor,Abstención,A favor,A favor,A favor,A favor,En contra
20260910,196,17,110/000078,convenio,,,,Gobierno,False,Aprobada,263,57,25,A favor,A favor,En contra,En contra,Abstención,Abstención,Abstención,Abstención,A favor,Dividido,A favor,A favor,En contra
20260910,196,18,110/000079,convenio,,,,Gobierno,False,Aprobada,156,0,189,Abstención,A favor,Abstención,A favor,Abstención,Abstención,Abstención,A favor,A favor,Dividido,A favor,Abstención,Abstención
20260910,196,19,110/000080,convenio,,,,Gobierno,False,Aprobada,268,0,77,A favor,A favor,Abstención,Abstención,Abstención,Abstención,Abstención,A favor,A favor,Dividido,A favor,A favor,Abstención
20260910,196,20,250/000008,otro,,,,,False,Aprobada,177,168,0,A favor,En contra,A favor,En contra,En contra,A favor,En contra,En contra,En contra,En contra,En contra,A favor,A favor
20260910,196,21,158/000024,otro,,,,,False,Aprobada,314,0,32,A favor,A favor,Abstención,A favor,A favor,A favor,A favor,A favor,A favor,A favor,A favor,A favor,Abstención
20260915,197,1,122/000251,proposicion_ley,,,,Vox,False,Rechazada,168,178,0,A favor,En contra,A favor,En contra,En contra,En contra,En contra,En contra,En contra,En contra,En contra,En contra,A favor
20260915,197,2,122/000251,proposicion_ley,,,,Plurinacional SUMAR,False,Rechazada,44,175,127,En contra,Abstención,En contra,A favor,A favor,En contra,A favor,Abstención,A favor,A favor,Abstención,En contra,En contra
20260916,198,1,,convenio,,,,Gobierno,False,Rechazada,170,177,0,A favor,En contra,A favor,En contra,En contra,En contra,En contra,En contra,En contra,En contra,En contra,En contra,A favor
20260916,198,2,,PNL,,,,Plurinacional SUMAR,False,Rechazada,163,170,13,En contra,A favor,En contra,A favor,A favor,Abstención,A favor,Abstención,A favor,A favor,Abstención,En contra,En contra
20260916,198,3,,mocion,Punto 1,,,Mixto,False,Rechazada,19,183,144,En contra,Abstención,En contra,Abstención,A favor,En contra,A favor,En contra,A favor,A favor,En contra,En contra,En contra
20260916,198,4,,mocion,Punto 2,,,Mixto,False,Rechazada,18,183,145,En contra,Abstención,En contra,Abstención,A favor,En contra,A favor,En contra,A favor,Abstención,En contra,En contra,En contra
20260916,198,5,,mocion,Punto 3,,,Mixto,False,Rechazada,19,183,144,En contra,Abstención,En contra,Abstención,A favor,En contra,A favor,En contra,A favor,A favor,En contra,En contra,En contra
20260916,198,6,,mocion,Punto 4,,,Mixto,False,Rechazada,19,304,24,En contra,En contra,En contra,Abstención,A favor,En contra,A favor,En contra,A favor,A favor,En contra,En contra,En contra
20260916,198,7,,mocion,Punto 5,,,Mixto,False,Rechazada,19,304,24,En contra,En contra,En contra,Abstención,A favor,En contra,A favor,En contra,A favor,A favor,En contra,En contra,En contra
20260916,198,8,,mocion,Punto 6,,,Mixto,False,Rechazada,18,171,157,En contra,Abstención,En contra,Abstención,A favor,Abstención,A favor,Abstención,A favor,Abstención,A favor,En contra,En contra
20260916,198,9,,mocion,Punto 7,,,Mixto,False,Rechazada,20,168,158,En contra,Abstención,En contra,Abstención,A favor,Abstención,A favor,Abstención,A favor,A favor,A favor,En contra,Dividido
20260916,198,10,,mocion,,,,Vox,False,Rechazada,33,174,137,Abstención,En contra,A favor,En contra,En contra,En contra,En contra,En contra,En contra,En contra,En contra,En contra,A favor
20260916,198,11,,mocion,,,,PP,False,Aprobada,184,149,11,A favor,En contra,A favor,En contra,A favor,A favor,Abstención,En contra,Abstención,Abstención,Abstención,A favor,A favor
20260916,198,12,,mocion,Punto 1,,,PP,False,Aprobada,172,163,12,A favor,En contra,A favor,En contra,En contra,Abstención,En contra,Abstención,En contra,En contra,A favor,A favor,A favor
20260916,198,13,,mocion,Punto 2,,,PP,False,Aprobada,183,163,1,A favor,En contra,A favor,En contra,En contra,A favor,En contra,A favor,En contra,En contra,Abstención,A favor,A favor
20260916,198,14,,mocion,Punto 3,,,PP,False,Aprobada,195,139,13,A favor,En contra,A favor,A favor,En contra,Abstención,En contra,Abstención,En contra,En contra,Abstención,A favor,A favor
20260916,198,15,,mocion,,,,Mixto,False,Aprobada,172,17,157,A favor,Abstención,A favor,Abstención,Abstención,En contra,En contra,Abstención,En contra,Abstención,A favor,A favor,A favor
20260916,198,16,,otro,,,,,False,Rechazada,155,179,12,En contra,A favor,En contra,A favor,A favor,En contra,A favor,Abstención,Abstención,A favor,A favor,En contra,En contra
20260916,198,17,,otro,,,,,False,Aprobada,304,33,7,A favor,A favor,En contra,A favor,A favor,Abstención,A favor,A favor,A favor,A favor,A favor,A favor,En contra
20260916,198,18,,proyecto_ley,,,,Gobierno,False,Aprobada,345,0,0,A favor,A favor,A favor,A favor,A favor,A favor,A favor,A favor,A favor,A favor,A favor,A favor,A favor
20260916,198,19,,proyecto_ley,,,,Gobierno,False,Aprobada,338,0,8,A favor,A favor,A favor,A favor,Abstención,A favor,A favor,A favor,A favor,A favor,A favor,A favor,A favor
20260916,198,20,,proyecto_ley,,,,Gobierno,False,Aprobada,164,150,33,A favor,En contra,Abstención,En contra,A favor,A favor,A favor,En contra,A favor,A favor,En contra,A favor,Abstención
20260916,198,21,,proyecto_ley,,,,Gobierno,False,Rechazada,143,157,47,A favor,En contra,Abstención,En contra,Abstención,En contra,Abstención,En contra,A favor,A favor,En contra,A favor,Abstención
20260916,198,22,,proyecto_ley,,,,Gobierno,False,Rechazada,170,176,0,A favor,En contra,A favor,En contra,En contra,En contra,En contra,En contra,En contra,En contra,En contra,A favor,A favor
20260916,198,23,,proyecto_ley,,,,Gobierno,False,Rechazada,138,169,40,A favor,En contra,Abstención,En contra,En contra,En contra,Abstención,En contra,En contra,Abstención,En contra,A favor,Abstención
20260916,198,24,,proyecto_ley,,,,Gobierno,False,Aprobada,196,145,6,A favor,En contra,A favor,En contra,A favor,A favor,Abstención,A favor,A favor,A favor,En contra,A favor,A favor
20260916,198,25,,proyecto_ley,,,,Gobierno,False,Aprobada,189,152,6,A favor,En contra,A favor,En contra,A favor,En contra,Abstención,A favor,A favor,A favor,En contra,A favor,A favor
20260916,198,26,,proyecto_ley,,,,Gobierno,False,Rechazada,144,165,37,A favor,En contra,Abstención,En contra,En contra,A favor,En contra,En contra,Abstención,En contra,En contra,A favor,Abstención
20260916,198,27,,proyecto_ley,,,,Gobierno,False,Aprobada,336,0,11,A favor,A favor,A favor,A favor,A favor,A favor,Abstención,Abstención,A favor,A favor,A favor,A favor,A favor
20260916,198,28,,proyecto_ley,,,,Gobierno,False,Rechazada,171,176,0,A favor,En contra,A favor,En contra,En contra,En contra,En contra,En contra,En contra,En contra,En contra,A favor,A favor
20260916,198,29,,proyecto_ley,,,,Gobierno,False,Aprobada,179,150,18,A favor,En contra,A favor,En contra,Abstención,A favor,Abstención,En contra,Abstención,A favor,En contra,A favor,A favor
20260916,198,30,,proyecto_ley,,,,Gobierno,False,Rechazada,138,171,38,A favor,En contra,Abstención,En contra,En contra,En contra,En contra,En contra,Abstención,Abstención,En contra,A favor,Abstención
20260916,198,31,,proyecto_ley,,,,Gobierno,False,Rechazada,171,175,0,A favor,En contra,A favor,En contra,En contra,En contra,En contra,En contra,En contra,En contra,En contra,A favor,A favor
20260916,198,32,,proyecto_ley,,,,Gobierno,False,Aprobada,158,150,39,A favor,En contra,Abstención,En contra,A favor,A favor,Abstención,En contra,A favor,A favor,En contra,A favor,Abstención
20260916,198,33,,proyecto_ley,,,,Gobierno,False,Aprobada,178,168,0,A favor,En contra,A favor,En contra,En contra,A favor,En contra,En contra,En contra,En contra,En contra,A favor,A favor
20260916,198,34,,proyecto_ley,,,,Gobierno,False,Aprobada,159,154,33,A favor,En contra,Abstención,En contra,A favor,A favor,A favor,En contra,En contra,A favor,En contra,A favor,Abstención
20260916,198,35,,proyecto_ley,,,,Gobierno,False,Aprobada,191,150,6,A favor,En contra,A favor,En contra,A favor,A favor,Abstención,En contra,A favor,A favor,En contra,A favor,A favor
20260916,198,36,,proyecto_ley,,,,Gobierno,False,Rechazada,142,172,33,A favor,En contra,Abstención,En contra,En contra,En contra,En contra,En contra,A favor,En contra,En contra,A favor,Abstención
20260916,198,37,,proyecto_ley,,,,Gobierno,False,Rechazada,162,179,6,A favor,En contra,En contra,En contra,A favor,A favor,Abstención,A favor,A favor,En contra,En contra,A favor,En contra
20260916,198,38,,proyecto_ley,,,,Gobierno,False,Aprobada,338,2,6,A favor,A favor,A favor,A favor,A favor,A favor,A favor,Abstención,A favor,Abstención,A favor,A favor,A favor
20260916,198,39,,proyecto_ley,,,,Gobierno,False,Aprobada,195,150,1,A favor,En contra,A favor,En contra,A favor,A favor,A favor,En contra,A favor,Abstención,En contra,A favor,A favor
20260916,198,40,,proyecto_ley,,,,Gobierno,False,Rechazada,150,160,37,A favor,En contra,Abstención,En contra,En contra,A favor,En contra,A favor,Abstención,En contra,En contra,A favor,Abstención
20260916,198,41,,proyecto_ley,,,,Gobierno,False,Aprobada,174,157,15,A favor,En contra,A favor,En contra,Abstención,En contra,Abstención,En contra,A favor,Abstención,En contra,A favor,A favor
20260916,198,42,,proyecto_ley,,,,Gobierno,False,Aprobada,310,34,2,A favor,A favor,A favor,En contra,A favor,A favor,A favor,En contra,A favor,Abstención,A favor,A favor,A favor
20260916,198,43,,proyecto_ley,,,,Gobierno,False,Aprobada,197,149,0,A favor,En contra,A favor,En contra,A favor,A favor,A favor,En contra,A favor,A favor,En contra,A favor,A favor
20260916,198,44,,proyecto_ley,,,,Gobierno,False,Aprobada,345,0,0,A favor,A favor,A favor,A favor,A favor,A favor,A favor,A favor,A favor,A favor,A favor,A favor,A favor
20260916,198,45,,proyecto_ley,,,,Gobierno,False,Aprobada,345,0,0,A favor,A favor,A favor,A favor,A favor,A favor,A favor,A favor,A favor,A favor,A favor,A favor,A favor
20260916,198,46,,proyecto_ley,,,,Gobierno,False,Aprobada,338,6,0,A favor,A favor,A favor,A favor,A favor,A favor,A favor,A favor,A favor,Dividido,A favor,A favor,A favor
20260916,198,47,,proyecto_ley,,,,Gobierno,False,Rechazada,171,174,0,A favor,En contra,A favor,En contra,En contra,En contra,En contra,En contra,En contra,En contra,En contra,A favor,A favor
20260916,198,48,,proyecto_ley,,,,Gobierno,False,Rechazada,171,175,0,A favor,En contra,A favor,En contra,En contra,En contra,En contra,En contra,En contra,En contra,En contra,A favor,A favor
20260916,198,49,,proyecto_ley,,,,Gobierno,False,Rechazada,142,170,33,A favor,En contra,Abstención,En contra,En contra,A favor,En contra,En contra,En contra,En contra,En contra,A favor,Abstención
20260916,198,50,,proyecto_ley,,,,Gobierno,False,Aprobada,289,19,38,A favor,A favor,Abstención,A favor,En contra,A favor,En contra,Abstención,En contra,En contra,A favor,A favor,Abstención
20260916,198,51,,proyecto_ley,,,,Gobierno,False,Rechazada,171,176,0,A favor,En contra,A favor,En contra,En contra,En contra,En contra,En contra,En contra,En contra,En contra,A favor,A favor
20260916,198,52,,proyecto_ley,,,,Gobierno,False,Aprobada,201,144,1,A favor,En contra,A favor,En contra,A favor,A favor,A favor,A favor,A favor,Abstención,En contra,A favor,A favor
20260916,198,53,,proyecto_ley,,,,Gobierno,False,Rechazada,164,182,0,A favor,En contra,En contra,En contra,A favor,A favor,A favor,En contra,A favor,A favor,En contra,A favor,En contra
20260916,198,54,,proyecto_ley,,,,Gobierno,False,Aprobada,335,11,0,A favor,A favor,A favor,A favor,A favor,A favor,A favor,En contra,A favor,A favor,A favor,A favor,A favor
20260916,198,55,,proyecto_ley,,,,Gobierno,False,Aprobada,157,149,40,A favor,En contra,Abstención,En contra,A favor,A favor,Abstención,En contra,A favor,Abstención,En contra,A favor,Abstención
20260916,198,56,,proyecto_ley,,,,Gobierno,False,Aprobada,331,8,6,A favor,A favor,A favor,A favor,A favor,A favor,Abstención,A favor,A favor,A favor,A favor,A favor,A favor
20260916,198,57,,proyecto_ley,,,,Gobierno,False,Rechazada,171,175,0,A favor,En contra,A favor,En contra,En contra,En contra,En contra,En contra,En contra,Dividido,En contra,A favor,A favor
20260916,198,58,,otro,,,,,False,Aprobada,346,0,1,A favor,A favor,A favor,A favor,A favor,A favor,A favor,A favor,A favor,Abstención,A favor,A favor,A favor
20260922,199,1,122/000247,proposicion_ley,,,,PNV,False,Aprobada,340,7,0,A favor,A favor,A favor,A favor,En contra,A favor,A favor,A favor,A favor,A favor,A favor,A favor,A favor
20260922,199,2,122/000105,proposicion_ley,,,,Mixto,False,Aprobada,178,33,136,Abstención,A favor,En contra,A favor,A favor,A favor,A favor,A favor,A favor,A favor,A favor,A favor,En contra
20260923,200,1,162/000822,PNL,,,,PNV,False,Aprobada,270,70,8,A favor,A favor,En contra,En contra,Abstención,A favor,En contra,A favor,En contra,Abstención,A favor,A favor,En contra
20260923,200,2,162/000260,PNL,,,,Mixto,False,Rechazada,19,177,147,En contra,Abstención,En contra,Abstención,A favor,En contra,A favor,Dividido,A favor,A favor,A favor,En contra,En contra
20260923,200,3,173/000191,mocion,,,,Mixto,False,Rechazada,15,39,294,Abstención,Abstención,En contra,Abstención,A favor,En contra,Abstención,Abstención,A favor,A favor,A favor,A favor,En contra
20260923,200,4,173/000192,mocion,,,,Vox,False,Rechazada,33,178,137,Abstención,En contra,A favor,En contra,En contra,En contra,En contra,En contra,En contra,En contra,En contra,En contra,A favor
20260923,200,5,173/000193,mocion,,,,PP,False,Aprobada,177,171,0,A favor,En contra,A favor,En contra,En contra,A favor,En contra,En contra,En contra,En contra,En contra,A favor,A favor
20260923,200,6,173/000193,mocion,,,,PP,False,Aprobada,177,171,0,A favor,En contra,A favor,En contra,En contra,A favor,En contra,En contra,En contra,En contra,En contra,A favor,A favor
20260923,200,7,173/000193,mocion,,,,PP,False,Aprobada,172,170,6,A favor,En contra,A favor,En contra,En contra,Abstención,En contra,En contra,En contra,En contra,A favor,A favor,A favor
20260923,200,8,173/000193,mocion,,,,PP,False,Rechazada,172,176,0,A favor,En contra,A favor,En contra,En contra,En contra,En contra,En contra,En contra,En contra,A favor,A favor,A favor
20260923,200,9,173/000193,mocion,,,,PP,False,Rechazada,171,176,0,A favor,En contra,A favor,En contra,En contra,En contra,En contra,En contra,En contra,En contra,A favor,A favor,A favor
20260923,200,10,130/000054,otro,,,,,False,Aprobada,300,38,10,A favor,A favor,En contra,A favor,Abstención,En contra,A favor,A favor,A favor,A favor,A favor,A favor,Abstención
20260923,200,11,130/000054,proyecto_ley,,,,Gobierno,False,Aprobada,345,0,0,A favor,A favor,A favor,A favor,A favor,A favor,A favor,A favor,A favor,A favor,A favor,A favor,A favor
20260929,201,1,,proposicion_ley,,,,PP,False,Aprobada,295,36,15,A favor,A favor,A favor,En contra,Abstención,Abstención,En contra,A favor,En contra,En contra,A favor,A favor,Dividido
20260929,201,2,122/000300,proposicion_ley,,,,PSOE,False,Aprobada,173,168,5,En contra,A favor,En contra,A favor,A favor,A favor,A favor,Abstención,A favor,A favor,A favor,En contra,Dividido
20260930,202,1,162/000814,PNL,,,,PP,False,Rechazada,137,175,34,A favor,En contra,Abstención,En contra,En contra,En contra,En contra,En contra,En contra,En contra,Abstención,A favor,Abstención
20260930,202,2,162/000769,PNL,,,,PSOE,False,Rechazada,166,176,5,En contra,A favor,En contra,A favor,A favor,En contra,A favor,Abstención,A favor,A favor,A favor,En contra,En contra
20260930,202,3,173/000194,mocion,Punto 1,,,Mixto,False,Rechazada,44,181,122,En contra,Abstención,En contra,A favor,A favor,En contra,A favor,En contra,A favor,A favor,Abstención,En contra,En contra
20260930,202,4,173/000194,mocion,Punto 2,,,Mixto,False,Rechazada,166,179,0,En contra,A favor,En contra,A favor,A favor,En contra,A favor,En contra,A favor,A favor,A favor,A favor,En contra
20260930,202,5,173/000194,mocion,Punto 3,,,Mixto,False,Rechazada,39,181,126,En contra,Abstención,En contra,A favor,A favor,En contra,Abstención,En contra,A favor,A favor,En contra,En contra,En contra
20260930,202,6,173/000195,mocion,,,,Vox,False,Rechazada,33,176,138,Abstención,En contra,A favor,En contra,En contra,En contra,En contra,En contra,En contra,En contra,En contra,Abstención,A favor
20260930,202,7,173/000196,mocion,Punto 1,,,PP,False,Rechazada,172,174,0,A favor,En contra,A favor,En contra,En contra,En contra,En contra,En contra,En contra,En contra,A favor,A favor,A favor
20260930,202,8,173/000196,mocion,Punto 3,,,PP,False,Aprobada,171,170,6,A favor,En contra,A favor,En contra,En contra,En contra,En contra,Abstención,En contra,En contra,Abstención,A favor,A favor
20260930,202,9,173/000196,mocion,,,,PP,False,Aprobada,172,170,5,A favor,En contra,A favor,En contra,En contra,En contra,En contra,Abstención,En contra,En contra,A favor,A favor,A favor
20260930,202,10,121/000106,proyecto_ley,,,,Gobierno,True,Rechazada,34,312,0,En contra,En contra,A favor,En contra,En contra,En contra,En contra,En contra,En contra,En contra,En contra,En contra,A favor
20260930,202,11,110/000081,convenio,,,,Gobierno,False,Aprobada,290,4,46,A favor,A favor,Abstención,A favor,A favor,Abstención,Abstención,A favor,En contra,Dividido,A favor,A favor,Abstención
20260930,202,12,110/000082,convenio,,,,Gobierno,False,Aprobada,272,4,63,A favor,A favor,Abstención,Abstención,A favor,Abstención,Abstención,A favor,En contra,Dividido,A favor,A favor,Abstención
20260930,202,13,110/000083,convenio,,,,Gobierno,False,Aprobada,293,0,53,A favor,A favor,Abstención,A favor,Abstención,Abstención,Abstención,A favor,A favor,Dividido,A favor,A favor,Abstención
20260930,202,14,110/000084,convenio,,,,Gobierno,False,Aprobada,293,32,21,A favor,A favor,En contra,A favor,Abstención,Abstención,Abstención,A favor,A favor,Dividido,A favor,A favor,Abstención
20260930,202,15,110/000085,convenio,,,,Gobierno,False,Aprobada,301,33,12,A favor,A favor,En contra,A favor,A favor,Abstención,Abstención,A favor,A favor,Dividido,A favor,A favor,En contra
20260930,202,16,110/000086,convenio,,,,Gobierno,False,Aprobada,293,14,39,A favor,A favor,Abstención,A favor,En contra,Abstención,En contra,A favor,A favor,Dividido,A favor,A favor,Abstención
20260930,202,17,152/000008,otro,,,,,False,Aprobada,347,0,0,A favor,A favor,A favor,A favor,A favor,A favor,A favor,A favor,A favor,A favor,A favor,A favor,A favor
20260930,202,18,154/000006,otro,,,,,False,Aprobada,176,33,138,Abstención,A favor,En contra,A favor,A favor,A favor,A favor,A favor,A favor,A favor,A favor,A favor,En contra
20260930,202,19,121/000092,proyecto_ley,,,,Gobierno,False,Aprobada,342,5,0,A favor,A favor,A favor,A favor,A favor,A favor,A favor,En contra,A favor,A favor,A favor,A favor,A favor
20260930,202,20,042/000044,otro,,,,,False,Aprobada,343,1,2,A favor,A favor,A favor,A favor,A favor,A favor,A favor,A favor,A favor,Abstención,A favor,A favor,A favor
20260930,202,21,240/000002,otro,,,,,False,Aprobada,340,0,0,,,,,,,,,,,,,
